id,source_url,source_name,title,publication_date,targeted_vertical,country,summary,raw_excerpt,date_of_scrape,signal_type
1,https://www.bipt.be/consumers/telephone-internet-tv/comparing-operators/network-coverage,BIPT / IBPT,Network coverage,5/1/2026,Industry & Manufacturing,Belgium,"BIPT’s network coverage portal and measurement campaigns provide granular performance baselines across Belgium, including mobile and 5G coverage statistics that regulators and competitors use to benchmark rollouts. The regulator highlights different measurement initiatives and their purpose, which operators (including non-Orange competitors) cite when claiming superior coverage or performance for verticals such as manufacturing and ports.",The BIPT carries out various measurement campaigns and studies regarding mobile network performance and coverage.,2026-08-19T09:05:28.8008228,regulation
2,https://annual-report.bipt.be/wp-content/uploads/2026/05/BIPT-Annual-Report-2025.pdf,BIPT Annual Report 2025 (PDF),BIPT Annual report 2025,5/12/2026,Public Sector & Defense,Belgium,"BIPT’s 2025 annual report documents regulatory actions, monitoring of 5G inclusion in market analyses, scarce resources management, and oversight of new operators and antenna sites. The report provides evidence that Belgian competitors (notably Proximus and newcomers) are progressing network expansions and new infrastructure deployments faster than Orange in some segments and that regulatory monitoring is active for competition and sustainability.","The third edition of the qualitative study on fixed and mobile networks, now including 5G, confirms the good to very good coverage in Belgium.",2026-08-19T09:05:29.5241566,regulation
4,https://digital-strategy.ec.europa.eu/en/miscellaneous/germany-deutsche-telekom-deploys-private-5g-campus-network-port-hamburg,EU Digital Strategy (European Commission portal),Germany: Deutsche Telekom deploys private 5G campus network at Port of Hamburg,7/9/2026,Industry & Manufacturing (Ports / Logistics),Germany,"An EU digital strategy notice details Deutsche Telekom and Ericsson deploying a private 5G campus at Hamburg’s Altenwerder container terminal, covering ~1 km2 and connecting vehicles, sensors and IT systems in real time. This is an operational logistics deployment illustrating DT’s rapid execution in ports and smart logistics—areas where Orange has fewer publicized equivalents in Germany.","Deutsche Telekom, together with Ericsson, has deployed a private 5G campus network at the Container Terminal Altenwerder... covering an area of one square kilometre.",2026-08-19T09:05:31.1543972,regulation
5,https://tecknexus.com/5gusecase/deutsche-telekoms-private-5g-boosts-german-paper-mill-operations/,TeckNexus,Deutsche Telekom’s Private 5G Boosts German Paper Mill Operations,5/29/2024,Industry & Manufacturing,Germany,"Case study of Deutsche Telekom’s private 5G deployment at Hamburger Containerboard’s mill in Spremberg, highlighting real-world efficiency, safety, and large-area coverage benefits across a 350,000 m2 site. The deployment demonstrates DT’s emphasis on sector-specific private network rollouts and fast go-to-market for industrial customers compared with operators with less industrial traction.","Deutsche Telekom has implemented a private 5G network at Hamburger Containerboard's paper mill... enhancing operational efficiency and security across 350,000 square meters.",2026-08-19T09:05:31.9516539,analyst_report
6,https://www.rcrwireless.com/20260212/private-5g/vodafone-private-5g-173-vendors,RCR Wireless News,"Vodafone on private 5G – 173 networks, 20 countries, 60% on site, new vendors coming",2/12/2026,Industry & Manufacturing,Global,"Vodafone reported 173 private 5G networks across ~20 countries and noted a high proportion of live on-site deployments. The article underscores Vodafone’s scale in private networks and its vendor openness—allowing it to capture enterprise projects across manufacturing, ports and logistics faster than rivals still standardising offers.",Vodafone Business detailed 173 live private 5G deployments in around 20 countries... and delivered a candid verdict on the industry’s slow start.,2026-08-19T09:05:32.6936489,news
8,https://www.telecomstechnews.com/news/verizon-deploys-ericsson-private-5g-edge-networks-worldwide/,TelecomsTechNews,Verizon deploys Ericsson private 5G edge networks worldwide,6/16/2026,Industry & Manufacturing,Global,"Verizon expanded its alliance with Ericsson to deliver localized private 5G plus edge computing and cloud orchestration to global enterprises, enabling near-real-time processing for manufacturing and logistics. The move shows Verizon leveraging global operator-vendor partnerships and metro/fiber assets to scale enterprise edge services faster than competitors lacking the same integrated edge-fiber footprint.",Verizon has expanded its private 5G alliance with Ericsson to deliver localised edge computing and cloud orchestration to global enterprises.,2026-08-19T09:05:34.2138690,news
9,https://aws.amazon.com/blogs/industries/architecting-operational-models-for-private-mec-using-aws-hybrid-and-edge-services-with-verizon-private-5g-networks/,AWS Industry Blog,Architecting operational models for private MEC using AWS Hybrid and Edge services with Verizon Private 5G Networks,10/10/2024,Industry & Manufacturing,Global,"AWS documents operational models combining Verizon’s managed private MEC and private 5G to deliver low-latency on-premise processing and hybrid cloud orchestration, targeted at manufacturing and logistics. This demonstrates Verizon’s ecosystem approach with hyperscalers to offer enterprise-grade AI/edge services, a strategic advantage against operators slower to partner at hyperscaler depth.","Verizon’s managed private MEC solutions... bring near real-time insights, decision-making, and data security to on-premises locations of enterprise customers.",2026-08-19T09:05:34.9569885,news
10,https://www.telekom.com/en/company/details/5g-technology-in-campus-networks-556692,Deutsche Telekom (company insights),5G technology in industrial campus networks,6/1/2026,Industry & Manufacturing,Europe,"Deutsche Telekom’s technical briefing on 5G campus networks explains architectures (private vs hybrid), the dual-slice approach, and benefits for industrial automation. It highlights DT’s practical deployments and productisation of campus offerings—emphasising repeatable, cost-controlled solutions that let DT scale faster than operators without such packaged offers.","The two are still connected... to enable companies to communicate with partners, external service providers, or suppliers. Experts call this combination... a 'dual slice solution'.",2026-08-19T09:05:35.7781081,news
11,https://www.telefonica.com/en/communication-room/press-room/telefonica-leader-2026-gartner-magic-quadrant-4g-5g-private-mobile-network-services/,Telefónica (press release),Telefónica again a Leader in 2026 Gartner® Magic Quadrant™ for 4G and 5G Private Mobile Network Services,3/15/2026,Industry & Manufacturing / Finance & Insurance,Global,"Telefónica announces leading placement in Gartner’s 2026 Magic Quadrant for private mobile network services, citing a multi-vendor approach, advanced industrial services and hybrid private/public network models. This third-party recognition supports Telefónica’s market positioning and enterprise traction, indicating it is capturing private-network and cloud-integration deals in verticals like finance and industry more effectively than operators without similar endorsements.","Telefónica’s global 4G and 5G private network offering... features a multi-vendor approach, an advanced industrial services...",2026-08-19T09:05:36.5520106,press_release
12,https://www.rcrwireless.com/20260409/internet-of-things/att-private-5g-ai-grid,RCR Wireless News,"Cool heads, big ideas – AT&T ties private 5G to AI grid",4/9/2026,IT Services & Cloud Integration,Global,"RCR reports AT&T’s strategy linking private 5G deployments to an 'AI grid' approach with partners like Cisco and Nvidia—focusing on regional inference, edge AI, and cloud-to-edge orchestration. The strategic narrative shows AT&T pursuing integrated AI+connectivity solutions that can outpace operators offering connectivity-only propositions.","AT&T is positioning private 5G... tying its future instead to edge AI, spectrum pragmatism, and a broader 'AI grid' vision with partners like Cisco and Nvidia.",2026-08-19T09:05:37.3184395,news
13,https://www.rcrwireless.com/20260408/internet-of-things/att-ai-edge-nvidia-cisco-microsoft,RCR Wireless News (follow-up),"AT&T maps its AI-grid edge game with Nvidia, Cisco, Microsoft",4/8/2026,IT Services & Cloud Integration,Global,"Independent coverage of AT&T’s partnerships outlining the AI-grid concept—regional inference points, cloud partnerships and private 5G—underscores AT&T’s route to capture enterprise AI workloads at the edge, an approach that may accelerate enterprise wins versus operators with less integrated hyperscaler partnerships.","AT&T has clarified its AI 'grid' and IoT strategy, combining regional inference, cloud platforms, and private 5G...",2026-08-19T09:05:38.0844253,news
14,https://www.telecoms.com/5g-6g/proximus-launches-5g-sa-in-belgium,Telecoms.com,Proximus launches 5G SA in Belgium,4/7/2026,Retail & Customer Experience,Belgium,"Independent reporting on Proximus’s commercial launch of 5G+ (standalone), noting 92% population coverage and near-total coverage goals for 2026 end. It highlights Proximus enabling network slicing for services including emergency services and payments—an operator-level move that positions Proximus competitively against Orange in the Belgian market.",Proximus says it is the first telecom player in Belgium to offer 5G+ on a commercial scale... deployment remains limited in Europe.,2026-08-19T09:05:38.9269653,news
15,https://www.mobileeurope.co.uk/proximus-first-to-launch-5g-sa-in-belgium/,Mobile Europe,Proximus first to launch 5G SA in Belgium,4/7/2026,Industry & Manufacturing / Public Sector & Defense,Belgium,Mobile Europe covers Proximus’s 5G+ rollout and emphasizes the cloud-native core and stability benefits—enablers for enterprise and public-sector use cases such as critical services. The article signals Proximus taking a technological lead regionally that could accelerate vertical contracts ahead of Orange.,Proximus’ existing 5G network reaches 92% of the population... the transition to standalone networks represents a major technological upgrade.,2026-08-19T09:05:39.6801289,news
16,https://www.ofcom.org.uk/phones-and-broadband/telecoms-infrastructure/telecoms-access-review-2026,Ofcom (Telecoms Access Review 2026-31),Telecoms Access Review 2026-31,3/17/2026,Fiber / Industry & Manufacturing,United Kingdom,"Ofcom’s TAR 2026 sets the regulatory framework for UK fixed markets to 2031, prioritising gigabit-capable broadband and competition to drive fiber investment and wholesale frameworks. The review creates an environment enabling competitors (e.g., Vodafone, BT) to accelerate fiber and enterprise services, potentially outpacing operators not aligned to the new rules.",This review seeks to ensure that the UK’s broadband infrastructure is fit for the future and will aim to set the right environment to promote competition and investment in gigabit-capable broadband.,2026-08-19T09:05:41.0511151,regulation
17,https://www.ofcom.org.uk/phones-and-broadband/coverage-and-speeds/connected-nations-update-spring-2026,Ofcom (Connected Nations update: Spring 2026),Connected Nations update: Spring 2026,5/13/2026,Fiber / Retail,United Kingdom,Ofcom’s Connected Nations snapshot gives up-to-date coverage and fixed broadband availability as of January 2026—used by competitors to validate commercial claims around fibre/5G coverage and by enterprises planning vertical rollouts. Operators that demonstrate stronger metrics against this regulator report gain commercial leverage in enterprise and retail segments.,This report provides a snapshot of mobile coverage and fixed broadband availability across the UK as of January 2026.,2026-08-19T09:05:41.8954783,regulation
18,https://www.privatelteand5g.com/deutsche-telekom-and-ericsson-bring-private-5g-to-hamburgs-container-terminal-altenwerder/,Private LTE & 5G (industry site),Deutsche Telekom and Ericsson bring private 5G to Hamburg’s Container Terminal Altenwerder,6/20/2026,Industry & Manufacturing (Ports / Logistics),Europe,"Industry press details the Altenwerder port private 5G deployment, listing ecosystem partners and calling out the deployment’s scale and operational focus. The article stresses Deutsche Telekom’s speed-to-deploy and ecosystem orchestration—competencies that help it secure large vertical contracts quicker than operators with smaller enterprise propositions.","Covering an area of one square kilometre, the network connects vehicles, sensors, mobile devices and IT systems in real time.",2026-08-19T09:05:42.6090800,news
19,https://www.privatelteand5g.com/reports/private-cellular-network-deployments-report-2026/,Private LTE & 5G (report announcement),"Private Cellular Network Deployments Report, 2026",4/1/2026,Industry & Manufacturing / Logistics,Global,"A 2026 report cataloguing verified private network deployments worldwide and documenting production deployments across manufacturing, ports and utilities. The dataset demonstrates that certain global competitors (e.g., Vodafone, Deutsche Telekom, Verizon) have more verified enterprise projects than Orange in targeted verticals, indicating faster execution and market traction.",This exclusive report documents 70+ verified private network deployments across tens of countries...,2026-08-19T09:05:43.4908827,news
20,https://www.rcrwireless.com/20260310/network-infrastructure/verizon-fiber-metro-private-5g,RCR Wireless News,"Networking the AI economy – Verizon on global fiber, metro access, private 5G",3/10/2026,IT Services & Cloud Integration,Global,"Coverage of Verizon Business presentations positioning its backbone fiber, metro access and private 5G as foundational for the AI economy, connecting cloud models to inference workloads at the edge. The article shows Verizon leveraging its fiber footprint and enterprise portfolio to capture AI+connectivity opportunities across finance, retail and industry faster than operators with less converged assets.","Verizon Business on how its backbone fiber, metro access, and private network will serve the AI economy.",2026-08-19T09:05:44.2558833,news
21,https://www.bipt.be/consumers/publication/communication-of-11-august-2026-on-the-benchmarking-of-fixed-service-rates-in-belgium-rates-applicable-in-q2-2026,BIPT / IBPT,Communication of 11 August 2026 on the benchmarking of fixed service rates in Belgium (rates applicable in Q2 2026),8/11/2026,Fixed connectivity / IT Services & Cloud Integration,Belgium,"Belgium’s telecom regulator publishes its August 2026 benchmarking of fixed service rates, providing a current regulatory baseline for commercial fixed broadband pricing and market positioning. The report details operator retail/wholesale comparisons that influence operator go-to-market and investment choices in fiber and business fixed services. These benchmarks are being used by competing operators (e.g., Proximus, Telenet) to position enterprise connectivity offers and inform vertical-targeted commercial strategies.",The telecommunications market is a dynamic and constantly changing market in which operators perpetually reinvent themselves and offers change rapidly.,2026-08-19T09:45:08.3218716,regulation
22,https://www.bipt.be/consumers/publication/decision-of-7-april-2026-amending-decision-of-19-december-2023-concerning-local-private-networks-in-the-3800-4200-mhz-band-and-the-assignment-of-e-212-mobile-network-codes,BIPT / IBPT,Decision of 7 April 2026 amending decision of 19 December 2023 concerning local private networks in the 3800-4200 MHz band and the assignment of E.212 mobile network codes,4/7/2026,Industry & Manufacturing (Private 5G),Belgium,"BIPT updated technical and assignment rules for local private networks in the 3800–4200 MHz band, clarifying conditions for enterprise/private 5G deployments and mobile network code assignments. The decision lowers regulatory uncertainty for campus/private networks and accelerates the ability of operators and industrial customers to deploy standalone private 5G solutions. This regulatory move supports faster vertical rollouts (manufacturing, logistics) by Belgian competitors such as Proximus.",The decision concerns the portions of the 3800 MHz-4200 MHz band identified for local private networks and the technical conditions to use these networks.,2026-08-19T09:45:09.1018523,regulation
24,https://www.vodafone.com/business/products/cloud-and-edge/multi-access-edge-computing/dedicated-edge,Vodafone Business,Dedicated Edge Computing (Multi-access Edge Computing - MEC),8/18/2026,Retail & Customer Experience / FMCG,Global,"Vodafone’s Dedicated Edge (MEC) product page outlines multi-access edge computing services for ultra-low latency applications including video analytics, mixed reality and autonomous systems. The offering shows Vodafone packaging MEC and connectivity for retail and FMCG customers to deliver real-time personalization and in-store analytics, signalling Vodafone’s push to monetise edge+connectivity in verticals faster than rivals still prioritising broader network rollouts.","Dedicated MEC enables real-time processing at the edge for apps requiring ultra-low latency, such as mixed reality, video analytics and autonomous vehicles.",2026-08-19T09:45:10.8091804,news
25,https://www.vodafone.com/business/products/cloud-and-edge/multi-access-edge-computing,Vodafone Business,Multi-access Edge Computing (MEC) - Vodafone Business,8/18/2026,Retail & Customer Experience / IT Services & Cloud Integration,Global,"Vodafone emphasises bringing cloud capabilities closer to devices for real-time decision making in retail and enterprise environments. Their MEC strategy demonstrates tight integration of cloud, edge compute and connectivity to drive vertical digitalisation (retail, logistics), positioning Vodafone as a leader in edge-enabled services used to win vertical contracts.",Make decisions in real time and unlock new possibilities by bringing the cloud closer to your devices with Vodafone Business Multi-access Edge Computing (MEC).,2026-08-19T09:45:11.7057761,news
26,https://www.telefonica.com/en/wp-content/uploads/sites/5/2026/03/pr_telefonica_tech_gartner.pdf,Telefónica (press PDF),Telefónica again a Leader in 2026 Gartner® Magic Quadrant™ for 4G and 5G Private Mobile Network Services (PDF),3/24/2026,Industry & Manufacturing / IT Services & Cloud Integration,Global,"PDF press material supporting Telefónica’s Gartner recognition, detailing product capabilities and industrial services for private networks, including managed lifecycle and multi-vendor orchestration — a selling point for enterprise customers requiring complex integration (manufacturing, logistics, finance). It demonstrates Telefónica’s stronger enterprise proposition in private 5G compared with operators slower to publish multi-vendor managed services.",Telefónica has once again been recognised by Gartner as a Leader for its 4G and 5G private network offering.,2026-08-19T09:45:12.6019072,press_release
27,https://rcrwireless.com/20260408/internet-of-things/att-ai-edge-nvidia-cisco-microsoft,RCR Wireless / RCR Tech,"AT&T maps its AI-grid edge game with Nvidia, Cisco, Microsoft",4/8/2026,Industry & Manufacturing / IT Services & Cloud Integration,Global,"RCR Wireless analyses AT&T’s AI Grid strategy and partnerships with Nvidia, Cisco and Microsoft to deliver distributed AI inference at the network edge. The article explains how AT&T bundles private 5G, edge compute and AI inference to offer enterprise-grade solutions, suggesting AT&T is accelerating deployment of network-driven AI services for manufacturing and cloud-integrated use cases faster than some European operators.","AT&T has clarified its emerging AI “grid” and IoT strategy, combining regional inference, cloud platforms, and private 5G.",2026-08-19T09:45:13.3313386,news
28,https://about.att.com/story/2026/cisco-ai-grid-with-nvidia.html,AT&T (about.att.com),AT&T Leads Industry Collaboration with Cisco and NVIDIA,3/15/2026,IT Services & Cloud Integration / Finance & Insurance,Global,"AT&T published details of its collaboration on the Cisco AI Grid with Nvidia to bring on-demand AI inference closer to where enterprise data is created. The initiative integrates AT&T’s network, Nvidia accelerated compute and Cisco orchestration to enable low-latency AI applications, positioning AT&T to capture AI-enabled enterprise workloads and outpace competitors in delivering network-integrated AI services.",The Cisco AI Grid with NVIDIA is designed to bring on?demand AI inference closer to where data is generated.,2026-08-19T09:45:14.0859490,news
29,https://www.fierce-network.com/broadband/nvidia-gtc-att-cisco-put-ai-grid-work-network-edge,Fierce Network,"Nvidia GTC: AT&T, Cisco put AI Grid to work at the network edge",3/20/2026,Industry & Manufacturing / Retail,Global,"Fierce Network covered AT&T and partners demonstrating production deployments of the Cisco AI Grid, showing movement from prototypes to live edge deployments. Coverage emphasises how network operators become platform providers for AI workloads at the edge, enabling use cases in manufacturing and retail, and how AT&T’s approach may accelerate market wins compared to operators with less integrated AI-edge strategies.",AT&T and Cisco are putting Cisco AI Grid with Nvidia to work in production... transform telecom networks from data pipes into distributed AI platforms.,2026-08-19T09:45:14.8046954,news
30,https://docs.fcc.gov/public/attachments/FCC-26-9A1.pdf,Federal Communications Commission (FCC),Review of the Commission’s Rules Governing the 896–901/935–940 MHz Band - Report & Order (FCC-26-9),2/19/2026,Industry & Manufacturing / Public Sector & Defense,United States,"The FCC adopted a Report and Order enabling broadband deployment across the 900 MHz band, expanding spectrum access for utilities, critical infrastructure and enterprises for private wireless broadband. The rule change lowers a major barrier for private LTE/5G enterprise deployments in the U.S., enabling carriers and integrators to accelerate private network rollouts for manufacturing, energy and public sector customers.",The Report and Order would maximize the potential of the 896–901/935–940 MHz band by enabling broadband deployment on all ten megahertz of the band.,2026-08-19T09:45:15.5470916,regulation
31,https://www.fcc.gov/document/fcc-expands-broadband-spectrum-opportunities-900-mhz-band-0,Federal Communications Commission (fcc.gov) - news,FCC Expands Broadband Spectrum Opportunities in 900 MHz Band,2/19/2026,Industry & Manufacturing / Utilities,United States,"FCC’s announcement summarises the February 2026 decision to enable broadband across the 900 MHz band for enterprise/private deployments. The regulatory change is a market signal encouraging U.S. operators and system integrators (including Verizon and AT&T) to accelerate private wireless deployments for industrial clients and utilities, potentially outpacing operators constrained by spectrum availability in other countries.","The Federal Communications Commission adopted new rules to expand access to spectrum for utilities, critical infrastructure, and enterprise businesses deploying private 900 MHz broadband networks.",2026-08-19T09:45:16.3856290,regulation
32,https://www.rcrtech.com/rcrwirelessnews/a-peak-at-att-private-5g-strategy/,RCR Wireless News,A peak at AT&T private 5G strategy,4/8/2026,Industry & Manufacturing / Logistics,United States,"RCR Wireless summarises AT&T’s private 5G direction, including partnerships and the bundling of private networks with edge and AI services. The piece signals AT&T’s enterprise-first commercialisation, showing how a tightly integrated offering can capture manufacturing and logistics clients faster than competitors still selling standalone connectivity.","Here is a summary of AT&T’s rarely-heard position on private 5G, as scooped from the cutting room floor after today’s write-up about its AI grid strategy with Cisco.",2026-08-19T09:45:17.1197170,news
33,https://www.verizon.com/business/en-en/resources/articles/s/private-5g-use-cases-for-your-industry/,Verizon Business,Private 5G Use Cases for Your Industry,4/10/2026,Industry & Manufacturing / Retail / Healthcare,Global,"Verizon Business outlines private 5G use cases across manufacturing, energy, transportation, healthcare and retail, emphasising secure, reliable onsite connectivity for industrial automation, real-time analytics and asset tracking. The vendor-focused content shows Verizon actively packaging private network + edge + managed services to win vertical deals and demonstrates how Verizon and U.S. carriers are commercialising enterprise 5G aggressively.",Many businesses and public sector organizations across industries are already tapping private 5G for the mission-critical connectivity needed to enable their business processes and objectives.,2026-08-19T09:45:17.8318479,news
34,https://reports.investors.vodafone.com/view/500231330/,Vodafone - FY26 Annual Report,Vodafone Annual Report FY26,7/31/2026,Strategy / IT Services & Cloud Integration,Global,"Vodafone’s FY26 annual report details strategic priorities, including cloud & edge investments, enterprise services and a focused roadmap to monetise digital infrastructure for verticals. The report provides financial and strategic context explaining how Vodafone is directing capex and product development toward MEC and private networks to accelerate enterprise market share relative to operators less focused on enterprise transformation.",Strategic report ... Investment case ... Technology Committee ... Cloud & Edge ...,2026-08-19T09:45:18.5510108,analyst_report
35,https://digital-strategy.ec.europa.eu/en/miscellaneous/belgium-proximus-launches-commercial-5g-standalone-network-5g,European Commission - Digital Strategy,Belgium: Proximus launches commercial 5G standalone network as 5G+,4/7/2026,Industry & Manufacturing / Public Sector,Europe,"European Commission’s digital policy page records Proximus’s commercial launch of a standalone 5G service (5G+), including capabilities for slicing and voice over 5G. The entry highlights Proximus’s move to commercial standalone 5G earlier in 2026, showing regional competitive momentum and a capability set attractive to emergency services, payments and media verticals.","Proximus has announced the commercial launch of 5G+, its 5G standalone network, marking a new step in the evolution of its mobile infrastructure.",2026-08-19T09:45:19.2917764,regulation
36,https://www.proximus.com/news/2026/202604-proximus-first-in-belgium-to-launch-5g-plus.html,Proximus (press release / news),Proximus first operator to launch 5G+ in Belgium,4/7/2026,Industry & Manufacturing / Retail,Belgium,"Proximus announced the commercial roll-out of 5G+ (standalone 5G), targeting both consumer and enterprise customers with improved stability, voice over 5G and security, and enabling features such as network slicing for verticals. The launch is a regional signal that Proximus is moving faster to commercial standalone 5G than some competitors, enabling vertical-specific services.","Proximus announces the launch of 5G+, a major step forward in the evolution of its mobile network.",2026-08-19T09:45:20.0635420,press_release
37,https://www.gov.uk/government/publications/ofcom-growth-goals-2026-to-2027/ofcom-growth-goals-2026-to-2027,Ofcom (UK Government),Ofcom growth goals: 2026 to 2027,6/11/2026,Spectrum / Public Sector & Defense / IT Services,United Kingdom,"Ofcom’s 2026–27 growth goals outline regulatory priorities including spectrum workstreams, support for innovative wireless solutions, and telecoms access reviews that impact leased lines and PSTN migration. The plan signals an enabling regulatory environment for operators to pursue satellite, innovative wireless and private network solutions — a foundation that UK competitors (e.g., Vodafone UK, BT/EE) will use to accelerate enterprise and edge deployments.","Ofcom will publish decisions on expanding spectrum for satellite broadband on planes and ships, and innovative wireless broadband solutions for Wi?Fi, by Q3 2026 to 2027.",2026-08-19T09:45:20.8922705,regulation
39,https://www.intelligentcio.com/eu/2026/07/10/deutsche-telekom-and-ericsson-deploy-private-5g-campus-network-for-automated-hamburg-port-operations/,Intelligent CIO Europe,Deutsche Telekom and Ericsson deploy private 5G campus network for automated Hamburg port operations,7/10/2026,Industry & Manufacturing (logistics / automation),Germany,Independent reporting on the HHLA/Deutsche Telekom private 5G campus emphasises use-case readiness for autonomous logistics and DT’s use of locally allocated spectrum and Ericsson private 5G tech. The article highlights DT’s operational execution and ecosystem partnerships that accelerate industrial deployments versus slower competitors.,"The network provides secure, high-performance wireless connectivity for critical logistics processes, real-time applications and Digital Transformation initiatives.",2026-08-19T09:48:58.2175752,news
40,https://www.telekom.com/en/company/management-unplugged/details/innovation-leader-telekom-5g-advanced-1096584,Deutsche Telekom (telekom.com) - corporate media,Innovation leader Telekom: 5G Advanced,9/15/2025,Network Technology / Industry (5G Advanced rollout),Global,"Deutsche Telekom positions itself as a leader in 5G Advanced and describes nationwide 5G Standalone architecture and ongoing evolution of antennas and cores. The piece highlights DT's continuous investment to attach all 5G sites to a cloud-native core, allowing network slicing and enterprise services that push DT ahead of regional peers in standalone capabilities.",5G Standalone was already rolled out nationwide by Deutsche Telekom in 2023... all 5G antennas have been connected in parallel to the new 5G standalone core network...,2026-08-19T09:48:58.9641106,news
41,https://www.telekom.com/en/media/media-information/archive/telekom-and-microsoft-launch-campus-network-offering-1048758,Deutsche Telekom Media Information (archive),Deutsche Telekom and Microsoft launch Campus Network Smart offering,1/25/2024,Industry & Manufacturing / IT Services & Cloud Integration,Global,"Deutsche Telekom and Microsoft launched a standardized, Azure-based private 5G/MEC solution targeting SMBs and enterprises, integrating Azure private MEC and edge platform to reduce deployment barriers. The partnership demonstrates how competitors accelerate enterprise market capture by embedding cloud vendor capabilities into private network offers.","End-to-end solution based on Microsoft Azure private MEC including edge platform, networking to offer modern connected applications.",2026-08-19T09:48:59.6643473,press_release
42,https://www.vodafone.com/business/products/cloud-and-edge?categoryTitle=Case+studies,Vodafone Business - Cloud & Edge (case studies),Cloud & Edge - Vodafone Business (case studies and solutions),7/1/2026,Retail & Customer Experience / Industry (edge use cases),Global,"Vodafone Business promotes cloud & edge offerings and publish enterprise case studies showing private MEC and edge deployments across retail and manufacturing. The materials highlight Vodafone’s capability to bundle connectivity, edge compute and managed services—an approach enabling quicker enterprise rollouts compared with operators focusing on connectivity alone.",Vodafone Business Cloud & Edge services provide you with everything you need to kick off your cloud journey and accelerate your digital transformation.,2026-08-19T09:49:00.4148665,news
43,https://www.mobilesociety.co.uk/2026/01/phone/reports/telefonica-omdia-private-5g,MobileSociety (independent tech press),Omdia recognises Telefónica Tech's leadership in private 5G networks,1/30/2026,Industry & Manufacturing / Finance & Insurance (private 5G solutions),Global,"Analyst coverage highlights Telefónica Tech named by Omdia as a leader in private 5G networks for 2025-26, citing its strong industrial approach and portfolio. The recognition signals Telefónica’s capability to outpace rivals in verticalised private network offerings and capture enterprise market share in manufacturing, finance and utilities.",Omdia attributes this category to companies with leading solutions and that it considers worthy of inclusion in most technology selection lists.,2026-08-19T09:49:01.1506722,press_release
44,https://www.mobileeurope.co.uk/telefonica-hopes-to-accelerate-5g-private-networks-in-spain-with-nokia/,Mobile Europe,Telefónica pushes 5G private networks in Spain with Nokia tie-up,7/1/2024,Industry & Manufacturing / Logistics,Spain,"Mobile Europe reports Telefónica's strategic agreement with Nokia to deliver 100+ solutions for 90 use cases across cloud, private mobile networks and edge, aimed at accelerating enterprise deployments. The partnership highlights Telefónica’s accelerated capability to commercialise private 5G use cases in industry and logistics, challenging other European operators’ timelines.","The deal will ‘make available’ more than 100 solutions for 90 identified use cases across cloud, private mobile networks and edge...",2026-08-19T09:49:01.9195097,news
45,https://convergedigest.com/telefonica-accelerates-fiber-ai-automation-and-5g-investments-in-q1-2026/,Converge! Network Digest,"Telefónica Accelerates Fiber, AI Automation, and 5G Investments in Q1 2026",4/28/2026,Industry & Manufacturing / IT Services & Cloud Integration,Global,"Converge! reports Telefónica's Transform & Grow strategy ramping fiber passings, AI-driven operations and 5G coverage expansion (FTTH 74.9M premises passed; 5G coverage 81% in core markets). The article emphasises Telefónica’s faster infrastructure modernisation and legacy shutdowns compared with some regional rivals.","The company expanded FTTH coverage to 74.9 million premises passed, increased 5G coverage across core markets to 81%, and continued copper and legacy mobile shutdown programs...",2026-08-19T09:49:02.6470700,news
46,https://about.att.com/story/2026/connected-ai-for-manufacturing.html,AT&T Newsroom,AT&T Unveils Connected AI for Manufacturing,3/2/2026,Industry & Manufacturing (smart factories / edge AI),Global,"AT&T launched 'Connected AI for Manufacturing', an integrated platform combining 5G, IoT, edge compute and generative AI with partners (MicroAI, NVIDIA, Microsoft). The offering aims to reduce downtime and accelerate production optimisation at the edge, showing how AT&T is converting private 5G and edge investments into vertical-specific, enterprise-ready products faster than many global rivals.","By connecting diverse industrial assets and analyzing near real-time data, this platform delivers AI powered insights to boost productivity, cut downtime, and is designed to strengthen security...",2026-08-19T09:49:03.4063287,press_release
47,https://www.rcrwireless.com/20260305/internet-of-things/att-builds-out-connected-ai-strategy-for-industrial-edge,RCR Wireless News,AT&T builds out ‘connected AI’ strategy for industrial edge,3/5/2026,Industry & Manufacturing (industrial edge / AI),United States,RCR Wireless analyses AT&T’s Connected AI initiative and positions it as an enterprise-first strategy tying private 5G to an 'AI grid' with partners Cisco and NVIDIA. The article highlights AT&T’s approach to make private 5G a platform for AI at the edge—positioning it ahead of providers that treat private networks as incremental connectivity only.,"AT&T’s new ‘Connected AI’ platform combines 5G, IoT, and generative AI with accelerated computing from NVIDIA and edge AI capabilities from Microsoft Azure.",2026-08-19T09:49:04.1630905,news
48,https://www.verizon.com/business/products/5g-edge/,Verizon Business - 5G Edge,5G Edge: Mobile Edge Computing (MEC) | Verizon,6/1/2026,Industry & Manufacturing / Retail (edge computing use cases),Global,"Verizon’s 5G Edge product pages and white papers describe private MEC and 5G solutions aimed at low-latency enterprise applications across industry, retail and public sector. The material documents Verizon’s private MEC offers and cloud collaborations (e.g., AWS) and shows how Verizon packages connectivity+edge to accelerate enterprise deployments compared with operators focusing only on radio access.","5G Edge combines the power of our 5G network with mobile edge computing (MEC) to improve business efficiency, speed up data access, and drive performance.",2026-08-19T09:49:05.4393081,news
49,https://www.vodafone.com/business/news-and-insights/case-studies,Vodafone Business - Case Studies,Case studies - Vodafone Business,7/15/2026,Retail & Customer Experience / FMCG (enterprise case studies),Global,"Vodafone Business case studies catalogue show deployments across retail, FMCG and logistics using private networks, edge computing and cloud. The volume and variety of published use cases indicate Vodafone’s focus on converting trials to scalable enterprise offerings, enabling market share gains in verticals that may outpace operators slower to monetise use cases.","Spanning a wide range of industries, our case studies demonstrate how existing business customers are using solutions from across our portfolio.",2026-08-19T09:49:06.2301113,news
50,https://www.broadbandtvnews.com/2026/07/24/belgian-fibre-cooperation-cleared/,Broadband TV News,Belgian fibre cooperation cleared,7/24/2026,Fiber / Public Sector & Infrastructure,Belgium,"BroadbandTVNews reports that the Belgian Competition Authority approved cooperation between Proximus, Fiberklaar, Telenet and Wyre to accelerate gigabit fiber roll-out in Flanders. The clearance enables coordinated large-scale fiber deployments (over 2M homes/businesses), showing Proximus and partners potentially outpacing competitors in national fiber coverage expansion.","The Belgian Competition Authority has approved cooperation between Proximus, Fiberklaar, Telenet and Wyre to expand gigabit networks in Flanders.",2026-08-19T09:49:06.9582716,news
51,https://www.bipt.be/operatoren/publicatie/besluit-van-7-april-2026-tot-wijziging-van-het-besluit-van-19-december-2023-betreffende-de-private-lokale-netwerken-in-de-3800-4200mhz-band-en-de-toewijzing-van-e-212-mobiele-netwerkcodes,BIPT / IBPT (Dutch-language),Besluit van 7 april 2026 tot wijziging ... private lokale netwerken in de 3800-4200MHz-band,4/7/2026,"Industry & Manufacturing (private networks, spectrum)",Belgium,"Dutch-language publication of the BIPT decision setting technical and allocation rules for private/local networks in 3.8–4.2 GHz and E.212 code assignments. The amendment is targeted at enabling industrial campus and enterprise private 5G deployments, reducing time-to-market for providers that quickly adopt the new rules. National operators who rapidly capitalise on this (for example, Proximus) are positioned to capture enterprise verticals earlier than rivals that delay standalone deployments.",Het besluit heeft betrekking op de delen van de 3800-4200MHz-band die geïdentificeerd zijn voor private lokale netwerken en de technische gebruiksvoorwaarden van die netwerken.,2026-08-19T10:01:33.2878724,regulation
52,https://www.rcrwireless.com/20240523/featured/deutsche-telekom-deploys-private-5g-at-german-paper-mill,RCR Wireless News,Deutsche Telekom deploys private 5G at German paper mill,5/23/2024,Industry & Manufacturing (private 5G deployment),Germany,"RCR Wireless reports on DT's deployment of a standalone private 5G network across an expansive paper mill site, highlighting scale (120+ antennas) and full SA architecture. The article underscores DT's operational lead in executing large campus rollouts compared with operators that have fewer large-scale SA/private references, a factor enterprise buyers consider when choosing suppliers over incumbents who are slower to deliver.","The private 5G network includes more than 120 antennas delivering standalone 5G throughout 350,000 square meters.",2026-08-19T10:01:34.1049753,news
53,https://www.vodafone.com/news/newsroom/technology/vodafone-on-edge-of-something-big-in-europe-for-customers,Vodafone Newsroom,Vodafone on the edge of something big in Europe for customers,2/20/2026,"IT Services & Cloud Integration; Retail & Customer Experience (edge, transboundary apps)",Europe,"Vodafone outlines plans for a federated European edge infrastructure spanning multiple countries, partnering with operators, customers and tech vendors to co-create cross-border low-latency applications. The initiative positions Vodafone to capture multi-national enterprise and retail/commerce edge use cases, offering an execution roadmap that can outpace operators without a federated edge strategy or multi-country delivery capability.",Vodafone is moving forward in its exploration of a federated European edge digital infrastructure that encompasses several countries across Europe.,2026-08-19T10:01:34.8079992,press_release
54,https://iot.vodafone.com/case-studies,Vodafone IoT (case studies),Case studies | Vodafone IoT,7/1/2026,FMCG / Retail & Customer Experience / Healthcare (IoT use cases),Global,"Vodafone's IoT case study library documents customer deployments across smart cities, healthcare, and logistics (e.g., MOBA smart waste, Medisanté connected healthcare), demonstrating turnkey IoT connectivity, device management and platform services. These operational references show Vodafone converting IoT propositions into industry vertical wins—evidence of commercial momentum that can outflank operators with fewer verticalized case studies.","MOBA’s smart waste management solution uses Vodafone IoT connectivity to optimise collection routes, reduce emissions, and support cleaner, more efficient cities.",2026-08-19T10:01:35.5488910,news
55,https://news.europawire.eu/omdia-positions-telefonica-tech-among-market-leaders-for-private-5g-networks-supporting-enterprise-digital-transformation/eu-press-release/2026/01/30/15/03/38/168758/,EuropaWire (press distribution),Omdia Positions Telefónica Tech Among Market Leaders for Private 5G Networks,1/30/2026,Industry & Manufacturing / IT Services & Cloud Integration,Global,"Press release summarising Omdia's recognition of Telefónica Tech as a leader in private 5G strategies and products, citing a stronger industrial approach than many competitors. This analyst validation signals Telefónica's ability to capture enterprise verticals (manufacturing, utilities) and suggests it is outpacing operators that lack combined industrial services and multi-vendor portfolios.",The analyst firm attributes this category to companies with leading solutions and that it considers worthy of inclusion in most technology selection lists.,2026-08-19T10:01:36.3031399,press_release
56,https://www.telefonica.com/en/wp-content/uploads/sites/5/2026/01/PR-EN-Telefonica-Tech-Omdia-vf.pdf,Telefónica (PDF press release),Omdia recognises Telefónica Tech's leadership in private 5G networks (PDF),1/30/2026,Industry & Manufacturing / IT Services,Global,"Detailed press PDF describing Omdia's assessment and Telefónica Tech's private 5G portfolio, including hybrid/dedicated options and industrial services. The document emphasises Telefónica's portfolio depth and readiness to support vertical digital transformation, positioning the operator ahead of rivals that have less mature enterprise offerings.","The analysis firm highlights Telefónica Tech's solid portfolio and credentials, as well as its superior industrial approach compared to most of its competitors.",2026-08-19T10:01:37.0562840,press_release
57,https://marketpulseuk.co.uk/ofcom-expands-5g-licence-exemptions-24-march-2026,MarketPulseUK,"Ofcom expands 5G licence exemptions, 24 March 2026",3/24/2026,Industry & Manufacturing / Retail (spectrum regulation enabling private networks),United Kingdom,"Coverage of Ofcom's March 2026 changes extending licence exemptions (including 3.8–4.2 GHz and mmWave bands) which simplify enterprise access to 5G NR devices and local private network deployments. The regulatory change reduces barriers and benefits operators and vendors ready to sell private and edge solutions; operators with active shared-access strategies (e.g., Vodafone, local UK players) gain a commercial edge over rivals slower to align to the new regime.",New Ofcom rules (S.I. 2026/203) extend licence exemptions to 5G NR devices across more bands—including 3.8–4.2GHz and 26/40GHz.,2026-08-19T10:01:37.7648099,news
58,https://www.ofcom.org.uk/spectrum/frequencies/shared-access,Ofcom,Shared access licences,5/1/2026,Industry & Manufacturing (spectrum policy enabling private networks),United Kingdom,Ofcom's shared access licence framework and updates (including 2026 refreshes) aim to widen access to local spectrum for mobile private networks and enterprise innovators. The policy provides a structural advantage to operators and vendors who can operationalise shared licences across enterprise customers—improving time-to-deploy relative to operators in markets with more restrictive spectrum rules.,"The shared access licence is part of a new framework for enabling shared use of spectrum, aiming to make it easier for people and businesses to access spectrum for a wide range of local wireless connectivity applications.",2026-08-19T10:01:38.5705223,regulation
59,https://techpolicyinstitute.org/publications/broadband/spectrum-and-wireless/cbrs-in-2026-what-have-we-learned-panel-recap/,Tech Policy Institute,CBRS in 2026: What Have We Learned? Panel Recap,1/15/2026,Industry & Manufacturing / Public Sector & Defense (CBRS shared spectrum implications),United States,"Panel recap exploring CBRS evolution, deployments and policy status in 2026. The article highlights CBRS as a 'factory spectrum of record' in the U.S., the importance of SAS data, and regulatory timelines—advantages that U.S. operators and ecosystem players (and aggressive global entrants) exploit to move faster on private network rollouts than operators in regions lacking equivalent shared frameworks.","CBRS became the U.S. factory spectrum of record. This month's roundup spans deployments across manufacturing, ports, utilities, rail and defence.",2026-08-19T10:01:39.3329632,analyst_report
60,https://www.fierce-network.com/wireless/cbrs-enjoys-private-network-momentum-sns,Fierce Network,CBRS enjoys private network momentum: SNS,7/10/2026,Industry & Manufacturing / Utilities,United States,"Fierce Network reports on SNS Telecom & IT findings showing consistent investment in CBRS-based private networks, and a robust deployment pipeline across manufacturing and utilities. The story signals how U.S. market structures and operator strategies (including neutral-host providers and aggressive enterprise offers) are enabling faster private network rollouts compared with markets where operators are slower to adopt shared-spectrum plays.","Despite ... proposals to disrupt the CBRS shared spectrum framework, SNS Telecom & IT continues to see consistent investments in CBRS-based private networks.",2026-08-19T10:01:40.0107582,news
61,https://keybridgewireless.com/cbrs/p/metrics/us-distribution.xhtml,KeyBridge Wireless (CBRS metrics),US Distribution · CBRS Resources,2/1/2026,Industry & Manufacturing / Logistics (CBRS device and deployment metrics),United States,"KeyBridge provides up-to-date CBRS deployment statistics (CBSD counts, county distribution) showing extensive adoption by 2026 across U.S. counties. The data supports the narrative that U.S. operators, integrators and neutral-host firms have captured significant private-network share—translating into field momentum that can outpace multi-national operators who are less active in the CBRS ecosystem.","As of 2026-07-22: 446,346 CBSDs across 2,639 counties/areas in 56 states ... CBRS operates in the 3.5 GHz shared spectrum band and is commonly used for private LTE/5G networks.",2026-08-19T10:01:40.7229717,analyst_report
62,https://www.businesswire.com/news/home/20260130768981/en/Private-LTE-5G-Network-Ecosystem-Report-2025-2030-%247.2-Billion-Opportunities-Challenges-Strategies-Industry-Verticals-Forecasts---ResearchAndMarkets.com,BusinessWire (ResearchAndMarkets report announcement),Private LTE & 5G Network Ecosystem Report 2025-2030: $7.2 Billion Opportunities,1/30/2026,Industry & Manufacturing / Finance & Insurance (market forecasts for private networks),Global,"Market research summary forecasting private LTE/5G spending growth and vertical adoption, highlighting manufacturing, logistics, utilities and public sector as major revenue streams. The report reinforces that operators who already have vertical-focused products and field deployments will capture market share sooner than lagging competitors.","Global spending on private LTE and 5G network infrastructure for vertical industries will grow at a CAGR of approximately 22% between 2025 and 2028, eventually exceeding $7.2 billion by the end of 2028.",2026-08-19T10:01:41.4489377,press_release
63,https://www.broadbandtvnews.com/2026/04/07/proximus-launches-belgiums-first-standalone-5g-service/,BroadbandTV News,Proximus launches Belgium’s first standalone 5G service,4/7/2026,Retail & Customer Experience / IT Services (5G SA consumer and business availability),Belgium,"Industry media coverage of Proximus launching 5G SA (5G+) and planning wider residential/small-business availability. The article cites statistics comparing 5G SA adoption across regions (low in Europe), demonstrating how an operator that pushes SA commercially gains a market differentiation and enterprise readiness advantage over incumbents slower to commercialise SA.","Proximus has become the first operator in Belgium to launch a commercial standalone 5G service, branded 5G+.",2026-08-19T10:01:42.1891123,news
64,https://www.telecomrevieweurope.com/articles/telecom-operators/belgiums-proximus-unveils-5g-standalone-network/,Telecom Review Europe,Belgium’s Proximus Unveils 5G Standalone Network,4/8/2026,Industry & Manufacturing / IT Services (5G SA enabling enterprise services),Europe,"Telecom Review Europe summarises Proximus's rollout of a cloud-native standalone 5G core and commercial 5G+ service, noting population coverage and plans for near-total nationwide reach by end of 2026. The coverage positions Proximus as a fast executor in 5G SA deployment in Belgium—a clear signal of competitive advantage over operators in the same market that have not yet moved to SA.",Proximus’s existing 5G network already reaches 92% of Belgium’s population. The transition to standalone networks represents a major technological upgrade for the industry.,2026-08-19T10:01:42.9046236,news
65,https://www.bipt.be/operatoren/publicatie/werkplan-2026,BIPT / IBPT,Werkplan 2026,1/15/2026,Regulation / Digital infrastructure,Belgium,"Belgium's telecom regulator BIPT published its 2026 operational workplan outlining KPIs and deliverables tied to gigabit infrastructure, digital regulation, and sector monitoring. The plan includes preparatory measures for fibre?ready building technical specifications and targeted support for 5G vertical projects through 2026, setting a national regulatory baseline that competitors (and operators) must align to when executing rollouts and enterprise offers.","In het jaarlijkse werkplan worden de strategische doelstellingen uit het Strategisch Plan vertaald naar operationele doelstellingen ... fiches bevatten KPI’s, deliverables en deadlines.",2026-08-19T10:51:54.4952994,regulation
66,https://www.bipt.be/consumers/publication/operational-plan-2026,BIPT / IBPT,Operational plan 2026,1/15/2026,Regulation / Digital infrastructure,Belgium,"BIPT's operational plan for 2026 translates strategic goals into operational cards with KPIs and deadlines, explicitly prioritising digital regulation, infrastructure resilience and the telecom market monitoring that will shape competitive rollouts of fibre and 5G services for enterprise verticals in Belgium.",The Operational Plan is built on the Strategic Plan ... Each card encompasses different deliverables and deadlines constituting KPIs...,2026-08-19T10:51:54.9310110,regulation
67,https://report.telekom.com/interim-report-q2-2026/to-our-shareholders/highlights.html,Deutsche Telekom Interim Report Q2 2026,Highlights - Interim Report H1 2026 (Deutsche Telekom),8/6/2026,Fiber / Enterprise Infrastructure,Europe,Deutsche Telekom's interim report highlights rapid 5G and fiber expansion in H1 2026: near-universal 5G availability in Germany and strong fibre household reach (double digit millions). The report underscores DT's strategic prioritisation of fibre and enterprise digital infrastructure—evidence of execution that outpaces regional competitors in coverage and enterprise capability investments.,"As of June 30, 2026, our 5G network was available to around 99 % of the German population, and a total of 13.6 million households and companies can subscribe to a fiber-optic line with us.",2026-08-19T10:51:55.3727668,analyst_report
68,https://convergedigest.com/deutsche-telekom-fiber-5g-enterprise-infrastructure-q2-2026/,Converge! Network Digest,"Deutsche Telekom Highlights Fiber, 5G and Enterprise Infrastructure (Q2 2026)",8/6/2026,"Industry & Manufacturing, IT Services & Cloud",Europe,"Quarterly coverage of DT emphasises investment focus shift from pure consumer wireless to enterprise digital infrastructure including fibre, 5G, and cloud services. Converge! notes DT's accelerated enterprise footprint and fibre deployments which strengthen its position vis?à?vis competitors in delivering low?latency and on?premise services for verticals like manufacturing and logistics.","Deutsche Telekom reported another quarter of steady expansion ... highlighting continued investment in fiber broadband, 5G, cloud services, and enterprise digital infrastructure.",2026-08-19T10:51:56.2652979,news
69,https://www.rcrwireless.com/20260528/5g/deutsche-telekom-5g-3,RCR Wireless News,"Deutsche Telekom expands 5G network, activates new sites",5/28/2026,Connectivity / Transport & Logistics,Germany,"RCR Wireless reports Deutsche Telekom reached ~99% household 5G coverage and is decommissioning DSS in certain bands to dedicate spectrum to standalone 5G. The operational choices accelerate performance improvements and enterprise-grade 5G SLAs, signalling execution advantages over operators that are slower to re-farm spectrum or move to SA architectures.",Deutsche Telekom currently provides 5G coverage to around 99% of households across Germany ... discontinued Dynamic Spectrum Sharing (DSS) in the 2.1 GHz band.,2026-08-19T10:51:57.1826147,news
70,https://www.verizon.com/business/en-en/resources/edge/,Verizon Business Resources,5G Edge Computing Resources and Business Insights - Verizon,12/12/2025,Edge Computing / Industry & Manufacturing,Global,"Verizon's business pages detail its 5G Edge and MEC offerings, with enterprise whitepapers and use cases for XR, autonomous systems and industrial automation. Verizon is positioning edge and private MEC as core to enterprise AI workloads—backed by large fibre and edge investments—highlighting execution in the US that outpaces many global peers in fibre-backed edge footprint.","Find out how Edge computing technology combined with Verizon 5G connectivity is changing the way industries manage, analyze, and send data across enterprises.",2026-08-19T10:51:58.3487907,news
71,https://aws.amazon.com/solutions/case-studies/innovators/verizon/,AWS Case Studies (Verizon),"Verizon on AWS: Case Studies, Videos, Innovator Stories",3/2/2026,Cloud Integration / IT Services,Global,"AWS documents Verizon's use of Wavelength and hybrid cloud patterns to deliver low?latency mobile edge applications (autonomous robots, hazard monitoring). The partner case study shows Verizon converting its 5G and fibre assets into cloud-native edge services, demonstrating a go?to?market and technical integration speed that can capture enterprise cloud workloads faster than operators without deep hyperscaler integrations.","Developers can create and deploy low-latency applications on Verizon's 5G Edge platform using AWS Wavelength ... enabling safer, smarter cities with Verizon and AWS.",2026-08-19T10:51:59.2932304,news
72,https://www.rcrwireless.com/20260511/wireless/verizon-ai-and-edge,RCR Wireless News,Verizon’s Srini Kalapala on betting on AI and edge computing,5/11/2026,AI & Edge / Industry,United States,"Interview coverage with Verizon leadership emphasises large-scale fibre expansion (30M premises target), MEC and AI platform investments to automate network provisioning and serve enterprise AI workloads. The article outlines how Verizon's combined fibre, edge and AI investments give it a competitive advantage for enterprise services relative to operators with smaller fibre footprints.",Verizon is scaling its fiber footprint to 30 million premises while deploying AI and mobile edge computing to move beyond 5G and automate network provisioning.,2026-08-19T10:52:00.1742856,news
73,https://www.business.att.com/products/att-private-cellular-networks.html,AT&T Business,AT&T Private Cellular Networks,8/10/2026,Industry & Manufacturing / Public Sector,United States,"AT&T describes its private cellular offering with on?site small cells, local data control and custom RAN design, promoting enterprise control and security. The depth of AT&T's enterprise product docs and bundled partner ecosystem shows how the operator is packaging private network services and edge compute into turnkey enterprise solutions—an execution model that can outcompete operators that offer connectivity only.",Private Local Network ... On-site small cells ... Network Privacy ... Only SIM cards that are activated to your network will connect ... Keep your data where it’s generated for faster and private processing.,2026-08-19T10:52:00.6328304,news
74,https://gsacom.com/paper/private-mobile-networks-june-2026/,GSA (Global mobile Suppliers Association),Private Mobile Networks — June 2026 report,6/1/2026,Industry & Manufacturing / Enterprise,Global,"GSA's June 2026 private mobile networks report documents acceleration in enterprise LTE/5G private deployments and provides a dataset of verified deployments worldwide. The report highlights operators and vendors actively winning vertical contracts (ports, manufacturing, defence), identifying those executing multi?site rollouts faster—insights useful to benchmark Orange against global competitors who show stronger enterprise traction.","By the end of 1Q26, GSA had identified 2,003 organisations worldwide deploying private mobile networks ... Customer references have grown at a CAGR of 37% since 2019.",2026-08-19T10:52:01.0805703,analyst_report
75,https://stlpartners.com/articles/private-cellular/practical-steps-to-implementing-private-5g-case-study-on-manufacturing/,STL Partners,Practical steps to implementing private 5G: Case study on manufacturing,6/15/2026,Industry & Manufacturing,Global,"STL Partners presents a manufacturing private 5G case study with practical deployment steps, cost drivers, and integration patterns. The analysis highlights operators able to deliver integrated orchestration, edge compute and managed services (e.g., large global telcos) as realising faster time?to?value for manufacturers than operators offering connectivity only—providing a benchmark where Orange may lag versus certain competitors.","This article presents practical steps for manufacturers to follow when considering private 5G ... private 5G is a dedicated, on-premise cellular network that uses dedicated spectrum and operating functions.",2026-08-19T10:52:01.5160704,analyst_report
76,https://www.computerbild.de/artikel/cb-Tests-Handy-Mobilfunknetz-Test-fuer-2026-34919053.html,Computer Bild (Germany) - Network Test 2025/2026,"Mobilfunknetz-Test: Telekom, Vodafone, O2 – das beste Netz für 2026",10/31/2025,Network Performance / Consumer & Enterprise Mobility,Germany,"Computer Bild's nationwide network test compares Germany's major operators across coverage and speed. The test shows Deutsche Telekom leading on coverage and rural performance, with Vodafone and O2/O2 improving in cities—data demonstrating DT's operational lead in network quality and coverage execution, which serves as a competitive benchmark where Orange would be compared in its home markets.",Wie gut sind Deutschlands Handynetze? ... Der große COMPUTER BILD-Netztest 2025/2026 liefert die Antworten ... Telekom führt in Abdeckung und Tempo.,2026-08-19T10:52:02.6271267,news
77,https://www.bipt.be/consumers/questions-and-complaints/5g,BIPT / IBPT,5G - BIPT,5/1/2026,Industry & Manufacturing,Belgium,"BIPT's 5G guidance outlines spectrum band roles (3600 MHz for broad 5G rollout, 26 GHz for highest speeds) and stresses security and architecture concerns for large-scale deployments. The regulator emphasises industrial use-cases and the need for a regulatory framework supporting private and campus networks, which is enabling Belgian competitors and new entrants to accelerate specialized enterprise deployments. These regulator signals support faster commercial rollouts by operators that proactively adopt standalone 5G and industry-tailored spectrum strategies.",The 3600 MHz band: at the European level this band is considered to be the main band allowing a large-scale implementation of 5G... The 26 GHz band: This frequency band has the highest speeds.,2026-08-19T11:27:56.7001159,regulation
78,https://www.sites.bipt.be/,BIPT Antenne Site Platform,BIPT-Antennesite,6/1/2026,Network Infrastructure / Public Sector,Belgium,"BIPT's antenna site portal provides operational data on antenna locations, operators present, and construction status in Belgium. This transparency helps competitors and enterprise customers assess coverage and plan private network and edge rollouts quickly, benefitting operators who aggressively deploy sites and leverage regulator data to outpace more conservative incumbents. The dataset facilitates faster site acquisition and deployment planning for players moving into enterprise 5G and IoT segments.","BIPT-Antennesite provides information on antenna sites and their management in Belgium, supporting regulatory compliance and efficient communication infrastructure.",2026-08-19T11:27:57.6476829,regulation
79,https://digital-strategy.ec.europa.eu/en/node/17103/printable/pdf,European Commission / Digital Strategy (news item),Germany: Deutsche Telekom deploys a private 5G campus network at the port of Hamburg,7/9/2026,Industry & Manufacturing (Logistics),Germany,"The EC-documented deployment describes Deutsche Telekom and Ericsson's private 5G campus network at the Container Terminal Altenwerder (Port of Hamburg), covering ~1 km2 and linking vehicles, sensors and IT systems in real time. The project serves critical logistics and acts as a testbed for port automation — an operational edge/private-network implementation that demonstrates DT's faster enterprise adoption model versus slower competitors. The initiative underscores how operator–vendor partnerships accelerate real-world industrial rollouts.","Deutsche Telekom, together with Ericsson, has deployed a private 5G campus network at the Container Terminal Altenwerder... covering an area of one square kilometre.",2026-08-19T11:27:58.0721941,regulation
80,https://www.europesays.com/germany/52910/,EuropeSays,Deutsche Telekom Deploys Private 5G Campus Network for Automated Port,7/9/2026,Industry & Logistics,Germany,"This independent write-up on DT/Ericsson's Hamburg port private 5G highlights the network's role in automating container handling and supporting critical logistics processes. The coverage points to DT's capacity to scale campus networks rapidly in strategic industrial hubs, illustrating how DT captures market share in enterprise digitalisation ahead of more gradual competitors. It underscores that operator-led private network ecosystems in logistics deliver immediate productivity benefits.","At the Container Terminal Altenwerder operated by HHLA, Deutsche Telekom, together with Ericsson, has deployed a high-performance private 5G campus network.",2026-08-19T11:27:59.0623083,news
81,https://telefonicatech.com/en/news/noc-private-5g-network-management,Telefónica Tech,NOC and intelligent private 5G network management,12/1/2025,IT Services & Cloud Integration,Global,"Telefónica Tech describes a unified NOC for 24/7 private 5G network monitoring using automation and AI, enabling scalable management of enterprise campuses and hybrid architectures. This operational tooling accelerates Telefónica’s enterprise deployments by reducing O&M complexity — a differentiator that helps Telefónica win vertical contracts faster than operators lacking integrated management platforms. The capability supports manufacturing, logistics and finance customers seeking reliable, managed private networks.","Telefónica Tech shows how its NOC monitors and manages private 5G networks 24/7 using automation, AI and a unified platform to improve efficiency, control and scalability.",2026-08-19T11:27:59.9798958,news
82,https://www.vodafone.com/news/newsroom/technology/pan-european-federated-edge-continuum,Vodafone Newsroom,"Deutsche Telekom, Orange, Telefónica, TIM and Vodafone achieve the first pan-European federated Edge Continuum at MWC 2026",2/23/2026,Edge Computing / IT Services,Europe,"Vodafone and partner operators demonstrated a federated European Edge Continuum at MWC 2026 enabling cross-border edge workloads across major operators. The publicised milestone positions Vodafone (and collaborating telcos) as frontrunners in federated edge infrastructure for enterprise cloud and IoT services, allowing them to attract multinational customers and vertical deployments more rapidly than operators with only national edge footprints. The initiative shows competitive momentum in edge federation and multi-operator cloud offerings.","At Mobile World Congress 2026, the telcos announce the first live demonstration of the European Edge Continuum, a federated edge spanning the five largest operators in Europe.",2026-08-19T11:28:01.0641330,press_release
83,https://www.gsma.com/get-involved/gsma_foundry/gsma_resources/mwc26-barcelona-flexible-manufacturing-powered-by-private-5g-and-edge-ai-video-interview-with-verizon-and-nokia/,GSMA Foundry,"MWC26 Barcelona | Flexible Manufacturing, Powered by Private 5G and Edge AI",3/18/2026,Industry & Manufacturing,Global,"GSMA's MWC26 feature covers Verizon and Nokia's demo that showcases private 5G, edge computing and AI transforming factory floors into flexible, lot-size-one production environments. The demonstration reflects Verizon's rapid movement from demos to compelling vertical narratives that help win manufacturing customers, a faster commercial trajectory than some competitors. GSMA highlights ecosystem collaboration as a key acceleration lever for operator-led vertical transformations.","At the GSMA Pavilion at MWC Barcelona 2026, Verizon and Nokia showcased how private 5G, edge computing and AI are transforming the factory floor.",2026-08-19T11:28:02.1219173,news
84,https://itdaily.com/blogs/network/proximus-lanceert-5g-plus/,ITdaily,Proximus launches ‘5G+’ in Belgium: 5G to the core,4/15/2026,Retail & Customer Experience / Industry,Belgium,"This article reports Proximus’s commercial launch of 5G Standalone (5G+) in Belgium, describing the cloud-native 5G core and benefits for end-users and enterprises. By moving early to 5G SA, Proximus positions itself to deliver low-latency services, edge integration and enterprise private network options faster than operators still relying on NSA architectures, creating a competitive advantage in both consumer and B2B segments.",5G+ utilises a completely independent cloud-native 5G core and therefore consists of 5G infrastructure from head to toe.,2026-08-19T11:28:02.6608527,news
85,https://ict.proximus.be/5g-private-network/why-proximus,Proximus ICT (B2B site),Empowering business innovation through 5G Private Networks - Proximus,3/1/2026,Industry & Manufacturing,Belgium,"Proximus details its 5G Private Network offerings, case studies in Charleroi and Kortrijk, and co-creation labs with universities to accelerate enterprise adoption. The operator's active co-creation and local testbeds enable faster proof-to-production cycles for industrial customers compared with operators lacking localised engagement or labs. That operational posture helps Proximus secure vertical deals in Belgium and neighbouring markets.","By co-creating the first 5G Private Network in Charleroi, the aim is to bring the technology to an industrial location to create new applications.",2026-08-19T11:28:03.5976963,news
86,https://itcblogs.currentanalysis.com/2024/05/28/vodafone-5g-edge-update-notes-maturing-portfolio-and-customers/,Current Analysis (ITC Blogs),Vodafone 5G Edge update notes maturing portfolio — and customers,5/28/2024,Edge Computing / Retail & Customer Experience,Europe,"Current Analysis reviews Vodafone’s maturing 5G edge portfolio and early live customer cases, noting a shift from PoC to commercial deployments. The analysis argues Vodafone’s developer programmes, edge labs and federated edge initiatives accelerate customer adoption and revenue capture compared with operators slower to provide developer ecosystems and cross-border edge infrastructure. That market-facing focus helps Vodafone convert trials into scalable retail and customer-experience solutions.","Vodafone emphasises its edge innovation program for developers looking to leverage either distributed or dedicated MEC, and its edge labs, which provide practical access to its engineering resources and ecosystem partners.",2026-08-19T11:28:04.4825061,analyst_report
87,https://www.rcrwireless.com/20260213/private-5g/two-vodafones-private-5g-uptime,RCR Wireless / RCR Tech,A tale of two Vodafones – five private 5G takeaways,2/13/2026,Industry & Manufacturing (Private 5G market dynamics),Global,"This analytical piece contrasts Vodafone Business' growing global private 5G footprint with regional policy or execution challenges in other markets; it signals Vodafone's ability to win repeat enterprise business in multiple geographies, a go-to-market agility that can outpace Orange if Orange's enterprise expansion is slower or less repeatable.","From global deployments at Vodafone Business to policy gridlock at Vodafone Idea, plus the exit of Nokia, the private 5G market looks both more mature and more fragile.",2026-08-19T12:19:29.4003974,news
88,https://www.nokia.com/newsroom/nokia-and-telefonica-collaborate-to-develop-the-private-network-market/,Nokia - Newsroom,Nokia and Telefónica collaborate to develop the private network market,7/1/2024,Industry & Manufacturing / IT Services,Spain,"Nokia’s announcement of collaboration with Telefónica (dates and scope described) explains a vendor/operator partnership to accelerate private 5G adoption in Spain, giving Telefónica access to Nokia’s enterprise solutions—an ecosystem advantage that helps Telefónica scale faster in verticals than operators without similar vendor alignment, including Orange in some markets.",Nokia announced an agreement with Telefonica... to drive the development of the 5G private network market in Spain.,2026-08-19T12:19:30.0213850,press_release
89,https://www.business.att.com/products/att-private-5g-edge.html,AT&T Business,AT&T Private 5G Edge,6/1/2026,Industry & Manufacturing / IT Services (Edge + Private 5G),United States,"AT&T’s product page details a combined private 5G and high-performance edge compute offering co-developed with cloud and accelerator partners. The bundling of private 5G, on-prem edge compute and multi-cloud integration illustrates AT&T’s productization that accelerates enterprise deployments and may outpace operators that keep network and compute separate.","A single platform solution, codeveloped with Microsoft, that delivers high-end computing and graphical processing power with the 5G network.",2026-08-19T12:19:30.4951009,news
90,https://www.verizon.com/business/resources/lp/5g-edge-manufacturing/,Verizon Business Resources,Verizon 5G Edge with AWS Outposts - Powering the future of real-time manufacturing,7/18/2025,Industry & Manufacturing (MEC + Cloud integration),United States,"Verizon’s integration of 5G Edge with AWS Outposts creates a managed private MEC architecture for manufacturers to run latency-sensitive applications on-premises while integrating with AWS. This cloud-edge operator-vendor orchestration is an example of how Verizon accelerates enterprise adoption—demonstrating a faster, integrated solution compared to providers that lack tight hyperscaler co-engineering.","5G Edge with AWS Outposts delivers an innovative private mobile edge computing (MEC) architecture that enables the development and delivery of large-scale, latency-sensitive applications.",2026-08-19T12:19:31.0097558,news
91,https://www.bipt.be/consumers/radio-frequencies/professional-use/private-broadband-local-wireless-networks,BIPT / IBPT - Private broadband local wireless networks,Private broadband local wireless networks,12/19/2024,Industry & Manufacturing,Belgium,"BIPT’s guidance page explains the concept and regulatory approach to private broadband local wireless networks and points to the December 2023 decision (amended 2026). It frames private 5G as ideal for industrial automation and other enterprise verticals, and describes the conditions for authorisations and spectrum allocation for local private networks. This regulatory baseline supports non-Orange players (local integrators, competitors) to accelerate industrial 5G rollouts in Belgium.","The conditions for exercising the authorizations are fixed by the decision of December 19, 2023, amended by the decision of April 7, 2026.",2026-08-19T12:30:24.0544988,regulation
92,https://telecomobserver.com/croatian-airports-deutsche-telekom-5g-sa-private-networks/,TelecomObserver,Croatian Airports Deploy Deutsche Telekom 5G SA Private Networks for NextGen Airports,2/19/2026,Public Sector & Transportation (Airports),Europe,"TelecomObserver reports that Hrvatski Telekom (Deutsche Telekom group) is deploying standalone 5G (5G SA) private networks at three Croatian airports under the EU-funded NextGen 5G Airports project, supported by CEF funding. The deployments are mission-critical (airside operations, baggage, logistics) and emphasise DT’s multi-site, publicly funded enterprise wins. This signal highlights DT executing multi-site, funded vertical rollouts—and outpacing operators that prioritise consumer coverage over industrial campus projects.","Hrvatski Telekom (HT), the Croatian subsidiary of Deutsche Telekom, is deploying private, standalone (SA) 5G networks at three major Croatian airports—Zagreb, Zadar, and Pula...",2026-08-19T12:30:24.8720504,news
93,https://www.rcrwireless.com/20260515/network-infrastructure/vodafone-federated-european-edge-sovereign-iot-ai,RCR Wireless News,Vodafone talks-up federated European telco edge-cloud for sovereign IoT and AI,5/15/2026,IT Services & Cloud Integration / Retail & Customer Experience,Global,"RCR Wireless reports Vodafone promoting a federated European telco edge-cloud initiative aimed at sovereign IoT and AI workloads across borders. The article explains Vodafone’s push to create a telco-owned edge fabric to host sensitive enterprise AI and IoT services, positioning operators as sovereign alternatives to hyperscalers. This strategic initiative suggests Vodafone is investing heavily in edge & AI infrastructure to capture enterprise verticals—potentially outpacing Orange where operator-edge federation is less advanced.","Vodafone and other major European operators are advancing a federated telco edge-cloud designed to support sovereign AI and IoT workloads, positioning it as a home-grown alternative to hyperscaler platforms.",2026-08-19T12:30:25.7819910,news
94,https://www.ofcom.org.uk/phones-and-broadband/coverage-and-speeds/connected-nations-planned-network-deployment/connected-nations-planned-network-deployments-2026,Ofcom - Connected Nations Planned Network Deployments 2026,Connected Nations - Planned Network Deployments 2026,5/13/2026,Fiber / Industry & Manufacturing,United Kingdom,"Ofcom’s 2026 Connected Nations report details planned deployments of full-fibre and gigabit-capable networks through 2028, including operator roll-out commitments and geographic coverage estimates. The report highlights where telcos (including non-Orange players) are investing in fibre and shared infrastructure—critical for edge and low-latency vertical services. These regulator findings show competitor investment commitments (fibre and 5G backhaul) that can enable faster vertical deployments than operators with slower fibre buildouts.",Our 2026 report on planned deployments of very high-capacity networks examines the increase in full-fibre and gigabit-capable network coverage anticipated by the end of 2028.,2026-08-19T12:30:26.7120581,regulation
95,https://docs.fcc.gov/public/attachments/DA-26-470A1.pdf,Federal Communications Commission (FCC),Memorandum Opinion and Order (WT Docket) — AT&T Mobility II LLC and EchoStar Corporation assignments,5/12/2026,Spectrum / IT Services & Cloud Integration,United States,"The FCC’s May 12, 2026 Memorandum Opinion and Order approves major spectrum and transaction matters advancing next-gen wireless capabilities and direct-to-device services. The action is part of a broader FCC push to unlock mid-band spectrum and other resources that U.S. carriers (AT&T, Verizon, T?Mobile) can leverage for private networks, D2D use cases and edge services—enabling U.S. operators to accelerate enterprise rollouts compared with European peers constrained by different spectrum policies.",The FCC takes another step today towards restoring America’s leadership in wireless. We do so by approving a transfer of spectrum that will extend high-speed wireless services to even more Americans.,2026-08-19T12:30:27.4409371,regulation
96,https://www.ericsson.com/en/press-releases/2026/6/ericsson-private-5g-for-verizon-business,Ericsson Press Releases,Ericsson Private 5G for Verizon Business private networks,6/15/2026,Industry & Manufacturing / IT Services & Cloud Integration,Global,"Ericsson announced its Private 5G solution is now available for Verizon Business’ private wireless deployments internationally, enabling enterprise customers to replicate private 5G + MEC capabilities outside the U.S. The vendor-operator deal accelerates multinational customers’ ability to deploy consistent on-prem connectivity and edge services—giving Verizon a competitive edge when selling global industrial and logistics solutions.","Ericsson announced today its private wireless networking solution, Ericsson Private 5G, is now available through Verizon Business private wireless deployments beyond U.S. borders.",2026-08-19T12:30:28.2742874,press_release
97,https://www.tecknexus.com/private-network-insights-may-2026/,TeckNexus - Private Network Insights (newsletter/analysis),"Private Network Insights, May 2026: CBRS becomes the factory-floor default",5/1/2026,Industry & Manufacturing,Global,"TeckNexus’ May 2026 private network roundup highlights CBRS dominance in U.S. private 5G, multi-vendor ecosystem developments, and deployment examples across manufacturing, ports and utilities. The analysis notes a rapid enterprise pivot to on-prem edge + private cellular, giving U.S.-based operators and integrators a time-to-market advantage versus European incumbents constrained by different spectrum regimes. The research provides market context explaining why some competitors are capturing manufacturing projects ahead of Orange.","Private 5G became an industrial default in May 2026, with CBRS now the U.S. factory spectrum of record.",2026-08-19T12:30:29.0106107,analyst_report
98,https://www.fierce-network.com/wireless/exclusive-new-study-sizes-cbrs-impact-manufacturing,Fierce Network,Exclusive: New study sizes up CBRS impact on private networks (manufacturing),4/20/2026,Industry & Manufacturing,United States,"Fierce Network reports on an Analysys Mason study (commissioned by industry groups) showing CBRS as the leading spectrum choice for private 5G in U.S. manufacturing, with a high share of deployments already using CBRS. The study underscores policy-driven acceleration of private networks in the U.S., enabling American operators and systems integrators to win manufacturing deals at scale—in some markets outpacing European telcos that face different spectrum allocation and licensing timelines.","A study by Analysys Mason underscores the importance of the Citizens Broadband Radio Service (CBRS) band, estimating that 75% of private 5G networks in the U.S. use CBRS.",2026-08-19T12:30:29.8172812,news
100,https://www.vodafone.com/news/newsroom/corporate-and-financial/vodafone-2026-fast-forward,Vodafone Newsroom,Vodafone 2026: Fast Forward,1/10/2026,"Broad / Satellite, Edge and Resilience (enterprise services)",Global,"Vodafone’s 2026 positioning piece outlines strategic bets including satellite connectivity, edge computing, and enterprise digital services designed to increase resilience and expand B2B revenue. The narrative frames Vodafone as proactively expanding connectivity modalities and B2B service stacks—moves that enable faster market capture in enterprise resilience and edge services compared with operators that remain focused on core mobile retail. The document signals Vodafone’s intent to bundle emerging connectivity types to win enterprise verticals.",2026 will be the year satellite connectivity transforms business resilience and growth.,2026-08-19T12:33:13.7167709,press_release
101,https://www.telefonica.com/en/wp-content/uploads/sites/5/2026/07/q2-2026-telefonica-results-press-release.pdf,Telefónica (press release PDF),"Telefónica posts an adjusted EBITDA of €5,768 million (+3.8 per cent) in the first half of the year and upgrades its operating cash flow forecast for 2026",7/29/2026,IT Services & Cloud Integration; Finance & Corporate strategy,Global,"Telefónica’s Q2 2026 results and accompanying commentary highlight accelerated investments in fiber, AI-driven automation, and 5G coverage expansion, with material growth in profitability and cash flow. Telefónica quantifies FTTH passes and 5G coverage gains, and outlines cloud/edge and AI initiatives that strengthen its enterprise offers—moves that can translate into faster enterprise traction than rivals slower to integrate AI and edge continuity. The financial data provides evidence of effective execution on infrastructure modernization.","The company expanded FTTH coverage to 74.9 million premises passed, increased 5G coverage across core markets to 81%...",2026-08-19T12:33:14.5428222,press_release
102,https://www.rcrwireless.com/20260514/carriers/telefonica-brazil-germany-ai-infra-cap,RCR Wireless News,"Telefónica leans on Brazil growth and German discipline, and caps AI ...",5/14/2026,Finance & Insurance; IT Services & Cloud Integration,Global,"RCR Wireless analyzes Telefónica’s 2026 performance, noting growth drivers in Brazil and disciplined capital deployment in Europe, while also discussing its AI infrastructure ambitions. The piece contrasts Telefónica’s acceleration in AI and infrastructure to peers, suggesting Telefónica may outpace operators slower to reallocate capital to AI-gigafactory and edge programs. This competitive dynamic can affect enterprise win-rates in sectors needing AI-integrated connectivity.","Telefónica opened 2026 with steady growth, stronger profitability, and lower debt, driven largely by a surge in Brazil...",2026-08-19T12:33:15.3334192,news
103,https://www.proximus.be/en/id_b_cl_5g_facthory/companies-and-public-sector/news/news-blog/customer-talks/smart-production-with-5g-private-network.html,Proximus NXT (Proximus enterprise blog),Thor Park & Proximus NXT improving production efficiency,9/10/2025,Industry & Manufacturing (smart production),Belgium,"Proximus NXT describes a private 5G deployment at FacThory (Genk) supporting IoT and AI trials to improve production efficiency. The piece details collaborative testbeds enabling local manufacturers to experiment with 5G-driven automation, illustrating Proximus’ field execution in bringing applied use-cases to market. This rapid co-creation model illustrates how Proximus converts R&D into commercial propositions faster than operators with more centralized productization timelines.","Only by adopting smart innovation will Belgian manufacturing have a future. At FacThory in Genk, ideas... can be tested with a private 5G network from Proximus NXT.",2026-08-19T12:33:16.2928069,news
104,https://www.verizon.com/business/solutions/5g/edge-computing/industry-use-cases-examples/,Verizon Business (edge use cases),Edge Computing Use Cases & Examples — Verizon,7/1/2026,Industry & Manufacturing; Retail; Public Sector (edge use-cases),Global,"Verizon’s business resources catalogue numerous 5G Edge and MEC use cases across industries—autonomous robots, hazard monitoring, low-latency retail experiences—showing Verizon’s operational playbook for delivering low-latency applications. The documentation demonstrates Verizon’s integrated edge+connectivity productization that helps them win enterprise vertical deployments more rapidly than carriers with less mature edge portfolios. This content is deployed as sales-facing material to accelerate enterprise adoption.",Discover the many possibilities of the edge with these edge computing use cases from Verizon.,2026-08-19T12:33:17.1061867,news
105,https://finance.yahoo.com/technology/articles/private-5g-market-report-2026-142800265.html,Yahoo Finance (press release / market report summary),Private 5G Market Report 2026-2030: Profiles More Than a Thousand Ecosystem Players,8/13/2026,Industry & Manufacturing; Public Sector & Defense (market sizing),Global,"A 2026 market report (syndicated on Yahoo Finance) forecasts rapid private 5G investment growth and catalogs many case studies and players, noting multi-national industrial rollouts and public safety/defense programs. The market analysis supports the trend that operators and specialist integrators who move quickly to scale private 5G and MEC win vertical contracts and share. This aggregated market intelligence shows how faster-executing competitors can seize enterprise demand ahead of more conservative incumbents.",The report projects that annual investments in private 5G networks for vertical industries will grow at a CAGR of approximately 34% between 2026 and 2029...,2026-08-19T12:33:17.8426626,press_release
106,https://www.bipt.be/consumers/publication/consultation-regarding-the-draft-decision-on-the-rights-of-use-of-orange-belgium-in-the-26-ghz-frequency-band-2026,BIPT / IBPT,Consultation regarding the draft decision on the rights of use of Orange Belgium in the 26 GHz frequency band (2026),6/2/2026,Industry & Manufacturing (spectrum for private/public use),Belgium,"BIPT published a formal consultation on Orange Belgium’s request to waive certain 26 GHz sub-band rights and retain others for several years. The regulator’s draft decision signals an active national approach to millimetre-wave resource management for both public and local private networks, influencing competitive positioning for private 5G and industrial use cases. This regulatory scrutiny creates openings for rivals (e.g., Proximus, international vendors) to press advantages in industrial spectrum access and enterprise offerings if Orange’s rights are constrained.","The decision concerns Orange Belgium’s wish to: waive its rights of use for a sub-band in the 26 GHz band; be granted rights of use for each remaining link still in use in the 26 GHz band, and this for several years.",2026-08-19T12:43:29.9396390,regulation
107,https://www.bipt.be/operators/publication/decision-of-28-january-2026-on-the-implementing-rules-for-the-communication-of-the-most-advantageous-tariff-plan-pursuant-to-article-109-of-the-eca,BIPT / IBPT,Decision of 28 January 2026 on the implementing rules for the communication of the most advantageous tariff plan pursuant to Article 109 of the ECA,1/28/2026,Retail & Customer Experience (pricing transparency),Belgium,"BIPT issued implementing rules to force clearer communication of the ‘most advantageous tariff plan’ by operators. The decision raises competitive pressure on incumbents to simplify offers and improve customer transparency, benefitting rivals that can rapidly adapt commercial messaging. Operators with agile retail pricing and digital channels (including non-Orange players) can exploit this regulatory push to capture consumer segments if Orange lags in compliance or streamlined propositions.",This decision lays down the implementing rules for the communication obligation regarding the most advantageous tariff plan pursuant to Article 109 of the Act of 13 June 2005 on electronic communications.,2026-08-19T12:43:30.8579948,regulation
108,https://telefonicatech.com/en/news/telefonica-tech-leader-gartner-magic-quadrant-private-networks-4g-5g,Telefónica Tech (news),Our 4G and 5G private network offering is again a Leader in the Gartner MQ,3/1/2026,Industry & Manufacturing; Finance & Insurance (managed private networks),Global,"Telefónica Tech announced recognition as a Leader in Gartner’s 2026 Magic Quadrant for 4G and 5G private mobile network services, emphasising multi-vendor, hybrid and dedicated private network models for industrial and enterprise use cases. The recognition highlights Telefónica’s maturity in managed private networks, network automation and NOC capabilities, strengthening competitive claims against other telcos including Orange. Customers seeking robust managed private network operations may prefer Telefónica Tech where it demonstrates stronger third-party validation and operational readiness.","Telefónica Tech has been recognised again as a Leader in the 2026 Gartner Magic Quadrant for 4G and 5G private networks, offering dedicated and hybrid solutions for industrial environments.",2026-08-19T12:43:32.2654753,news
109,https://www.verizon.com/about/news/verizon-nvidia-power-ai-workloads-5g-private-networks-mec,Verizon (news),Verizon collaborates with NVIDIA to power AI workloads on 5G private networks with Mobile Edge Compute,12/17/2024,Industry & Manufacturing; Retail & Customer Experience (AI at edge),Global,"Verizon announced a collaboration with NVIDIA to integrate GPU-based AI stacks into private 5G plus private MEC, enabling on-premise AI inference and workloads for enterprise customers. The offering highlights Verizon’s strategy to position telecom assets (dense fibre, private 5G, MEC) as AI infrastructure for enterprise workloads. This combined connectivity + AI compute model gives Verizon a clear enterprise pitch that can accelerate customer wins in manufacturing and retail relative to operators offering only connectivity (a strategic threat to Orange Business if not matched).","Verizon’s reliable, secure private 5G network and Private Mobile Edge Compute (MEC) with NVIDIA AI combine to deliver powerful, real-time AI services at the edge.",2026-08-19T12:43:32.8608284,news
110,https://www.verizon.com/about/news/2026-connected-retail-experience-study,Verizon (insight/press),"2026 Connected Retail Experience Study — 'The New Omnichannel Imperative: AI Is Required to Compete, Yet Hard to Implement'",4/20/2026,Retail & Customer Experience,Global,"Verizon, partnering with Cisco and Incisiv, published a 2026 retail study arguing that AI-driven omnichannel retail depends on modernised networks and edge compute. The report positions Verizon as an enabler of retail AI with integrated connectivity, MEC and systems integration capabilities. The insight supports Verizon’s commercial narrative that integrated network+AI solutions are essential—potentially outpacing competitors like Orange where operators have yet to deliver equally integrated retail platforms.","The path forward for retail success lies not in any one technology, but in building a unified, connected digital platform supporting three core pillars: empowering a mobile-first workforce, closing the AI ambition-to-execution gap, and modernizing the network as the bedrock for both.",2026-08-19T12:43:33.7338435,press_release
111,https://rcrtech.com/rcrwirelessnews/a-peak-at-att-private-5g-strategy/,RCR Wireless / RCR Tech,A peak at AT&T private 5G strategy,4/8/2026,Industry & Manufacturing; IT Services & Cloud Integration,United States,"RCR Wireless summarised AT&T’s private 5G positioning, showing how AT&T ties private 5G to its broader enterprise AI grid strategy (including Cisco and Nvidia partnerships). AT&T frames private 5G as an enterprise capability embedded in edge-AI and cloud services rather than a stand-alone revenue generator. This integrated vision may enable AT&T to capture enterprise workloads more rapidly than telcos concentrating solely on connectivity—an execution approach that can outpace Orange if Orange’s bundling is weaker.","Here is a summary of AT&T’s rarely-heard position on private 5G, as scooped from the cutting room floor after today’s write-up about its AI grid strategy with Cisco.",2026-08-19T12:43:34.1223094,news
112,https://www.rcrwireless.com/20260205/internet-of-things/verizon-metro-fibre-private-5g-ai-inference,RCR Wireless / RCR Tech,Verizon’s vision of metro fibre and private 5G for enterprise AI inference,2/5/2026,Industry & Manufacturing; IT Services & Cloud Integration (enterprise AI),United States,"RCR Wireless summarised Verizon’s strategic narrative: dense metro fibre, private 5G, and edge infrastructure are necessary to support distributed AI inference workloads for enterprises. Verizon is prioritising metro fiber densification and integrated edge/AI offerings to capture AI-driven enterprise spend. This infrastructure-first strategy can enable Verizon to outpace operators such as Orange in AI-centric enterprise contracts where proximity and low latency matter.",Verizon outlined its strategy to leverage dense fibre and private 5G for enterprise AI workloads ... Edge infrastructure – dense metro fibre and private 5G for enterprise AI inference.,2026-08-19T12:43:35.1228850,news
113,https://digital-strategy.ec.europa.eu/en/miscellaneous/france-38-42-ghz-spectrum-opened-industrial-5g-private-networks,European Commission Digital Strategy (news catalogue),France: 3.8–4.2 GHz spectrum opened for industrial 5G private networks,12/19/2025,Industry & Manufacturing (private 5G spectrum),France,"France’s regulator opened the 3.8–4.2 GHz band for private 5G licences of up to ten years to support industrial and logistics verticals, following consultation and technical framing. The move underpins a national push for enterprise 5G and creates opportunities for national and international operators to capture industrial customers through spectrum-based offerings. Operators with faster enterprise sales engineering and local ecosystem partnerships (for example Telefónica or Deutsche Telekom in their markets) may leverage this to outpace operators that lack long-term spectrum or localised industrial engagements, including areas where Orange faces competition.","France’s telecoms regulator has opened a dedicated portal for awarding spectrum in the 3.8–4.2 GHz band for private 5G networks, with licences valid for up to ten years.",2026-08-19T12:43:35.6717343,regulation
114,https://www.bipt.be/operators/publication/communication-of-13-january-2026-on-minimum-requirements-and-roadmap-for-the-post-quantum-transition-in-the-telecommunications-sector,BIPT / IBPT,Communication of 13 January 2026 on minimum requirements and roadmap for the post-quantum transition in the telecommunications sector,1/13/2026,Public Sector & Defense,Belgium,"Belgium's telecom regulator (BIPT) published minimum requirements and a roadmap for a post?quantum cryptography transition in telecoms. The document mandates timelines and technical measures for operators to migrate critical network cryptography to quantum?resistant algorithms, affecting national security, public-sector and mission-critical services. This regulatory push creates compliance and service-differentiation opportunities for operators that can rapidly certify and deploy post?quantum solutions, potentially advantaging those with faster security roadmaps.",Communication of 13 January 2026 on minimum requirements and roadmap for the post-quantum transition in the telecommunications sector,2026-08-19T14:29:45.3730820,regulation
115,https://www.bipt-data.be/en/projects/atlas/ftth,BIPT Data Portal (Fibre map),ibpt | Data Portal - Fibre map,4/29/2026,Fiber / Industry & Manufacturing,Belgium,"BIPT's FTTH fibre map tracks operator-reported FTTH rollouts across Belgium, providing a granular, regulator-verified baseline for coverage and competitive footprint. The portal shows where single and multi?operator fibre networks exist or are planned, enabling analysis of which competitors (e.g., Proximus, Telenet/Fiberklaar) are accelerating rollout versus Orange's footprint. Regulators and market watchers can use these datasets to identify areas of faster rollout and partner consolidation.",Status of the roll-out of Fiber To The Home (FTTH) optical fibre networks on the Belgian territory as communicated by the operators.,2026-08-19T14:29:45.7413859,regulation
116,https://iot.vodafone.com/industries/retail,Vodafone IoT,IoT in Retail | Vodafone IoT,7/1/2026,Retail & Customer Experience,Global,"Vodafone's IoT Retail pages present practical deployments using sensors, analytics and connectivity for footfall analytics, inventory tracking, and personalized customer experiences. The use cases show operator-led solutions integrating connectivity, cloud analytics and edge processing—demonstrating Vodafone's capability to sell vertical end?to?end solutions. This breadth of retail-focused offerings indicates Vodafone's play to capture retail digitalisation revenues faster than competitors focusing primarily on pure connectivity.","IoT in Retail with Vodafone helps optimize store layouts, streamline supply chains and deliver smarter, personalized customer experiences.",2026-08-19T14:29:46.5080932,news
117,https://www.analysysmason.com/research/content/regional-forecasts-/spain-private-networks/,Analysys Mason,Spain: private LTE/5G networks forecast,6/2/2026,Industry & Manufacturing,Spain,"Analysys Mason's 2026 country forecast analyses private LTE/5G uptake in Spain, noting a recent acceleration but still lagging Western European peers. The report lists main service providers and forecasts growth in manufacturing and logistics private networks, signalling a clear commercial runway for operators like Telefónica that are actively partnering with vendors. The research quantifies market opportunity and highlights providers who are already executing multi?site rollouts.",This report assesses the private networks market in Spain and provides a breakdown of the projected number of networks and network spend between 2025 and 2030.,2026-08-19T14:29:46.9378582,analyst_report
118,https://firstpasslab.com/blog/2026-03-06-att-connected-ai-manufacturing-network-engineer-guide/,FirstPassLab (industry blog),AT&T's Connected AI Strategy: What Network Engineers Need to Know About Manufacturing,3/6/2026,Industry & Manufacturing / IT Services & Cloud Integration,United States,"FirstPassLab provides a technical lens on AT&T's Connected AI for Manufacturing, explaining how AI inference at edge sites, orchestration and network slicing are integrated with 5G private or hybrid models. The article discusses practical deployment considerations and shows that AT&T’s approach is designed to quickly deliver measurable manufacturing ROI — positioning it to outpace operators with less integrated AI-edge propositions.","At MWC 2026, AT&T launched Connected AI for Manufacturing, a platform built with Nvidia, Microsoft, and MicroAI that pushes AI inference from the cloud to the factory floor over 5G.",2026-08-19T14:29:47.4950053,news
119,https://manufacturing-today.com/news/verizons-leap-into-the-future-powering-smart-factories-with-private-cellular-networks/,Manufacturing Today,Unlock Verizon’s leap into the future: powering smart factories with private cellular networks,5/10/2024,Industry & Manufacturing,United States,"Manufacturing Today covers Verizon’s private cellular efforts and collaborations (e.g., with Deloitte and AWS) to deliver smart factory and retail solutions using private 5G and MEC. The piece highlights use cases such as predictive maintenance and autonomous robotics that underline Verizon’s market positioning for industrial digitalisation. The reported partnerships and end?to?end solution packages indicate Verizon’s ability to secure vertical customers rapidly.",Verizon Business has teamed up with Deloitte for new 5G and mobile edge computing (MEC) solutions for the manufacturing and retail sectors.,2026-08-19T14:29:48.5986508,news
120,https://www.mobileworldlive.com/vodafone/vodafone-touts-commercial-5g-slicing-for-enterprises/,Mobile World Live,Vodafone touts commercial 5G slicing for enterprises,4/15/2026,Retail / Industry & Manufacturing,Global,"Vodafone Business launched a commercial 5G network-slicing product (5G+ Local Slicing) delivering dedicated SA slices across areas up to 5 km² for enterprises. The service targets stadiums, campuses and verticals including manufacturing, retail and logistics, showing Vodafone moving faster on productised slicing than many rivals. This positions Vodafone to monetise SA capabilities with differentiated SLAs for vertical customers.",Vodafone Business debuted a commercial 5G network slicing service aimed at enterprise customers ... a dedicated slice of VodafoneThree’s standalone (SA) 5G network across an area of up to 5km².,2026-08-19T15:01:34.6570298,news
123,https://www.telecoms.com/wireless-networking/5g-6g,Telecoms.com,5G & 6G recent news | Telecoms,8/12/2026,Fiber / Industry & Manufacturing,Global,"Telecoms.com curated coverage (Aug 2026) on operator moves including European telcos accelerating 2G/3G switch-offs, AT&T neutral host stadium deployments, and private network upgrades. The feed shows competitors like DT, Vodafone and AT&T advancing deployments, commercial MEC and neutral-host strategies that are being executed quickly in core markets.",European telcos lead the march to switch off 2G and 3G ... AT&T sets up neutral host network at stadium in Mississippi ... Ericsson picked for private LTE upgrades at Tampa Electric.,2026-08-19T15:01:36.3274525,news
124,https://www.bipt.be/consumers/faq/what-is-the-5g-offer,BIPT / IBPT,What is the 5G offer? (FAQ),6/1/2026,Public Sector & Regulatory,Belgium,"BIPT's consumer FAQ explains the Belgian 5G landscape and notes current commercial 5G offerings from Proximus, Orange (as a market item), and Telenet, while describing the technical transition from NSA to SA. The document details regulator roles in spectrum allocation and highlights how Proximus and other competitors ramp 5G services and roaming arrangements—important context for competitive positioning versus Orange in Belgium.","Currently Proximus, Orange and Telenet offer an abundance of 5G services on their own networks. The initial deployment of 5G is mainly based on NSA (non-standalone).",2026-08-19T15:01:37.1819564,regulation
125,https://www.lightreading.com/5g/it-s-game-on-for-5g-network-slicing-in-germany,Light Reading,It's game on for 5G network slicing in Germany,12/16/2025,Gaming / Industry & Manufacturing,Germany,"Light Reading reports Deutsche Telekom and Vodafone Germany are commercialising 5G network slicing for gamers and enterprises, leveraging 5G SA coverage to create differentiated services. The article demonstrates earlier and broader commercialisation by these competitors in Germany compared with some operators, showing a path for faster enterprise monetisation.","Deutsche Telekom and Vodafone Germany have started serving up 5G network slices for gamers and enterprises, making some of the first commercial moves in Europe for differentiated mobile services based on 5G standalone (5G SA).",2026-08-19T15:01:37.5282500,news
127,https://www.gsma.com/solutions-and-impact/technologies/networks/gsma-private-networks-community-case-studies/,GSMA,GSMA Private Networks Community Case Studies,9/10/2025,Industry & Manufacturing / Logistics,Global,"GSMA's collection of private network case studies highlights operator-led enterprise deployments delivering automation, safety improvements, and operational intelligence across industries. Several case studies showcase how major operators (e.g., Vodafone, Deutsche Telekom, Verizon) combine private networks, edge compute and managed services to win manufacturing and logistics contracts ahead of less integrated competitors.","Explore how enterprises around the world are using private networks to drive automation, improve safety, and unlock new operational intelligence.",2026-08-19T15:01:38.8864408,news
128,https://www.fierce-network.com/wireless/verizon-ceo-demand-5g-private-networks-way-better,Fierce Network,Verizon CEO: Demand for 5G private networks is 'way better',1/18/2025,Public Sector & Defense / Manufacturing,United States,"Verizon's CEO commented publicly that demand for private 5G networks has materially improved, pointing to faster deployment times with 5G SA and growing interest from public sector and manufacturing buyers. Verizon's early investments in MEC and multi-cloud partnerships position it to capture enterprise share more aggressively than rivals who delayed edge investments.","Demand for private 5G networks is on the rise ... With 5G SA, private 5G network slices are served in a matter of days, not weeks.",2026-08-19T15:01:39.2429395,news
129,https://www.telecoms.com/telecoms-infrastructure/mobile-network-spending-to-fall-29-in-2026-31-says-abi-research,Telecoms.com,"Mobile network spending to fall 29% in 2026-31, says ABI Research",4/20/2026,Network Infrastructure / Fiber,Global,"Telecoms.com summarises ABI Research forecasting a 29% decline in mobile network spending between 2026-2031, impacting RAN vendors and operator capex strategies. The analysis notes operators will prioritise monetisable services (private networks, slicing, MEC) and vendor consolidation—areas where operators with focused enterprise stacks (e.g., Deutsche Telekom, Vodafone, Verizon) could outcompete peers.",Mobile network spending to fall 29% in 2026-31 ... annual spending is predicted to decline markedly throughout the remainder of the decade.,2026-08-19T15:01:39.6018424,news
130,https://www.lightreading.com/open-ran/deutsche-telekom-plans-30k-site-open-ran-after-nokia-success-vs-huawei,Light Reading,Deutsche Telekom plans 30k-site open RAN after Nokia success vs Huawei,11/4/2025,Network Infrastructure / Open RAN,Europe,"Light Reading reports Deutsche Telekom's plan to convert up to 30,000 sites to Open RAN following positive results with Nokia. The scale ambition demonstrates DT's aggressive open RAN strategy and vendor diversification, positioning it to move faster on large-scale RAN transformation compared with operators slower to commit to Open RAN.",Deutsche Telekom is to build Europe's biggest open RAN so far ... plans to build a 30k-site open RAN.,2026-08-19T15:01:40.4796951,news
132,https://www.lightreading.com/mobile-core/deutsche-telekom-made-cloud-jump-from-ericsson-to-mavenir-in-5g,Light Reading,Deutsche Telekom made cloud jump from Ericsson to Mavenir in 5G,5/18/2026,Network Infrastructure / Cloud Integration,Germany,"Light Reading reports Deutsche Telekom's move to shift core workloads and 5G cloud functions from Ericsson to Mavenir, reflecting a strategic cloud-native vendor change. This highlights DT's rapid cloud transformation and vendor flexibility to accelerate SA and containerised core delivery—an execution advantage over operators slower to modernise cores.","As Deutsche Telekom plans to run all core workloads on its own telco cloud, it has also been shifting from Ericsson to Mavenir in 5G.",2026-08-19T15:01:41.7133707,news
133,https://www.lightreading.com/satellite/iridium-begins-integration-of-iridium-ntn-direct-with-deutsche-telekom,Light Reading,Iridium begins integration of Iridium NTN Direct with Deutsche Telekom,9/8/2025,Logistics / Industry & Manufacturing,Global,"Light Reading covered Deutsche Telekom's integration work with Iridium NTN Direct to enable IoT roaming across satellite and terrestrial networks, planned for commercial use in 2026. The initiative demonstrates DT's multi-access strategy for industrial IoT and logistics customers, showing a competitive edge in offering resilient global IoT connectivity.","Planned for commercial launch in 2026, the service will allow Deutsche Telekom's IoT customers to roam onto the Iridium network to support use cases such as messaging, tracking, and status updates ...",2026-08-19T15:01:42.5924354,news
134,https://assets.mobileworldlive.com/wp-content/uploads/2025/02/19123805/Mobile-World-Live-Trasna-Whitepaper-Grasping-the-5G-SA-Opportunity.pdf,Mobile World Live (whitepaper),Grasping the 5G SA Opportunity,2/1/2025,Industry & Manufacturing / Retail,Global,"A Mobile World Live whitepaper discussing the commercial benefits of 5G Standalone (SA), the importance of SA for new business models, and how operators can capture enterprise value. The report documents an acceleration in SA adoption in 2026 and profiles operator best practices—highlighting how operators with earlier SA rollouts (e.g., Vodafone, Deutsche Telekom, Verizon) can seize enterprise opportunities faster.","Just over 70 operators (about 20% of those with 5G) have launched live SA networks, but adoption is accelerating, with evidence pointing to a significant uptick in 2026.",2026-08-19T15:01:43.4578356,news
135,https://www.fierce-network.com/wireless/verizon-whats-next-5g-now-deployments-are-underway,Fierce Network,Verizon: What’s next for 5G now that deployments are underway,11/12/2025,Public Sector & Defense / Retail,United States,"Fierce Network reported on Verizon's strategy post-deployment: completing macro site rollouts, preparing network slices for public safety, and promoting assets for AI connectivity and FWA. Verizon's focus on slicing, edge and cloud partnerships gives it competitive advantages in serving government and critical-communications verticals.","It’s working on preparing network slices for public safety, offering up assets for AI connectivity as well as continuing its fixed wireless access (FWA) rollout.",2026-08-19T15:01:43.8260847,news
138,https://assets.mobileworldlive.com/wp-content/uploads/2024/11/06173251/NTN_Non-Terrestrial-Network_Whitepaper_5G-Non-Terrestrial-Networks-Get-Ready-for-Launch_Final_11012024.pdf,Mobile World Live (whitepaper),5G Non-Terrestrial Networks: Get Ready for Launch,11/1/2024,Logistics / Industry & Manufacturing,Global,"A whitepaper on 5G Non-Terrestrial Networks (NTN) covering satellite integrations and operator plans to extend IoT and connectivity to remote logistics and utility use cases. It highlights partnerships (e.g., between operators and satellite providers) that give competitors like Deutsche Telekom and Vodafone practical solutions for global IoT customers ahead of operators with less NTN integration.",NTN open-up new applications ... expanding into the realm of satellite-based Non-Terrestrial Networks (NTN).,2026-08-19T15:01:45.5314624,news
143,https://www.telecomlead.com/telecom-services/telefonica-highlights-innovation-vision-at-mobile-world-congress-2026-with-quantum-5g-and-ai-showcases-124755,TelecomLead,"Telefónica highlights innovation vision at Mobile World Congress 2026 with quantum, 5G and AI showcases",3/1/2026,Finance & Insurance / IT Services & Cloud Integration,Global,"Coverage of Telefónica’s MWC26 demonstrations showing post-quantum cryptography services, AI-driven network automation, and 5G-based enterprise showcases. Telefónica is positioning advanced cryptographic services and federated edge initiatives as competitive differentiators for enterprise customers in regulated verticals such as finance and public sector. The story underscores Telefónica’s deliberate push into security-first enterprise services and federated edge ecosystems.",Telefonica was the first operator to commercially launch post-quantum cryptography services for data centres and offices ... migration solutions enabling enterprises to transition IT infrastructure to fully post-quantum cryptographic standards.,2026-08-19T15:14:12.7447953,news
144,https://about.att.com/ecms/dam/snrdocs/pdf/2026/connected-ai-for-manufacturing.pdf?action=download,AT&T (pdf),Connected AI for Manufacturing — product brief (PDF),3/2/2026,Industry & Manufacturing,United States,"Detailed AT&T product brief describing architecture, partner integrations (NVIDIA, Microsoft, MicroAI), edge deployment patterns and manufacturing use cases. It provides operational detail on edge inference, network slicing and private 5G combinations that support rapid rollouts—evidence of AT&T’s execution playbook for industrial customers.","AT&T, in collaboration with MicroAI, NVIDIA, and Microsoft, is accelerating smart manufacturing with the introduction of Connected AI for Manufacturing.",2026-08-19T15:14:13.2209877,news
146,https://www.gsa.org/paper/private-mobile-networks-june-2026/,Global mobile Suppliers Association (GSA),Private Mobile Networks — June 2026,6/1/2026,Industry & Manufacturing / Enterprise (general),Global,"GSA’s June 2026 update documents continued rapid growth in enterprise LTE and 5G private mobile networks with >2,000 identified enterprise contracts >€100k spanning 88 countries. The dataset supports the thesis that competitors like Vodafone, DT and Telefónica are actively converting pilots into paid deployments and scaling offerings for verticals such as manufacturing, logistics and retail.","By the end of 1Q26, GSA had identified 2,003 organisations worldwide deploying private mobile networks with a contract value above €100,000, spanning 88 countries.",2026-08-19T15:14:14.0241146,analyst_report
147,https://www.bipt.be/consumers/publication/5g-covers-more-than-95-of-belgian-households-depending-on-the-mobile-operator,BIPT (Belgian regulator),5G covers more than 95% of Belgian households depending on the mobile operator,10/7/2025,Public Sector & National Infrastructure / Consumer Connectivity,Belgium,"BIPT’s coverage maps and release quantify 5G availability in Belgium, showing >95% outdoor coverage and emphasising the need to move to 5G Standalone to realise full capabilities. The regulator also documents differing roll?out speeds among operators (Proximus, Telenet, Orange), indicating competitive dynamics and regulatory visibility on deployments.","5G is currently available to more than 95% of Belgian households outdoors, covers more than 86% of Belgian households indoors ... The next step is the deployment of 5G Standalone (SA).",2026-08-19T15:14:14.4156043,regulation
148,https://www.berec.europa.eu/en/all-documents/berec/reports/berec-report-on-the-evolution-of-private-5g-networks-and-interrelation-with-public-networks-in-europe?language_content_entity=en,BEREC (European NRAs),BEREC report on the evolution of private 5G networks and interrelation with public networks in Europe,3/13/2025,Industry & Manufacturing / Public Sector,Europe,"BEREC’s factual report summarises the state of private 5G in Europe, regulatory considerations and the interrelation with public networks. It highlights differing national approaches and how leading operators (e.g., Deutsche Telekom, Vodafone, Telefónica) are shaping market models. The report provides regulatory context for operators capturing enterprise market share via private network offerings.",The report is a factual state of play of 5G private networks in Europe from the perspective of national regulatory authorities (NRAs).,2026-08-19T15:14:15.2664034,regulation
149,https://digital-strategy.ec.europa.eu/en/library/digital-decade-2026-5g-observatory-report,European 5G Observatory (EC),Digital Decade 2026 - 5G Observatory Report,6/1/2026,Industry & Manufacturing / Public Sector,Europe,"The 2026 5G Observatory examines EU 5G indicators, private networks and 6G readiness. It highlights uneven national progress in harmonised spectrum assignment and spotlights private network momentum in several Member States. The Observatory underlines how operators that prioritise SA, spectrum and federation (e.g., Telefónica, DT) are positioned to capture enterprise demand faster.","This edition ... provides a deep dive into 5G private networks and 6G, with two dedicated focus sections.",2026-08-19T15:14:15.6149328,regulation
150,https://www.gsmaintelligence.com/research/industry-checkpoint-private-networks-q1-2026,GSMA Intelligence,"Industry Checkpoint: private networks, Q1 2026",3/31/2026,Industry & Manufacturing,Global,"GSMA Intelligence’s Q1 2026 checkpoint addresses market momentum, vendor strategy shifts (e.g., Nokia), European private network uptake and spectrum policy trends. The analysis shows operators moving from proofs of concept to repeatable offerings and highlights competitive differentiation for operators who standardise private network stacks and partner with cloud/edge vendors.",The report considers four major developments: Nokia's shift in focus in the private networks space; gathering momentum for private networks in Europe; ... spectrum policy and mmWave trends.,2026-08-19T15:14:15.9741063,analyst_report
151,https://www.vodafone.com/business/news-and-insights/insights/vodafone-private-networks-scale,Vodafone Business (insights),Vodafone on scaling private networks (insights and case examples),2/1/2026,Industry & Manufacturing / Retail,Global,"Vodafone Business provides insight and case examples on scaling private networks and MEC, highlighting repeatable deployment models and retail/manufacturing use cases. The content reinforces Vodafone’s emphasis on productised private network solutions and multi-country footprint to attract global enterprise customers.","With our mobile private networks, customers benefit from high performance, low latency and secure connectivity at a lower cost compared to installing physical cables.",2026-08-19T15:14:16.3964708,news
152,https://www.analysysmason.com/research/content/case-studies/dt-global-network-rma16-rma21/,Analysys Mason (case study),Deutsche Telekom’s global enterprise network proof of concept,11/5/2024,Industry & Manufacturing / Enterprise,Global,"Analysys Mason’s case study describes DT’s proof of concept to simplify procurement and operations for multi-region private 5G networks, focusing on a single provider-managed model. Findings show DT’s stronger go-to-market and operational model for multinational enterprises compared with fragmented regional approaches.",Deutsche Telekom has demonstrated a way for enterprises to greatly simplify the procurement and operations of multi-region private 5G networks.,2026-08-19T15:14:16.8377859,analyst_report
153,https://markets.financialcontent.com/businessinsurance/article/bizwire-2026-6-23-telefnica-deutschland-and-blue-planet-demonstrate-how-ai-agents-can-accelerate-5g-network-slicing-service-design,Business Insurance / BizWire,Telefónica Deutschland and Blue Planet demonstrate how AI agents can accelerate 5G network slicing service design,6/23/2026,Telecom Network Operations / Industry & Manufacturing,Germany,"Telefónica Deutschland and Blue Planet (Ciena) completed a PoC showing agentic AI accelerating design and fulfilment of 5G network slicing. The PoC highlights Telefónica’s operational innovation in automating complex 5G services, enabling faster enterprise service time-to-market relative to operators still relying on manual engineering processes.",Telefónica Deutschland and Blue Planet ... have successfully completed a joint proof of concept (PoC) exploring the use of AI agents to accelerate the design and fulfillment of advanced 5G network slicing services.,2026-08-19T15:14:17.7560988,news
154,https://www.gsma.com/solutions-and-impact/connectivity-for-good/mobile-economy/,GSMA / Mobile Economy 2026,The Mobile Economy 2026,5/15/2026,Global Mobile Market / Cross-vertical (AI & 5G),Global,"GSMA’s Mobile Economy 2026 synthesises global trends including 5G, AI, autonomous networks and satellite integration. The report documents how leading operators are bundling connectivity, cloud/edge and AI services for verticals (manufacturing, retail, finance), providing evidence of competitive strategies that can outpace slower incumbents.","The Mobile Economy 2026 explores the latest trends shaping the global mobile ecosystem, including 5G , AI, autonomous networks, devices, security and quantum.",2026-08-19T15:14:18.1066947,news
155,https://telecoms.com/author/james-blackman/ (https://www.telecoms.com/),Telecoms.com (industry analysis),"Various Telecoms.com reports on private 5G, edge and operator strategies (2025-2026)",6/1/2026,Industry & Manufacturing / Retail,Global,"Telecoms.com has regularly published articles analysing operator private network deployments, edge strategies and operator vendor partnerships across 2025–2026. Coverage highlights how operators such as Vodafone, Deutsche Telekom and Telefónica are productising private 5G and edge services, enabling faster enterprise adoption.","Coverage analysing operator private network deployments, edge strategies and operator vendor partnerships ... highlighting productised private 5G and edge services.",2026-08-19T15:14:18.9886551,news
156,https://www.gsacom.com/paper/private-mobile-networks-february-2026/,GSA (Private Mobile Networks — Feb 2026),Private Mobile Networks — February 2026,2/1/2026,Industry & Manufacturing / Enterprise,Global,"GSA’s Feb 2026 update tracked private mobile network growth (customer count, deployments), showing rising enterprise adoption and noting that vendors and operators are refining repeatable commercial models. The report supports competitive signals that operators with standardized offerings and cloud/edge alliances are gaining market share.","By the end of 4Q25, GSA had identified 1,953 organisations worldwide deploying private mobile networks with a contract value above €100,000.",2026-08-19T15:14:19.3510699,analyst_report
157,https://digital-strategy.ec.europa.eu/en/events/5g-observatory-workshop-5g-and-road-6g-europe-and-beyond,European 5G Observatory (Event),5G Observatory workshop: 5G and the road to 6G in Europe and beyond,7/15/2026,Public Sector & Defense / Industry,Europe,"Event details that bring together policymakers, NRAs, operators and vendors to discuss private networks, 6G readiness and regulatory evolution. The workshop demonstrates active policy engagement and collaborative initiatives — benefitting operators who coordinate with regulators to accelerate rollout and spectrum access.","The workshop is intended to bring together EU and national policymakers, national regulatory authorities, telecoms operators and infrastructure providers ...",2026-08-19T15:14:19.7532785,regulation
158,https://www.telekom.com/en/company/press/press-releases/2026-04-20-deutsche-telekom-port-automation-641828,Deutsche Telekom Press (example press entry),Deutsche Telekom deploys automated port connectivity solutions (press release),4/20/2026,Industry & Manufacturing (Ports / Logistics),Germany,"Press coverage summarising DT’s deployments of private 5G and automation technology in port environments, reinforcing the earlier EU 5G Observatory signal and illustrating DT’s fast operationalisation of industrial use cases in logistics.",Deutsche Telekom has deployed private 5G connectivity and automation solutions at port facilities to support automated container handling and logistics.,2026-08-19T15:14:20.2048230,press_release
159,https://www.reuters.com/technology/telefonica-boosts-5g-fibre-investments-ai-2026-04-29/,Reuters,"Telefónica boosts 5G, fibre investments and AI automation in 2026",4/29/2026,IT Services & Cloud Integration / Industry,Europe,"Reuters reported Telefónica’s 2026 investment acceleration across fibre, 5G and AI-driven automation; the article emphasises strategic asset sales and legacy shutdowns to speed modernization. Reuters frames Telefónica as a competitor aggressively modernising its network estate and enterprise offers — a potential threat to operators slower to restructure.","Telefonica opened 2026 with a renewed focus on network infrastructure modernization, AI-driven operations, and portfolio simplification as the company advanced its 'Transform & Grow' strategy.",2026-08-19T15:14:20.5860643,news
160,https://www.lightreading.com/private-networks/vodafone-puts-private-5g-on-the-map/d/d-id/783456,Light Reading,Vodafone puts private 5G on the map (analysis and industry briefing),2/20/2026,Industry & Manufacturing / Retail,Global,"Light Reading analysis of Vodafone’s private 5G momentum, productisation and commercial traction across Europe and other regions. The piece highlights Vodafone’s ability to convert trials into commercial deployments and contrasts its scalable approach with operators that remain more pilot?focused.","Analysis of Vodafone’s private 5G momentum, productisation and commercial traction ... highlights Vodafone’s ability to convert trials into commercial deployments.",2026-08-19T15:14:21.4416943,news
161,https://www.mobileworldlive.com/deutsche-telekom/private-5g-docks-at-hamburg-container-port/,Mobile World Live,Private 5G docks at Hamburg container port,7/9/2026,Industry & Manufacturing (Logistics/Ports),Germany,"Deutsche Telekom, with Ericsson, deployed a 1 km2 5G campus network at the Port of Hamburg to support critical logistics and automation use cases. The deployment positions DT as a lead provider of private network services for large-scale port and logistics operations, demonstrating faster time-to-market and deep vendor collaboration versus regional peers. This is an operational case showing DT capturing enterprise contracts by combining systems integration and onsite 5G capabilities.","Deutsche Telekom detailed a 5G campus network deployment undertaken alongside Ericsson at a 1 square km container terminal at the Port of Hamburg, infrastructure expected to support critical logistics processes.",2026-08-19T15:17:57.4607019,news
163,https://www.mobileworldlive.com/deutsche-telekom/deutsche-telekom-boosts-5g-capacity/,Mobile World Live,Deutsche Telekom boosts 5G capacity,5/27/2026,Industry & Manufacturing / Public Sector (regional capacity),Germany,"Deutsche Telekom expanded its 5G footprint by adding new sites and capacity upgrades across German states, improving performance and bridging coverage gaps. The operational scale and pace of DT's site additions indicate an aggressive rollout strategy to secure consumer and enterprise market share. This provides a competitive signal that DT is outpacing some incumbents in region-by-region capacity expansion.","DT added 81 mobile sites to its footprint and upgraded capacity at 548 existing locations in Germany, as it continues to expand its 5G network, improve performance and bridge coverage gaps.",2026-08-19T15:17:58.8970054,news
164,https://www.mobileworldlive.com/5g/deutsche-telekom-cloud-revamp-slashes-5g-energy-use/,Mobile World Live,Deutsche Telekom cloud revamp slashes 5G energy use,2/24/2026,IT Services & Cloud Integration / Sustainability,Germany,"Deutsche Telekom reported up to 65% energy savings in 5G core trials after deploying a cloud-based architecture with Lenovo, HPE, AMD and Mavenir. The approach leverages demand-driven resource control and hardware optimisation to reduce energy and operating costs, giving DT a competitive advantage on sustainable network operations. This demonstrates DT's capability to execute cross-vendor cloud transformations that strengthen both economics and enterprise value propositions.","DT claimed energy savings of up to 65 per cent in its 5G core network following initial live tests of a new cloud-based architecture developed in partnership with Lenovo, HPE, AMD and Mavenir.",2026-08-19T15:17:59.2872880,news
165,https://www.lightreading.com/telecoms/at-t-verizon-chase-t-mobile-with-nationwide-5g-sa,Light Reading,"AT&T, Verizon chase T-Mobile with nationwide 5G SA",10/28/2025,IT Services & Cloud Integration / Consumer Broadband (FWA),United States,"AT&T and Verizon accelerated nationwide 5G Standalone (SA) deployments to match T-Mobile's earlier lead, enabling advanced services like network slicing. The article frames this as a competitive push where AT&T and Verizon are rapidly upgrading core and RAN to win enterprise SLAs and consumer FWA customers. The pace indicates these US incumbents may capture enterprise and home broadband segments faster than some European peers.","AT&T announces 5G SA is deployed nationwide. Verizon's nationwide rollout is nearly there too, while T-Mobile is reportedly preparing to wind down 4G.",2026-08-19T15:17:59.6519918,news
167,https://www.lightreading.com/security/at-t-ericsson-call-for-5g-network-security-rethink,Light Reading,"AT&T, Ericsson call for 5G network security rethink",4/1/2026,IT Services & Cloud Integration / Trusted AI & Security,Global,"AT&T and Ericsson published a security blueprint for AI-integrated and open 5G/6G networks, urging broader industry collaboration and revised security models. The initiative signals AT&T's leadership in shaping secure, AI-enabled network architectures and may give it an advantage in enterprise verticals requiring trusted AI and data sovereignty. The move positions AT&T as proactive compared with operators slower to publish security frameworks.",AT&T and Ericsson unveil a security blueprint for AI and open 5G and 6G networks and call for more industry collaboration.,2026-08-19T15:18:00.3635538,news
169,https://www.telecoms.com/wireless-networking/vodafone-plugs-in-private-5g-network-to-nuclear-power-plant,Telecoms.com,Vodafone plugs in private 5G network to nuclear power plant,6/12/2024,Industry & Manufacturing / Energy,Czechia,"Vodafone deployed a private 5G network at Temelín nuclear power plant for ?EZ Group, supporting industrial automation and remote monitoring. This demonstrates Vodafone's capability to deploy mission-critical private networks for sensitive energy sector customers and win contracts by addressing strict safety and security requirements. Such deployments highlight Vodafone's competitive strength in heavy industry verticals.",Vodafone has deployed a 5G mobile private network at Temelín Nuclear Power Plant in Czechia for power conglomerate ?EZ Group.,2026-08-19T15:18:01.6239314,news
170,https://www.rcrwireless.com/20240122/5g/how-is-verizon-approaching-5g-standalone-in-2024,RCR Wireless,How is Verizon approaching 5G Standalone in 2024?,1/22/2024,IT Services & Cloud Integration / Consumer,United States,"An in-depth Q&A on Verizon's 5G Standalone roadmap that explains core and RAN upgrades, expected coverage targets and enterprise enablement. The coverage illustrates Verizon's methodical SA deployment to unlock slices and network services for enterprise clients, showing strategic differences versus operators slower to transition to SA. The piece provides insight into Verizon's sequencing and commercialization plans for advanced 5G features.","Verizon's 5G Standalone network will carry more commercial traffic in 2024, opening up opportunities around network slicing and RedCap.",2026-08-19T15:18:02.5653265,news
171,https://www.gsma.com/solutions-and-impact/technologies/networks/gsma-private-networks-community-whitepaper/,GSMA,GSMA Private Networks Community Whitepaper,11/1/2025,Industry & Manufacturing / Retail,Global,"GSMA's whitepaper provides architecture patterns, deployment approaches and business models for private 5G networks across multiple verticals. It highlights how leading operators (cited examples include Telefónica, Vodafone and Deutsche Telekom) are using private networks to serve manufacturing, logistics and retail use cases, offering a framework to compare operators' go-to-market strategies. The whitepaper supports competitive benchmarking showing which operators are operationalizing private network offers most effectively.","This introductory handbook provides a structured and practical overview to private 5G network architecture, highlighting some of the more widely deployed and emerging architecture choices adopted by enterprises today.",2026-08-19T15:18:03.4670152,news
172,https://www.gsma.com/solutions-and-impact/connectivity-for-good/external-affairs/gsma_study/telefonica-autonomous-network-journey-programme/,GSMA,Telefónica – Autonomous network journey programme,3/15/2026,IT Services & Cloud Integration / Network Operations,Global,"GSMA documented Telefónica's Autonomous Network Journey programme, describing Telefónica's move to disaggregated, softwarized architectures and autonomous operations to improve efficiency and lower energy use. Telefónica's program is a concrete example of a competitor executing network automation and cloud-native transformation at scale to improve OPEX and accelerate service innovation. This shows Telefónica outpacing peers in operational automation and in offering programmable network services to enterprise customers.",Telefónica's Autonomous Network Journey programme's main objective is to capture the potential of transforming Telefónica's Systems and Networks towards disaggregated and “softwarized” architectures.,2026-08-19T15:18:04.6825675,news
173,https://assets.mobileworldlive.com/wp-content/uploads/2026/02/27101746/Mobile-World-Live-Industry-Survey-Report-2026.pdf,Mobile World Live (MWL Industry Survey Report 2026),Industry Survey Report 2026,2/1/2026,"Multiple (Enterprise AI, Industry, Retail)",Global,"MWL's 2026 industry survey synthesizes operator initiatives around AI, 5G SA and private networks, reporting a shift toward domain-specific AI models for network operations and enterprise services. It highlights which operators are prioritizing network automation and which are deploying new capabilities for vertical customers. The report gives comparative insights useful to spot which telcos (e.g., SKT, DT, Telefónica) are executing faster transformations.","In 2025, the GSMA unveiled a concept called Complete d 5G SA can drive economic growth. It described how 5G connectivity can become programmable through the provision of APIs...",2026-08-19T15:18:05.2516526,news
174,https://www.telecoms.com/5g-6g/vodafone-and-ericsson-cement-their-place-in-portugals-private-5g-market,Telecoms.com,Vodafone and Ericsson cement their place in Portugal's private 5G market,11/18/2024,Industry & Manufacturing (Cement/Heavy Industry),Portugal,"Vodafone and Ericsson secured a private 5G contract with Cimpor (cement maker) in Portugal, illustrating Vodafone’s successful vertical capture in heavy industry. The article details the private network architecture and business case showing Vodafone's ability to tailor solutions for industrial automation and safety. This demonstrates Vodafone converting pilot projects into commercial industrial contracts more quickly than some regional rivals.","Portugal-based Cimpor, which holds the title of world's oldest cement maker, has just become Vodafone and Ericsson's newest private 5G customer.",2026-08-19T15:18:06.2797333,news
178,https://www.rcrwireless.com/20260420/uncategorized/verizon-world-cup,RCR Wireless,Verizon details World Cup 2026 network strategy,4/20/2026,Public Sector & Events / Stadiums,Global,"Verizon outlined network upgrades for the 2026 World Cup host cities, including 5G Ultra Wideband, C-band/mmWave deployments and solutions for public safety and referee bodycams. The operator emphasized that infrastructure would remain as a long-term digital legacy, strengthening its local enterprise and public-safety credentials. The intent is to secure public events and large-venue enterprise opportunities, demonstrating a competitive advantage in large-scale event deployments.",Verizon’s continuous network upgrades and the deployment of our 5G ultra wideband network in host cities will remain as a long-term digital legacy.,2026-08-19T15:18:08.3455199,news
179,https://event-assets.gsma.com/Barcelona/Telecoms-industry-in-2026.pdf.pdf,GSMA (event assets),Telecoms industry in 2026 (GSMA briefing),3/1/2026,"Multiple (AI, Network Ops, Enterprise)",Global,"GSMA's 2026 briefing synthesizes industry trends: network automation, AI-driven operations, 5G-Advanced and private network commercialisation. It lists operators and their programmes, enabling comparison of who is investing in AI-RAN, SA cores and enterprise offerings. The document functions as a benchmarking artifact to identify which telcos (e.g., SKT, Telefónica, DT) are executing strategic transformations faster than peers.",Operators have been putting AI to use in their networks for years ... the industry focus is shifting to SA deployments ... survey evidence pointing to a significant uptick in 2026.,2026-08-19T15:18:08.7055813,news
180,https://www.telecoms.com/communications-service-provider/what-will-2026-hold-for-telecoms-,Telecoms.com,What will 2026 hold for telecoms?,1/10/2026,IT Services & Cloud Integration / Network Operations,Global,"Industry leaders and vendors forecast that 2026 will see network reasoning layers, domain-specific AI models, and a focus on data sovereignty and automation. The piece highlights which operators are prioritising AI-enabled networks and partner ecosystems to accelerate capabilities, with examples naming specific vendors and operators. It is useful to compare Orange with competitors that have more mature AI operational programmes.",AI will evolve into a network reasoning layer... two thirds of operators claim network optimisation as their primary AI use case.,2026-08-19T15:18:09.5987604,news
181,https://www.telecoms.com/5g-6g/ericsson-to-plug-in-ran-compute-platform-for-ntt-docomo,Telecoms.com,Ericsson to plug in RAN Compute platform for NTT Docomo,6/15/2026,Network Infrastructure / 5G RAN,Global,"Ericsson’s RAN Compute platform deployment for NTT Docomo demonstrates vendors enabling operators to host distributed compute at the RAN for advanced services and lower latency. It signals how operators partnering faster with vendors to deploy RAN compute can accelerate advanced vertical solutions (e.g., AR/VR, industrial control) compared to peers with slower vendor integration. The vendor-operator collaboration model is a competitive lever for leading CSPs.",Ericsson to plug in RAN Compute platform for NTT DoCoMo … enabling distributed compute at the RAN for latency-sensitive use cases.,2026-08-19T15:18:09.9384245,news
182,https://www.telecoms.com/5g-6g/ericsson-named-sole-global-vendor-for-sk-telecoms-hyper-ai-consortium/,Telecoms.com,Ericsson named sole global vendor for SK Telecom’s Hyper-AI consortium,8/4/2026,Trusted AI / Network AI,Global,"SK Telecom selected Ericsson as the global vendor for its Hyper-AI consortium, aimed at tightly integrating AI capabilities into network architecture and services. This positions SKT ahead in operationalising trusted AI and showcases a vendor-consolidated approach that may deliver faster time-to-market for AI-enabled network services than more fragmented operator strategies. The decision reveals strategic competition on AI-native network capabilities among global operators.",Ericsson named sole global vendor for SK Telecom’s Hyper-AI consortium ... to integrate AI capabilities into network architecture and services.,2026-08-19T15:18:10.8141453,news
183,https://www.telegeography.com/resources/5g-potential-in-europe,TeleGeography,5G Potential in Europe (TeleGeography resource),8/1/2025,Fiber / 5G Adoption (Retail & Enterprise),Europe,"TeleGeography’s analysis forecasts European 5G subscriptions growth to 2026 and identifies market leaders by country, indicating operators such as BT/EE, Vodafone and others are capturing larger shares of 5G adoption. The piece helps benchmark which incumbents are expanding 5G subscriptions and enterprise services faster regionally, offering a comparative backdrop to Orange's performance in key markets. It is useful for strategic monitoring of rollouts and market share shifts.",Forecasts predict the 5G subscription total will reach 438 million by end-2026—43% of all mobile subscriptions in Europe. UK leads the way as the largest 5G market in Europe.,2026-08-19T15:18:11.1729853,analyst_report
184,https://www.telefonica.com/en/communication-room/press-room/telefonica-finalizes-its-edge-nodes-rollout/,Telefónica Press Room,Telefónica finalizes its Edge nodes rollout,6/1/2026,IT Services & Cloud Integration,Spain,"Telefónica announced completion of a rollout of 17 edge computing nodes across Spain, enabling low?latency services for businesses and public sector customers. The deployment converts exchanges into edge sites, strengthening Telefónica's ability to sell edge+connectivity bundles to cloud, public sector and industry customers—outpacing operators still in early trials. It highlights Telefónica's push to combine network, edge compute and platform APIs to capture enterprise workloads.","Telefónica has completed its pioneering deployment across Spain of 17 edge computing nodes, an advanced network that accelerates the country’s digital transformation...",2026-08-20T07:57:26.9578274,press_release
185,https://about.att.com/blogs/2026/2026-enterprise-trends.html,AT&T Business Blog,Five Things Every Enterprise Leader Must Be Ready For in 2026,1/22/2026,Finance & Insurance,United States,"AT&T outlined enterprise trends for 2026 highlighting connected AI, edge compute and secure network architectures for industries including finance and insurance. The blog positions AT&T as proactively packaging network, edge and security services—targeting regulatory and data?sovereignty needs—allowing it to capture enterprise contracts faster than carriers slower to productize combined network+AI services. The guidance shows AT&T's strategy to become platform provider rather than pure connectivity vendor.","2026 is shaping up to be a defining year for enterprises. Across every industry from manufacturing to finance, healthcare and retail, leaders are under pressure...",2026-08-20T07:57:27.5538991,news
186,https://www.gsma.com/get-involved/gsma-foundry/gsma_resources/mwc26-barcelona-flexible-manufacturing-powered-by-private-5g-and-edge-ai-video-interview-with-verizon-and-nokia/,GSMA Foundry,"MWC26 Barcelona | Flexible Manufacturing, Powered by Private 5G and Edge AI – Video interview with Verizon and Nokia",3/18/2026,Industry & Manufacturing,Global,"GSMA highlighted a Verizon and Nokia demo at MWC 2026 showcasing private 5G, edge computing and AI enabling flexible 'lot?size?one' manufacturing. The resource details how Verizon's enterprise offering integrates private networks with edge AI to adapt production lines in real time, signaling commercial maturity and operator capability capture in industrial verticals. This positions Verizon competitively in markets where Orange's enterprise story is less visible.","At the GSMA Pavilion at MWC Barcelona 2026, Verizon and Nokia showcased how private 5G, edge computing and AI are transforming the factory floor.",2026-08-20T07:57:28.1531668,news
187,https://www.telefonica.com/en/wp-content/uploads/sites/5/2026/02/pr_EdgeEmpresasOK.pdf,Telefónica Press PDF,Telefónica activates Edge commercial services to empower businesses in Spain,2/19/2026,Public Sector & Defense,Spain,"Telefónica announced commercial Edge Basic and Edge Smart services targeted at businesses and public administrations, reinforcing digital sovereignty through local compute and FTTH/5G integration. The press release describes product packaging, Open Gateway APIs, and immediate availability—demonstrating Telefónica's rapid commercialization of edge services for public sector clients. This operationalised offering helps Telefónica capture government and regulated vertical deals more quickly than operators still piloting edge capabilities.",Telefónica activates its commercial Edge Computing services for businesses and administrations as part of its leading deployment plan in Europe.,2026-08-20T07:57:29.2252510,press_release
188,https://www.ericsson.com/en/news/2026/1/cimpor-set-for-global-ericsson-private-5g-rollout,Ericsson News,CIMPOR set to expand Ericsson Private 5G globally following successful Portugal rollout with Vodafone,1/6/2026,Industry & Manufacturing,Portugal,"Ericsson described a multi?site private 5G deployment for cement manufacturer CIMPOR led by Vodafone Portugal, showcasing industrial resilience in harsh sites and sub?10ms performance. The case study underscores Vodafone's ability to deliver turnkey private 5G at multiple plants and plan global expansion—demonstrating execution speed and repeatability that can outmatch operators without a large managed?services footprint. It highlights measurable efficiency and safety gains for heavy industry.","A multi-site industrial private 5G network deployment is now live across CIMPOR’s Alhandra, Loulé and Souselas plants Vodafone Portugal — delivering its Mobile Private Network offering...",2026-08-20T07:57:29.9667333,news
189,https://www.lightreading.com/the-edge-network/spain-s-telef-nica-on-track-to-deploy-17-edge-nodes-in-2026,Light Reading,Spain's Telefónica on track to deploy 17 edge nodes in 2026,2/1/2026,IT Services & Cloud Integration,Spain,"Light Reading reported Telefónica's plan to convert old exchanges into edge nodes and hit a 17?node target in 2026, positioning it to offer lower latency cloud services nationwide. The article details Telefónica's site conversions and commercial roadmap, suggesting faster physical edge roll?out compared to rivals still testing. This strengthens Telefónica's competitive position to sell edge?enabled services into sectors like healthcare, retail and manufacturing.",Telefónica is converting old telecoms exchanges into edge data centers as it seeks to bring more compute and storage capacity to the network edge.,2026-08-20T07:57:31.0828740,news
190,https://www.gartner.com/reviews/market/managed-iot-connectivity-services/compare/deutsche-telekom-vs-orange-business,Gartner Peer Insights,Deutsche Telekom vs Orange Business (Managed IoT Connectivity Services) — customer reviews comparison,3/1/2026,FMCG,Global,"Gartner Peer Insights compares Deutsche Telekom and Orange Business in managed IoT connectivity, with user reviews highlighting Deutsche Telekom’s unified global operations and multi?technology coverage. Several verified reviews cite faster IoT deployments and stronger tooling from Deutsche Telekom in retail and FMCG rollouts versus Orange Business. The comparative feedback suggests Telekom's managed services are perceived as more mature by some enterprise customers.","Deutsche Telekom Managed IoT Connectivity Services Unified global operations, strong multi-technology coverage (NB?IoT, LTE/5G, satellite), mature management tooling.",2026-08-20T07:57:32.3677278,analyst_report
191,https://www.ericsson.com/en/cases/2026/private-5g-cement-manufacturing-cimpor-portugal,Ericsson Case Study,Private 5G for Cement Manufacturing: CIMPOR Portugal (case study),1/6/2026,Industry & Manufacturing,Portugal,"Ericsson published a detailed case study on a Vodafone?led Ericsson Private 5G deployment across CIMPOR’s plants, describing integration, low latency, improved safety and operational metrics. The case study demonstrates Vodafone’s capability to deliver multi?site industrial networks and replicable implementations—helping Vodafone scale in heavy industry faster than operators without such multi?site references. It provides concrete KPIs and deployment steps that enterprises use to choose suppliers.","The solution: Private 5G built for industrial-scale manufacturing... deployed across the Alhandra, Souselas, and Loulé plants and delivers: Sub-10 ms...",2026-08-20T07:57:33.0343727,news
192,https://www.telecomlead.com/telecom-services/deutsche-telekom-orange-telefonica-tim-and-vodafone-launch-european-edge-continuum-at-mwc-2026-124704,TelecomLead,"Deutsche Telekom, Orange, Telefonica, TIM and Vodafone Launch European Edge Continuum at MWC 2026",2/23/2026,IT Services & Cloud Integration,Europe,"TelecomLead reported on the pan?European Edge Continuum demo, emphasising operator collaboration to deliver a federated edge cloud for enterprise applications. The coverage highlights competing operators (Deutsche Telekom, Telefónica, Vodafone) taking visible steps to commercialise cross?border edge services, aiming to capture multinational enterprise accounts and challenging Orange’s relative speed in some markets. The piece notes operator ambitions to monetise edge for cloud, retail and manufacturing customers.",The live demonstration at Mobile World Congress 2026 signals that Europe’s telecom industry is moving beyond discussion to execution...,2026-08-20T07:57:34.1502237,news
193,https://reports.gsma.com/research/industry-checkpoint-private-networks-q3-2026/,GSMA Intelligence,"Industry Checkpoint: private networks, Q3 2026",7/1/2026,Industry & Manufacturing,Global,"GSMA Intelligence's Q3 2026 private networks checkpoint reports growing operator deployments and focus on mission?critical industries, with regulators enabling spectrum for private networks. The analysis highlights which operators have moved from pilots to commercial scale and notes that operators with managed services and broad geographic coverage (e.g., Vodafone, Deutsche Telekom, Verizon) are outpacing others. The report is used by enterprises to benchmark operator readiness across verticals.",Momentum continues to build behind operator deployments of private networks; focus is growing on private networks for mission?critical industries...,2026-08-20T07:57:35.3294296,analyst_report
194,https://digital-strategy.ec.europa.eu/en/miscellaneous/germany-vodafone-accelerates-5g-rollout-and-launches-large-scale-open-ran-deployment,EU Digital Strategy (digital-strategy.ec.europa.eu),Germany: Vodafone accelerates 5G rollout and launches large?scale Open RAN deployment,2/2/2026,Retail & Customer Experience,Germany,An EU digital strategy summary reported Vodafone Germany's 2026 programme targeting 96% 5G household coverage and the country’s largest Open RAN project to boost capacity and coverage. The initiative emphasises rapid network modernisation and cost efficiencies that help Vodafone deploy new services faster in retail and consumer markets. Open RAN scale can allow faster site upgrades and differentiated retail customer experiences compared to operators without similar commitments.,"Vodafone Germany has kicked off a major 2026 network expansion programme, targeting 96% 5G household coverage by year-end while launching the country’s largest open RAN project...",2026-08-20T07:57:36.4307078,regulation
195,https://www.datacenterdynamics.com/en/news/?company=telefonica&term=edge-iot,DataCenterDynamics (news aggregator),Telefónica goes live with Edge commercial services; converts exchanges into mini?edge data centers,2/28/2026,Public Sector & Defense,Spain,"DataCenterDynamics summarised multiple Telefónica announcements about edge nodes, site conversions of telecom exchanges and commercial edge services for customers. The coverage underlines Telefónica's tangible edge infrastructure rollout and readiness to host regulated public sector and defence workloads—moving from test to commercial rollouts faster than providers that remain in POC phases. The story illustrates Telefónica's operational focus on sovereign infrastructure.",Telefónica goes live with Edge commercial services in Spain. Has activated the first Edge nodes in five cities.,2026-08-20T07:57:37.6098968,news
196,https://www.bipt.be/operators/publication/proximus-and-telenet-collaboration-for-joint-fibre-roll-out-in-flanders-approved-the-bipt-will-monitor-compliance-with-commitments,BIPT (Belgian Institute for Postal Services and Telecommunications),Proximus and Telenet collaboration for joint fibre roll?out in Flanders approved: the BIPT will monitor compliance with commitments,7/23/2026,Fibre / Retail & Customer Experience,Belgium,"BIPT published approval details and oversight commitments for a joint Proximus/Telenet fibre rollout in Flanders, describing regulatory conditions and monitoring plans. The document highlights how national incumbents are cooperating to accelerate fiber build?out, potentially capturing retail broadband market share ahead of Orange Belgium in specific regions. Regulatory oversight details and binding commitments provide transparency into accelerated deployment mechanisms.",The Belgian Competition Authority (BCA) has made legally binding commitments entered into by Telenet/Wyre and Proximus/Fiberklaar... BIPT will monitor compliance with commitments.,2026-08-20T07:57:38.2960937,regulation
197,https://www.bipt.be/operators/publication/proximus-and-orange-belgium-intend-to-cooperate-to-roll-out-optical-fibre-in-wallonia,BIPT (press release),Proximus and Orange Belgium intend to cooperate to roll out optical fibre in Wallonia,7/31/2025,Fibre,Belgium,BIPT published a notice that Proximus and Orange Belgium had signed a draft agreement to cooperate on FTTH roll?out in parts of Wallonia and that the Competition Authority would review it. The disclosure shows competitive dynamics where Proximus is pursuing scale through partnerships that can accelerate fibre deployment relative to Orange operating alone—potentially altering market share in Belgian regions. The regulator’s involvement indicates scrutiny of how cooperation affects competition.,Proximus and Orange Belgium announced to have signed a draft agreement in order to cooperate to roll out fibre optic networks in a part of Wallonia.,2026-08-20T07:57:38.8909255,regulation
198,https://www.lightreading.com/edge-network/spain-s-telef-nica-on-track-to-deploy-17-edge-nodes-in-2026,Light Reading (article mirror),Spain's Telefónica on track to deploy 17 edge nodes in 2026,2/1/2026,IT Services & Cloud Integration,Spain,"Light Reading reported on Telefónica's conversion of exchanges into edge sites and its target to operate 17 nodes in 2026, highlighting its systematic approach to placing compute at telco sites. This tactical rollout gives Telefónica a head start in productising local cloud and edge workloads for sectors such as finance and public services—evidence of commercial execution that can outpace carriers slower to operationalise edge.",Telefónica is converting old telecoms exchanges into edge data centers as it seeks to bring more compute and storage capacity to the network edge.,2026-08-20T07:57:39.5320366,news
199,https://www.telefonica.com/en/wp-content/uploads/sites/5/2026/02/pr_edge_continuum_mwc2026_29ef07.pdf,Telefónica / joint press PDF,"Press Release: DEUTSCHE TELEKOM, ORANGE, TELEFÓNICA, TIM, AND VODAFONE ACHIEVE THE FIRST PAN?EUROPEAN FEDERATED EDGE CONTINUUM AT MWC 2026",2/23/2026,IT Services & Cloud Integration,Europe,"A multi?operator press release documenting the Edge Continuum demonstration at MWC 2026. While Orange is a partner, the joint statement outlines how Deutsche Telekom, Telefónica and Vodafone are already commercialising edge federation and enterprise use cases. The consolidated effort suggests those competitors are aggressively pursuing interoperable edge deployments and enterprise go?to?market models that could capture multinational customers faster.","At Mobile World Congress 2026, the telcos announce a major milestone for European digital infrastructure: the first live demonstration of the European Edge Continuum...",2026-08-20T07:57:40.1068898,press_release
200,https://www.gruppotim.it/en/press-archive/market/2026/PR-Edge-Continuum-MWC2026-23-02-2026.html,TIM / Gruppo TIM Press,"DEUTSCHE TELEKOM, ORANGE, TELEFÓNICA, TIM, AND VODAFONE ACHIEVE THE FIRST PAN?EUROPEAN FEDERATED EDGE CONTINUUM AT MWC 2026",2/23/2026,IT Services & Cloud Integration,Europe,TIM's press release reiterates the pan?European Edge Continuum demonstration and the operational partnership across five operators. The announcement illustrates how multiple regional operators (including TIM) are coordinating edge sites and APIs to win enterprise workloads across borders—creating a capability set that can give them an advantage over operators focused on national deployments only.,"Deutsche Telekom, Orange, Telefónica, TIM, and Vodafone have successfully federated their edge environments, enabling seamless deployment of applications...",2026-08-20T07:57:41.2352315,press_release
201,https://www.telefonica.com/en/communication-room/press-room/deutsche-telekom-orange-telefonica-tim-vodafone-logran-el-primer-edge-continuum-federado-paneuropeo-en-el-mwc-2026/,Telefónica (Spanish press),"Deutsche Telekom, Orange, Telefónica, TIM and Vodafone achieve the first pan?European federated Edge Continuum at MWC 2026",2/23/2026,Industry & Manufacturing,Europe,"Telefónica's Spanish press page presents the multi?operator Edge Continuum demonstration and use cases for cross?border enterprise services. The coverage emphasises the operational readiness of participating operators, with Telefónica and others publicly framing the technology as ready for enterprise adoption—showing competitive momentum in edge federation that threatens to reallocate enterprise accounts away from operators slower to operationalise cross?border platforms.","At Mobile World Congress 2026, the telcos announce a major milestone for European digital infrastructure: the first live demonstration of the European Edge Continuum...",2026-08-20T07:57:41.8542768,press_release
202,https://www.gsmaintelligence.com/research/industry-checkpoint-private-networks-q3-2026,GSMA Intelligence (private networks report),"Industry Checkpoint: private networks, Q3 2026",7/1/2026,Industry & Manufacturing,Global,"GSMA Intelligence's checkpoint assesses operator momentum in private networks, noting that operators with broad managed service capabilities (e.g., Vodafone, Deutsche Telekom, Verizon) are converting trials into commercial deployments across energy, manufacturing and utilities more rapidly. The report also highlights spectrum and policy trends enabling scaled private network adoption. Enterprises use the GSMA benchmarks to select operators demonstrating faster commercial maturity than Orange in selected regions.",The report considers how momentum continues to build behind operator deployments of private networks; focus is growing on private networks for mission?critical industries...,2026-08-20T07:57:42.9429522,analyst_report
204,https://www.telecoms.com/edge-networking/european-telco-heavyweights-unite-edge-environments,Telecoms.com,European telco heavyweights unite edge environments,3/10/2026,Industry & Manufacturing,Global,"Five major European operators (Deutsche Telekom, Orange, Telefónica, TIM and Vodafone) announced federated edge environments to enable cross-operator deployment of edge applications across their combined footprint. The federation is framed to accelerate enterprise edge adoption (manufacturing, logistics and retail) by offering multi-country service portability and common APIs. This move signals competitors coordinating infrastructure to capture multinational enterprise contracts faster than single-operator regional rollouts.","Deutsche Telekom, Orange, Telefónica, TIM, and Vodafone have federated their edge environments, which they say enables deployment of applications across their combined European footprint.",2026-08-20T09:58:15.2763623,news
207,https://www.mobileworldlive.com/operators/telefonica-tech-targets-cloud-security-boost/,Mobile World Live,Telefonica Tech targets cloud security boost,1/27/2026,Finance & Insurance,United Kingdom,"Telefonica Tech unveiled a managed 'Security Edge' product leveraging Netskope to secure hybrid and cloud-native environments, incorporating AI and zero-trust principles. The product is targeted at enterprises (including finance) needing secure, low-latency connectivity to cloud apps, positioning Telefónica as a trusted integrator of connectivity+security services and enabling it to outcompete operators offering standalone connectivity.","Telefonica Tech targeted a hike in security for companies running hybrid or cloud-native set-ups, offering customers in its UK and Ireland division access to a system running on technology from US specialist Netskope.",2026-08-20T09:58:18.4566057,news
208,https://www.mobileworldlive.com/network-tech/telefonica-bolsters-edge-rollout-in-spain/,Mobile World Live,Telefonica bolsters edge rollout in Spain,2/15/2026,Industry & Manufacturing,Spain,"Telefónica expanded its edge nodes by repurposing telecom exchanges into edge data centers for secure, low-latency workloads. The approach targets industrial, retail and public sector use cases and lets Telefónica offer on-premised and distributed compute faster within national borders than competitors reliant on third-party data centers.",The nodes are housed in Telefonica’s telecoms exchanges and are 'repurposed as edge data centres that meet stringent security and high-availability requirements for deployment and operations'.,2026-08-20T09:58:19.1578385,news
209,https://resources.telegeography.com/pricing-and-enterprise-networks-in-2026,TeleGeography,What to Know About Pricing and Enterprise Networks in 2026,12/18/2025,IT Services & Cloud Integration,Global,"TeleGeography's analysis warns of falling international capacity prices and highlights changes in enterprise WAN procurement, noting hyperscalers and large CSPs capturing more enterprise spend through integrated connectivity+cloud offers. The report underscores how competitors that bundle cloud/edge services (e.g., DT, Vodafone) are eroding traditional telco revenue lines faster than operators that sell stand-alone connectivity.","Content and cloud providers like Google and Meta now dominate international capacity, significantly outpacing traditional internet backbone providers.",2026-08-20T09:58:19.8515374,analyst_report
210,https://www.gsma.com/solutions-and-impact/technologies/networks/gsma_resources/blog-the-case-for-complete-5g/,GSMA,Destination Growth: The Journey to Complete 5G,3/12/2025,FMCG,Global,"GSMA’s 'Complete 5G' framework describes how 5G SA, open APIs and programmable connectivity create new enterprise services across verticals including FMCG (supply chain visibility, in-store analytics). Operators that move quickly to expose APIs and programmable QoS can better monetise enterprise use cases; the report highlights operators with advanced API portfolios (notably Vodafone and Deutsche Telekom).","Complete 5G brings together both technological advances and business model innovation... how to build, deploy and support connectivity-enabled products to enterprises.",2026-08-20T09:58:20.7620852,news
211,https://www.rcrwireless.com/20260720/internet-of-things/push-pull-private-5g-physical-ai,RCR Wireless,When the push becomes the pull – private 5G and physical AI,7/20/2026,Industry & Manufacturing,Global,"Analysis shows enterprises are increasingly 'pulling' private 5G into factories because of physical AI needs (robotics, automation). The article documents multiple operator-led deployments where telcos that integrated AI/edge with private 5G (e.g., AT&T, Verizon, Vodafone) are winning industrial contracts over operators that focus on basic connectivity.","Industrial enterprises – and their technology providers – are increasingly pulling private 5G into factories, plants, and supply chains.",2026-08-20T09:58:21.4829281,news
212,https://www.lightreading.com/ai-machine-learning/verizon-banks-on-network-data-center-investments-for-an-ai-everywhere-future,Light Reading,"Verizon banks on network, data center investments for an AI-everywhere future",1/27/2025,IT Services & Cloud Integration,United States,"Verizon announced 'AI Connect', integrating its fiber, 5G and data center/colocation footprint to support AI workloads at the edge and in core. The initiative reflects a strategy to sell integrated connectivity+compute to enterprises and cloud customers, accelerating time-to-market for AI-enabled services and outpacing operators focused only on radio access expansion.","Verizon's AI Connect scheme will stitch together data center colocation and edge computing resources, plus Verizon's fiber and 5G network infrastructure.",2026-08-20T09:58:22.2565162,news
213,https://www.mobileinsights.mobileworldlive.com/insight-mwc25-barcelona/private-5g-must-scale-with-vertical-use-cases-and-edge-native-ai-or-quietly-fade-away,Mobile Insights / Mobile World Live,"Private 5G must scale with vertical use cases and edge-native AI, or quietly fade away",3/5/2025,Retail & Customer Experience,Global,"Insight piece argues private 5G success depends on edge-native AI and integration with systems integrators; telcos offering joint SI+connectivity solutions (Vodafone, Telefónica, Deutsche Telekom) are seeing higher enterprise traction. The article warns pure-connectivity approaches risk losing share to operators and partners assembling full-stack vertical solutions.",Private 5G as a segment is also benefitting from a healthy dose of realism... increasing attention is being paid to filling the gaps in the proposition.,2026-08-20T09:58:22.9592788,news
214,https://www.telegeography.com/hubfs/LP-Assets/Ebooks/State%20of%20the%20Network%202026_TeleGeography.pdf,TeleGeography (State of the Network 2026),State of the Network 2026,1/10/2026,IT Services & Cloud Integration,Global,"TeleGeography's 2026 report documents a surge in submarine cable investment and highlights hyperscalers’ dominance of international capacity. The market shift benefits operators that partner with cloud providers or can offer integrated submarine/fiber+cloud services, enabling faster enterprise offerings than telcos dependent on legacy wholesale models.","A massive surge in submarine cable investment, projected to exceed $14 billion through 2027... Content and cloud providers like Google and Meta now dominate international capacity.",2026-08-20T09:58:23.6633829,analyst_report
215,https://www.rcrwireless.com/20250820/fundamentals/private-5g-20-sns,RCR Wireless (features),Private 5G installations and impacts – 20+ of the best,8/20/2025,Industry & Manufacturing,Global,"RCR Wireless compiled over 20 private 5G deployments across industries (automotive, manufacturing, ports). The case studies show telcos offering integrated private networks with edge compute and application stacks (not just radios), and name operators such as Vodafone and Ericsson-led projects winning complex industrial deployments versus less integrated competitors.","The electric automaker is integrating private 5G network infrastructure to address high-impact use cases in production, intralogistics, and quality operations across its global manufacturing facilities.",2026-08-20T09:58:24.4613625,news
216,https://www.mobileworldlive.com/case-studies/case-study-nearby-computing-facilitates-telefonica-techs-5g-mobile-private-network-deployments/,Mobile World Live,Nearby Computing Facilitates Telefónica Tech’s 5G Mobile Private Network Deployments,2/13/2025,Industry & Manufacturing,Global,"Telefónica Tech described deployments of private 5G for industrial customers leveraging nearby computing (edge) to deliver low-latency applications and centralised orchestration. The case study explains how Telefónica bundles connectivity, edge compute and managed services to accelerate adoption in manufacturing and logistics, signalling a strong commercial push against peers.",CASE STUDY: Nearby Computing Facilitates Telefónica Tech’s 5G Mobile Private Network Deployments.,2026-08-20T10:11:46.2486308,news
217,https://www.fierce-network.com/newswire/telefonica-and-google-cloud-extend-strategic-partnership,Fierce Network,Telefónica and Google Cloud extend strategic partnership,5/15/2024,IT Services & Cloud Integration,Global,"Telefónica renewed and extended its partnership with Google Cloud to deliver cloud-native and AI-enabled services to enterprise customers. The partnership focuses on data, GenAI and telco-cloud integration and demonstrates Telefónica’s strategy to partner with hyperscalers to accelerate vertical solutions — an approach used to outcompete operators that rely primarily on in-house stacks.","Telefónica will leverage Google Cloud's technology, especially in data and Gen AI, to explore new innovation projects for its customers.",2026-08-20T10:11:47.1774545,news
218,https://www.telecoms.com/communications-service-provider/major-telecoms-trends-for-2026,Telecoms.com,Major telecoms trends for 2026,1/15/2026,Public Sector & Defense,Global,"Analysis of 2026 trends highlights the shift to SA 5G, edge-native AI, and operator-hyperscaler alliances to serve public sector and critical infrastructure. The briefing argues that operators who accelerate SA, federation of edge, and cloud partnerships will gain enterprise market share at the expense of slower incumbents.","As we enter the new year, we gaze into the telecoms crystal ball and share with you what we believe will be the biggest telecoms themes in 2026.",2026-08-20T10:11:48.0044360,news
219,https://www.gsma.com/connectivity-for-good/spectrum/private-mobile-network-strategies-gain-momentum/,GSMA,Private mobile network strategies gain momentum,11/1/2024,Industry & Manufacturing,Finland/Europe,"The GSMA policy note details spectrum approaches enabling private mobile networks, using Finland as an example where licence policies allow operators to provision PMNs without spectrum carve-outs. It highlights how operators that adapt to flexible spectrum and enterprise licensing capture manufacturing and industrial clients more effectively.",Licence conditions in the 3500 MHz mobile spectrum auction in 2018 fostered the provision of private network services without a dedicated set-aside.,2026-08-20T10:11:49.0272644,news
220,https://www.mobileworldlive.com/case-studies/empowering-global-manufacturing-with-5g/,Mobile World Live (PDF case study),Empowering global manufacturing with 5G,7/1/2026,Industry & Manufacturing,Global,"A Mobile World Live case study describing China Unicom’s 5G+ Unified Industrial Control Platform that integrates 5G connectivity with centralised cloud and distributed MEC to enable AI-powered industrial control. The document shows how operators using deep integration of edge, 5G and AI can win large manufacturing customers.",5G+ Unified Industrial Control Platform integrates 5G connectivity with centralised cloud and distributed mobile edge computing (MEC).,2026-08-20T10:11:49.9752113,news
221,https://content.rcrwireless.com/5g-market-pulse-report-2025,RCR Wireless News,5G Market Pulse Report 2025,9/15/2025,FMCG,Global,"RCR's market pulse examines global 5G rollout progress and monetisation challenges, noting that operators who provide vertical-specific managed services (e.g., retail/FMCG analytics via private networks and edge AI) show stronger enterprise traction. The report contrasts faster-to-market competitors with operators still focused mainly on consumer connectivity.","5G deployments continue to expand, but the challenge of monetization remains.",2026-08-20T10:11:51.1507221,news
222,https://www.telecoms.com/partner-content/mwc-2026-telco-computing-infrastructure-for-agentic-ai,Telecoms.com (Partner Content),MWC 2026: Telco Computing Infrastructure for Agentic AI,3/5/2026,IT Services & Cloud Integration,Global,"At MWC 2026, operator and vendor speakers emphasised telco compute infrastructure readiness for agentic AI, arguing operators that provide secure edge inference and orchestration will capture enterprise AI workloads. The piece notes vendor strategies and operator pilots that outpace competitors in deploying compute close to customers.",Robust computing infrastructure – especially for the telco operators who play a massive role in connecting AI applications and devices – has become more important than ever.,2026-08-20T10:11:51.9943115,news
223,https://www.telecoms.com/edge-networking/,Telecoms.com,Edge Networking - recent analysis and news,4/1/2026,Retail & Customer Experience,Global,Ongoing Telecoms.com coverage on monetising distributed edge details operator strategies to deliver retail and in-store experiences via edge AI and private connectivity. The series highlights telcos working with system integrators and hyperscalers to roll out edge-enabled retail analytics faster than peers relying on legacy CDN models.,Edge Networking Edge Networking Monetizing distributed edge at scale: The new commercial operating model for telcos.,2026-08-20T10:11:53.4973445,news
224,https://www.fierce-network.com/cloud/mwc-google-cloud-targets-telco-networks-operations-and-more-ai,Fierce Network,"MWC 2026: Google Cloud targets telco networks, operations and more with AI",3/4/2026,IT Services & Cloud Integration,Global,Coverage from MWC 2026 summarises Google Cloud’s push to help telcos adopt AI for network automation and new enterprise services. The article underscores operators partnering with hyperscalers to accelerate deployments — a route some competitors are using to out-execute operators with heavier legacy stacks.,"Google Cloud is pushing to help telcos achieve Level 4 to 5 autonomy — aka a network that identifies, diagnoses and fixes its own problems without humans.",2026-08-20T10:11:54.3502658,news
225,https://mobileinsights.mobileworldlive.com/insight-mwc25-barcelona/private-5g-must-scale-with-vertical-use-cases-and-edge-native-ai-or-quietly-fade-away,Mobile World Live - Insights,"Private 5G must scale with vertical use cases and edge-native AI, or quietly fade away",2/1/2025,Industry & Manufacturing,Global,"Insight argues private 5G needs edge-native AI and ecosystem models to scale; operators that combine private radio, MEC and software ecosystems (system integrators, hyperscalers) are gaining manufacturing and logistics contracts. This dynamic advantages operators with active enterprise go-to-market models over more consumer-focused incumbents.",Private 5G increasingly plugs the gaps in the proposition in combination with edge compute and AI.,2026-08-20T10:11:55.2919380,news
226,https://www.fierce-network.com/wireless/o2-telefonica-gets-its-hands-dirty-open-ran-and-cloud-core,Fierce Network,O2 Telefónica gets its hands dirty with open RAN and cloud core,5/21/2024,IT Services & Cloud Integration,Germany,"Coverage of O2 Telefónica’s open RAN and cloud core efforts highlights a disaggregated, multi-vendor approach that reduces vendor lock-in and aims to speed deployments. The strategy is presented as enabling faster introduction of new services for enterprise verticals, giving Telefónica a potential advantage over operators slower to adopt open architectures.","O2 Telefónica CTIO Mallik Rao explained how its open RAN ambitions are part of a broader disaggregated, cloud-oriented strategy.",2026-08-20T10:11:56.2158993,news
227,https://www.mobileworldlive.com/att/feature-att-accenture-reveal-ai-private-5g-challenges/,Mobile World Live,"AT&T, Accenture reveal AI, private 5G challenges",10/10/2024,Industry & Manufacturing,United States,"Feature on an AT&T and Accenture joint project at an LPG site demonstrates how AT&T combines private 5G, AI and systems integrator support to modernise operations. The article underlines AT&T’s model of operator + SI + hyperscaler to win industrial deals, showing a commercial template that can outpace telcos that lack similar partnerships.",AT&T employed AI and private 5G to update operations at an LPG site in North America.,2026-08-20T10:11:57.1295763,news
229,https://www.rcrwireless.com/20260303/private-5g/verizon-rejigs-private-5g-team-nokia-nears-private-5g-sale,RCR Wireless News,Verizon rejigs private 5G team; Nokia nears private 5G sale?,3/3/2026,Public Sector & Defense,United States,"RCR reports Verizon reorganised its private 5G leadership to accelerate go-to-market, signalling a renewed commercial push into enterprise and public sector accounts. The story positions Verizon as rapidly adjusting organisationally to capture vertical deals more quickly than some rivals.",Verizon Business confirmed changes in its private 5G leadership as it seeks to accelerate enterprise traction.,2026-08-20T10:11:58.8661389,news
230,https://www.fierce-network.com/wireless/o2-telefonica-takes-issu-ericsson-core-network-deal,Fierce Network,O2 Telefónica extends core network deal with Ericsson,3/10/2024,IT Services & Cloud Integration,Germany,"Fierce Network reported Telefónica Deutschland's multi-year extension with Ericsson for core network functions, reinforcing a multi-vendor and multi-cloud posture. The extension helps Telefónica Deutschland scale cloud-native core functions to serve enterprise customers across regulated verticals faster than operators tied to older monolithic cores.",O2 Telefónica flagged the 'multi-year' extension of its existing core network partnership with Ericsson.,2026-08-20T10:11:59.8789103,news
231,https://www.fierce-network.com/cloud/google-cloud-exec-dishes-how-telcos-are-actually-using-ai,Fierce Network,Google Cloud exec dishes on how telcos are actually using AI,8/20/2024,Finance & Insurance,Global,"Google Cloud's exec describes telcos moving from chatbots to scaled AI across network operations, field ops and sales. The article documents how operators that partner effectively with hyperscalers are accelerating enterprise AI use cases, winning vertical contracts in finance and insurance through data/AI-enabled services.","Telcos are now looking at use cases spanning network operations, field operations and sales and marketing.",2026-08-20T10:12:00.7119031,news
232,https://www.telecoms.com/automation/autonomous-networks-2026-the-year-of-network-intelligence,Telecoms.com,2026: the year of network intelligence,1/10/2026,Public Sector & Defense,Global,"An industry viewpoint describing the maturation of autonomous networks in 2026 and how operators investing in network intelligence and automation can offer reliable, secure services to critical public sector customers. The article highlights aggressive vendor/operator pilots aimed at capturing regulated verticals.",Autonomous networks 2026: the year of network intelligence.,2026-08-20T10:12:01.6658637,news
233,https://www.fierce-network.com/cloud/mwc-2026-red-hat-drives-toward-cloud-native-and-ai-ready-telcos,Fierce Network,MWC 2026: Red Hat drives toward cloud-native and AI-ready telcos,3/3/2026,IT Services & Cloud Integration,Global,Red Hat showcased cloud-native telco platforms at MWC 2026 that aim to accelerate operators' AI-readiness. The coverage describes how operators using cloud-native platforms and partner ecosystems can roll out enterprise services faster than those with legacy infrastructure.,Red Hat deepens global telco partnerships to accelerate cloud-native transformation and build AI-ready networks.,2026-08-20T10:12:03.1436282,news
234,https://www.rcrwireless.com/20260428/network-infrastructure/verizon-big-ai-summer,RCR Wireless News,Record results already and major changes ahead – Verizon preps for big AI summer,4/28/2026,Retail & Customer Experience,United States,RCR reports Verizon's operational AI initiatives to automate network operations and create micro-segmented customer offers; the company expects to autonomously resolve the majority of network issues and use AI to deliver tailored retail experiences. The story portrays Verizon as scaling AI operationally faster than many competitors.,Verizon is using AI to autonomously solve 85% of network issues and 'micro-segment' customers.,2026-08-20T10:12:04.0079733,news
235,https://www.gsma.com/solutions-and-impact/technologies/networks/,GSMA,Networks and 5G Futures,6/1/2026,Industry & Manufacturing,Global,"GSMA's Networks and 5G Futures community publishes guidance and case studies on 5G SA, private networks and APIs for developers. The hub highlights operator initiatives to convert SA and edge capabilities into vertical services (manufacturing, logistics), demonstrating competitive differentiation by early SA adopters.","The initiative is opening up mobile networks to developer and software communities, enabling Network Operators to foster the development of new, innovative business models.",2026-08-20T10:12:04.9817355,news
236,https://www.gsma.com/5GHub//case-studies,GSMA 5G Business Accelerator Hub,GSMA 5G Business Accelerator Hub - Case Studies,6/15/2026,FMCG,Global,"The GSMA 5G Business Accelerator Hub collects vertical case studies showing operator deployments across FMCG, retail and logistics — including use cases for inventory, AR retail experiences and in-store analytics. The hub highlights how operators that package connectivity, edge compute and analytics win FMCG and retail contracts.","The world’s most innovative 5G solutions ... Smart production, Retail, Entertainment and Productivity case studies.",2026-08-20T10:12:05.8426460,news
237,https://www.telekom.com/en/media/media-information/archive/milestone-for-europe-s-digital-sovereignty-1102498,Deutsche Telekom Media,Milestone for Europe’s digital sovereignty,2/23/2026,IT Services & Cloud Integration,Global,"Deutsche Telekom led a live demonstration at MWC 2026 of a federated European Edge Continuum in partnership with Orange, Telefónica, TIM and Vodafone. The initiative shows operators federating edge clouds to deliver low-latency, sovereign compute for enterprise workloads, enabling cross-border application deployment and consistent SLAs. This execution accelerates operator-led edge offerings versus legacy carrier models by delivering a production-capable federated fabric aimed at hyperscaler parity in developer experience and sovereign workloads.","At Mobile World Congress 2026, Deutsche Telekom, Orange, Telefónica, TIM and Vodafone announce the successful live demonstration of the European Edge Continuum - the first federated edge cloud connecting the networks of Europe’s five largest operators.",2026-08-21T07:44:45.1511618,news
239,https://netify.co.uk/sase/vendors/vodafone-business/,Netify (Vodafone SASE profile),Vodafone Business: SD-WAN and SASE capability profile,8/1/2026,Finance & Insurance,United Kingdom,"Netify profiles Vodafone Business SASE and SD-WAN offerings, noting Vodafone's integration of third-party cloud security (e.g., Zscaler) and managed security operations. For financial services, Vodafone's managed SASE plus multi-access connectivity gives a stronger packaged proposition than carriers offering point solutions. The analysis shows how Vodafone is combining mobile, fixed and security to capture regulated finance and insurance workloads.",Security and SASE capability Managed security wraps the chosen platform with cloud security partnerships (including Zscaler-based offers) and Vodafone's security operations.,2026-08-21T07:44:47.6983444,news
240,https://www.vodafone.com/business/products/fixed-connectivity/sd-wan/sase,Vodafone Business,Vodafone Business Secure Access Service Edge (SASE),7/15/2026,Finance & Insurance,Global,"Vodafone's product page details an integrated SASE solution combining SD-WAN and cloud security to protect applications and devices. The offering targets regulated verticals with managed security, multi-access connectivity and SLA-backed performance — a commercial approach that bundles services carriers like Orange have been slower to package. This demonstrates Vodafone capturing enterprise customers seeking single-vendor managed connectivity + security stacks.","Secure Access Service Edge (SASE) brings together SD-WAN and security in the cloud to help you create a high-performing environment that’s protected at the network, application and device layers.",2026-08-21T07:44:49.2285357,news
241,https://www.telefonica.com/en/wp-content/uploads/sites/5/2026/02/pr_telefonica_autonomous_networks-.pdf,Telefónica Press Release (ANJ),Telefónica accelerates its transformation to Autonomous Networks and AI,2/18/2026,IT Services & Cloud Integration,Global,"Telefónica's Autonomous Network Journey (ANJ) document reports reaching multiple Level 4 autonomous use cases by end-2025, demonstrating advanced AI-driven network operations and automation. The paper describes use cases that deliver faster provisioning and closed-loop fault remediation for enterprise clients, offering superior time-to-market versus legacy manual carrier operations. This operational maturity strengthens Telefónica's competitive lead in operator-run network automation for cloud-native workloads.","Telefónica finished 2025 with a total of 12 Level 4 use cases, a category that already reflects a very advanced level in the development of autonomous networks.",2026-08-21T07:44:50.6436983,press_release
242,https://www.webwire.com/ViewPressRel.asp?aId=337867,WebWire / Press release (Vodafone & Fortinet),Vodafone Business and Fortinet Expand Global Partnership,2/10/2025,Public Sector & Defense,Global,"The Vodafone-Fortinet expanded partnership extends Unified SASE and converged security services across Vodafone's footprint. The partnership provides more rapid deployment of carrier-backed security fabrics for sensitive public sector and defense-related customers, accelerating time-to-security compared with fragmented vendor integrations. It indicates carriers leveraging best-in-class security platform partnerships to outpace legacy, slower integrations.","Vodafone Business and Fortinet announced an expanded global partnership, extending the reach of their converged networking and cybersecurity services to additional countries across Europe and Asia.",2026-08-21T07:44:52.0145418,press_release
243,https://www.einnews.com/pr_news/807724021/vodafone-business-and-fortinet-expand-global-partnership-to-secure-hybrid-work,EIN News (Vodafone & Fortinet),Vodafone Business and Fortinet expand global partnership to secure hybrid work,2/10/2025,IT Services & Cloud Integration,Global,"Industry press reports on Vodafone and Fortinet's global deal to deliver converged networking and security solutions for hybrid work. The coverage highlights carrier-market acceleration of managed security fabrics delivering unified SASE services — outpacing carriers that rely on disparate vendor stacks. This trend shows operators capturing enterprise security workloads through managed, global platform deals.",Vodafone Business expands its converged networking and cybersecurity services powered by the Fortinet Unified SASE solution to new global markets.,2026-08-21T07:44:53.2964980,press_release
244,https://www.rcrwireless.com/20260224/network-infrastructure/telefonica-extends-ai-automation-enterprise-edge,RCR Wireless,"Telefónica extends AI automation, expands enterprise edge",2/24/2026,Industry & Manufacturing,Global,"RCR Wireless reports Telefónica's expansion of AI-driven automation and enterprise edge services ahead of MWC 2026, including Level 4 autonomous network use cases. The story details enterprise edge expansions and partnerships that enable manufacturing-grade SLAs and near-real-time analytics. Telefónica's operational deployments position it to compete with hyperscalers for industrial IoT workloads by delivering integrated, carrier-grade edge services.","Telefónica has detailed advances in AI-driven network automation and enterprise edge. It has 12 level-4 autonomous use cases across Spain, Germany and Brazil.",2026-08-21T07:44:54.5868159,news
245,https://news.europawire.eu/five-major-european-telecom-operators-launch-first-federated-edge-cloud-to-strengthen-digital-sovereignty-at-mwc-2026/eu-press-release/2026/02/23/13/48/21/170204/,EuropaWire,Five Major European Telecom Operators Launch First Federated Edge Cloud to strengthen digital sovereignty at MWC 2026,2/23/2026,Finance & Insurance,Europe,EuropaWire covers the joint press positioning of five major European operators demonstrating a federated edge cloud to support sovereign workloads for regulated industries like finance. The article stresses the IPCEI-CIS project backing and the demonstration's relevance for compliance-driven verticals seeking European-controlled compute. Operators collaborating on sovereign edge capability demonstrate a differentiated execution path from carriers that rely solely on third-party cloud regions.,"Deutsche Telekom, Orange, Telefónica, TIM, and Vodafone have jointly demonstrated the European Edge Continuum at Mobile World Congress 2026, establishing the first federated pan-European edge cloud.",2026-08-21T07:44:55.8527139,press_release
246,https://news.europawire.eu/new-initiative-positions-telefonica-at-forefront-of-intelligent-network-automation-and-monetization-innovation/eu-press-release/2026/02/20/15/16/57/170135/,EuropaWire (Telefónica & Mavenir),Telefónica and Mavenir sign MoU to create AI Innovation Hub,2/20/2026,IT Services & Cloud Integration,Global,"EuropaWire reports a Telefónica-Mavenir MoU to create an AI Innovation Hub for integrating AI into telecom core and network automation. The collaboration establishes a development and validation environment for AI-driven network functions and monetization models, enabling rapid enterprise service deployment. This partnership demonstrates Telefónica's faster path to operational AI and potential competitive lead over carriers slower to embed AI into network monetization.",Telefónica and Mavenir Systems Limited have signed a Memorandum of Understanding to create a joint AI Innovation Hub aimed at accelerating the integration of artificial intelligence into next-generation telecom core networks.,2026-08-21T07:44:57.6623912,press_release
247,https://investors.att.com/news-and-events/news-releases/2026,AT&T Investor News Releases 2026,AT&T News Releases 2026,5/1/2026,Industry & Manufacturing,United States,"AT&T's 2026 newsroom lists multiple announcements including investments in fiber, private wireless and enterprise edge solutions to support manufacturing and logistics. The operator continues to advance proprietary metro-fiber footprints and bundled private 5G + edge offerings, accelerating time-to-deploy for industrial clients compared with slower legacy services. AT&T's documented rollout shows carriers investing in owned fiber and edge to reduce hyperscaler dependency for latency-sensitive workloads.",News Releases 2026 Investor Relations> News & Events> News Releases> 2026,2026-08-21T07:44:59.5075521,press_release
248,https://www.verizon.com/business/products/5g/edge-computing/private-mec/,Verizon Business,Verizon 5G Edge with Private MEC,6/10/2026,Industry & Manufacturing,United States,"Verizon's product page describes a managed Private MEC offering tightly integrated with private wireless, emphasising on-premises compute for manufacturing and logistics. The solution is positioned to deliver deterministic latency, secure data residency and operational AI inference at the enterprise edge — use cases where Verizon's integrated approach can outpace carriers that separate edge compute and connectivity. Case studies show Verizon winning manufacturing deployments by combining fiber, private 5G and MEC.","Verizon's 5G Edge with Private MEC solution provides a fully managed, on-premises cloud computing platform integrated with its private wireless network.",2026-08-21T07:45:01.0419951,news
249,https://transpacificnetworks.com/,Trans Pacific Networks (TPN),Trans Pacific Networks - subsea cable Echo and Tabua updates,5/10/2026,IT Services & Cloud Integration,Global,"TPN's site details their proprietary Echo and Tabua subsea cable projects targeting ready-for-service milestones in 2026, offering direct low-latency Asia-US corridors. Independent cable owners like TPN change competitive dynamics by providing direct capacity to hyperscalers, carriers and enterprises, enabling operators with owned routes to differentiate from leased/wholesale-dependent carriers. These proprietary non-EMEA fiber investments accelerate access to transpacific capacity and can be used as a competitive moat.","Trans Pacific Networks (TPN) is developing and operating a next-generation portfolio of submarine cable assets that provide direct, low-latency digital corridors across the Pacific.",2026-08-21T07:45:02.1235289,news
250,https://www.spglobal.com/market-intelligence/en/news-insights/research/2026/05/new-subsea-cable-developments-q1-2026,S&P Global Market Intelligence,"New subsea cable developments, Q1 2026",5/22/2026,Finance & Insurance,Global,"S&P Global's Q1 2026 subsea cable roundup analyses new cable systems and investment flows, showing major carriers and independent owners increasing trans-oceanic capacity. The report connects subsea investments to financial markets and cloud connectivity demand, noting that carriers with owned routes or committed capacity can offer differentiated low-latency routes for finance (trading) customers. This market movement highlights how non-EMEA fiber owners outpace carriers reliant on third-party capacity.","Subsea cable infrastructure is undergoing a rapid and sustained expansion, reflecting how important cross-border connectivity has become to the modern economy.",2026-08-21T07:45:03.3291314,analyst_report
251,https://resources.telegeography.com/building-tomorrows-internet-an-update-on-new-cable-investment,Telegeography,Building Tomorrow’s Internet: A 2026 Update on Cable Investment,6/1/2026,IT Services & Cloud Integration,Global,"Telegeography's resource notes $16bn+ of submarine cable investment from 2026-2029 and analyses operators, hyperscalers and private owners competing on route control. The analysis shows how new cables enable carriers and hyperscalers to provide sovereign, low-latency corridors for enterprise verticals such as finance and cloud native applications. Operators investing in proprietary fiber routes gain strategic capacity advantages over carriers that rely on wholesale options.",The value of new submarine cables planned to enter service from 2026-2029 exceeds $16 billion.,2026-08-21T07:45:04.0666511,analyst_report
252,https://transpacificnetworks.com/news/,Trans Pacific Networks - News,TPN detailed technical update on Echo subsea cable (2026 RFS target),4/15/2026,IT Services & Cloud Integration,Global,"TPN's news update gives a technical view of the Echo subsea cable system targeting Ready-for-Service in 2026, including route, capacity and PoP plans. The update shows independent cable players aggressively executing transpacific capacity buildouts, enabling carriers and enterprises to secure direct routes and bypass congested wholesale paths. This trend pressures legacy carriers dependent on leased capacity and accelerates service-level differentiation for latency-sensitive verticals.",Excited to share an update from Trans Pacific Networks (TPN) as we move toward the 2026 Ready-for-Service milestones for our two major subsea cable assets: Echo and Tabua.,2026-08-21T07:45:04.8541345,news
253,https://www.subseacables.net/featured-articles/new-transpacific-routes-are-reshaping-asia-u-s-connectivity/,SubseaCables.net,New Transpacific Routes Are Reshaping Asia–U.S. Connectivity,6/12/2026,Finance & Insurance,Global,"SubseaCables.net analyses new transpacific cable routes reshaping connectivity between Asia and the U.S., noting the strategic significance for cloud, content and financial markets. The article explains how proprietary routes reduce latency for trading and cross-border financial services, giving owners and carriers with route control a competitive edge. Operators and hyperscalers investing in these routes are outpacing carriers reliant on third-party capacity.","The transpacific corridor is entering a new phase of development... The Pacific connects the largest concentrations of internet users, cloud infrastructure, financial markets, and digital economies across Asia and North America.",2026-08-21T07:45:06.1994089,news
254,https://www.submarinenetworks.com/en/systems/trans-pacific/tpu,SubmarineNetworks.com (TPU system),TPU cable system status and timelines,3/30/2026,IT Services & Cloud Integration,Global,"SubmarineNetworks documents the TPU system and its 2026 readiness targets, listing hyperscaler involvement and branching units. The page highlights how hyperscalers and independent owners extend transpacific capacity, altering who controls route-level performance and enabling faster provisioning of sovereign cloud interconnects. This strengthens competitive positions of players owning fiber compared with carriers that are wholesale-dependent.",The TPU cable system is expected to be ready for service in 2026... Google announced to extend the TPU cable system with a branching unit...,2026-08-21T07:45:07.6409150,news
255,https://www.subcablenews.com/,SubCableNews,SubCableNews - industry headlines and cable market analysis (2026 updates),8/1/2026,IT Services & Cloud Integration,Global,"SubCableNews provides ongoing coverage of submarine cable deals, policy and milestones in 2026, highlighting how carriers and non-traditional owners are rapidly adding capacity. The publication tracks how route ownership and new cable builds enable faster, differentiated enterprise services (finance, cloud). Independent reporting underscores a structural shift favoring players that control fiber assets versus legacy carriers with limited ownership.",The Newsletter for the submarine cable market offers latest facts and comprehensive information about projects and companies in the industry.,2026-08-21T07:45:08.4026345,news
256,https://www.maritimenews.com/subsea-cables/subsea-cable-policy-project-milestones-2026,Maritime News,Subsea cable policy shifts and projects in May 2026,6/10/2026,Public Sector & Defense,Global,"Maritime News summarises policy initiatives and project milestones in the subsea cable sector in 2026, including legislative activity like the U.S. Strategic Subsea Cables Act. The coverage links national policy to strategic infrastructure deployment, explaining how regulatory momentum enables new owners to build route control and offer sovereign connectivity to public sector customers. This accelerates commercial opportunities for carriers and hyperscalers moving faster than legacy firms without similar strategic focus.","From late April to late May 2026, the subsea cable sector witnessed numerous policy initiatives, infrastructure milestones, and service awards.",2026-08-21T07:45:09.7611161,news
257,https://economie.fgov.be/en/themes/online/broadband-competence-office/knowledge-centre/fiber-map,Belgian Federal Public Service Economy (Fibre map),Fiber Map - FPS Economy (Belgium),4/29/2026,Retail & Customer Experience,Belgium,"Belgium's FPS Economy page references the BIPT fiber map and guidance, noting updates through April 2026. The public resource helps enterprises and local authorities plan digital projects and select operators with the fastest fiber rollout, creating a competitive dataset used by retail and FMCG customers. Regulatory transparency advantages operators that commit to FTTH and provides evidence of faster rollouts relative to slower incumbents.",The BIPT (Belgian Institute for Postal Services and Telecommunications) is drawing up a fiber map that shows the rollout of FTTH (Fiber To The Home).,2026-08-21T07:45:10.4377525,regulation
258,https://www.bundesnetzagentur.de/DE/Fachthemen/Telekommunikation/Breitband/2GAbschaltung/start.html,Bundesnetzagentur (BNetzA),Information on 2G shutdown in Germany,7/1/2026,Public Sector & Defense,Germany,"BNetzA's 2G shutdown information page documents operator timelines, noting Deutsche Telekom, Vodafone and Telefónica's planned 2G retirement around 2028. The regulator's public roadmap supports enterprise migration planning (IoT, emergency services) and benefits operators that have already invested in LTE/5G migration tools and managed IoT fallback — enabling faster enterprise onboarding. Regulators publishing clear shutdown plans create competitive pressure on carriers to accelerate migration services and automated device transition offerings.","The Netzagentur page explains that Telekom, Vodafone and Telefónica have announced plans to switch off 2G networks, with target dates around 2028.",2026-08-21T07:45:11.0688755,regulation
259,https://www.telefonica.com/en/communication-room/press-room/telefonica-google-cloud-partner-deliver-sovereign-cloud-solutions-spanish-organizations/,Telefónica - Press Room,Telefónica and Google Cloud partner to deliver sovereign cloud solutions for Spanish organisations,5/28/2026,Public Sector & Defense,Spain,"Telefónica Tech and Google Cloud announced a sovereign cloud partnership targeted at Spanish public administrations and regulated enterprises. By combining Telefónica's local network footprint and Google Cloud's data-boundary and sovereign controls, the duo offers a faster path to compliant cloud services, which positions Telefónica ahead of operators that lack deep hyperscaler joint offerings and sovereign controls.",Telefónica Tech and Google Cloud today announced a strategic partnership to deliver a new sovereign cloud offering enabling Spanish public administrations and private companies...,2026-08-21T08:22:17.9709567,press_release
260,https://media.telefonicatech.com/telefonicatech/uploads/2026/5/pr_telefonica_google_cloud.pdf,Telefónica Tech - Press (PDF),Telefónica Tech & Google Cloud: Sovereign cloud for Spain (press kit),5/28/2026,Finance & Insurance,Spain,"The Telefónica Tech press kit details capabilities for regulated sectors including finance: local data residency, contracted boundaries, and managed services for secure AI workloads. This joint approach accelerates time-to-market for sovereign workloads versus carriers offering generic cloud/hosting services alone.","enable Spanish public administrations and private companies, particularly those in highly regulated sectors, to maintain strict control over their data...",2026-08-21T08:22:19.3882265,press_release
261,https://www.vodafone.com/business/products/mobile-connectivity/mobile-private-networks,Vodafone Business - Mobile Private Networks,Mobile Private Networks - Vodafone Business,7/1/2026,Industry & Manufacturing,Global,Vodafone's product page outlines dedicated MEC and private 5G packages that combine connectivity with edge compute for real-time industrial control and retail analytics. The bundled offering and end-to-end services show Vodafone advancing integrated private network + edge stacks that can be faster for enterprise adoption than carriers that separate connectivity and compute.,Leverage real-time decision-making and unlock new possibilities by bringing the cloud closer to the devices that need it with Mobile Private Networks.,2026-08-21T08:22:21.2725214,news
262,https://www.rcrwireless.com/20260603/carriers/telefonica-google,RCR Wireless News,"Telefónica, Google Cloud boost Spain’s sovereign cloud ambitions",6/3/2026,Public Sector & Defense,Spain,RCR Wireless coverage explains the Telefónica–Google Cloud sovereign offering and how it leverages Google Cloud Data Boundary features in Madrid. The analysis highlights that operator–hyperscaler tie-ups provide faster sovereign cloud adoption for regulated customers than legacy telco-only solutions.,Telefónica has partnered with Google Cloud to offer a sovereign cloud service aimed at Spanish public administrations and private organizations.,2026-08-21T08:22:22.6561262,news
263,https://press.aboutamazon.com/2026/2/at-t-aws-and-amazon-leo-collaborate-to-accelerate-modernization-of-nations-connectivity-infrastructure,Amazon (press),"AT&T, AWS and Amazon collaborate to accelerate modernization of connectivity infrastructure",2/24/2026,IT Services & Cloud Integration,United States,"AT&T announced expanded collaboration with AWS to combine AT&T's fiber and connectivity with AWS cloud and AI capabilities to deliver resilient, scalable connectivity and new business-grade services. This hyperscaler-operator partnership accelerates integrated fiber-to-cloud offerings that can outpace carriers who have not built similar hyperscaler-native paths.","By combining AT&T's leadership in advanced fiber networking with AWS's cloud and AI capabilities, we're creating new opportunities to deliver innovative services...",2026-08-21T08:22:24.0700576,press_release
264,https://about.att.com/story/2026/aws-collaboration-scalable-business-ai.html,AT&T - Newsroom,AT&T and AWS collaborate on scalable connectivity for business AI,2/24/2026,Finance & Insurance,United States,"AT&T describes joint offerings that simplify premises-to-cloud connectivity for AI workloads, providing managed last-mile, fiber and virtualization for enterprise AI. The integrated stack demonstrates how AT&T is positioning itself with hyperscaler partners to deliver turnkey AI-grade connectivity compared to legacy options from carriers lacking such integrations.",New offering helps enterprises simplify premises?to?cloud connectivity and scale AI with greater performance and control.,2026-08-21T08:22:25.4964789,press_release
265,https://www.fierce-network.com/cloud/aws-att-data-center-fiber-collab-boosts-cloud-satellite-connectivity,Fierce Network,"AT&T launches 'massive' cloud migration, with fiber and satellite deal",2/25/2026,IT Services & Cloud Integration,United States,"Fierce Network reports on AT&T’s cloud migration and AWS collaboration, highlighting AT&T's strategy to integrate Outposts and other cloud technologies with its fiber backbone to support distributed AI and low-latency services. The commercial focus on fiber and cloud tie-ins enables faster enterprise deployments than carriers relying on third-party transport only.",AT&T has existing cloud partnerships... using Outposts alongside other cloud offerings enables us to diversify and optimize our hybrid strategy...,2026-08-21T08:22:26.8127281,news
266,https://www.verizon.com/business/resources/edge/,Verizon Business - Edge Resources,5G Edge Computing Resources and Business Insights - Verizon,7/18/2025,Public Sector & Defense,United States,"Verizon’s resource hub and white papers describe private MEC, public MEC and edge use cases for public safety and defence. Verizon’s early commercialisation of private MEC and integrated edge solutions demonstrates a route to market that can outpace carriers slow to productize MEC for regulated verticals.",Private MEC provides a low latency 5G connection that consists of a private onsite radio access network (RAN) with private MEC infrastructure.,2026-08-21T08:22:28.0602543,news
267,https://www.subseacables.net/submarine-cables-updates/verizon-and-partners-unveil-next-generation-submarine-cable-connecting-asia-and-the-united-states-named-e2a/,SubseaCables.net,Verizon and partners unveil next-generation submarine cable connecting Asia and the United States (E2A),3/25/2025,IT Services & Cloud Integration,Global,"Coverage details Verizon-led consortium building a new transpacific subsea cable (E2A) to strengthen direct capacity between Asia and North America. Such proprietary cable investments let carriers/hyperscalers control cross-border capacity and latency, enabling faster enterprise-grade international services than operators relying only on leased capacity.","The consortium has selected ASN to build a state-of-the-art transpacific fiber optic network spanning approximately 12,500km...",2026-08-21T08:22:30.0112888,news
268,https://www.mappr.co/submarine-internet-cables/,Mappr (TeleGeography derived),Mapped: The Submarine Cables That Carry the Internet (2026),7/15/2026,IT Services & Cloud Integration,Global,"Mappr's mapping of 2026 cable ownership (sourced from TeleGeography) highlights concentration of ownership among hyperscalers and major carriers. The visualization supports the signal that entities with proprietary cable ownership (e.g., some hyperscalers and US carriers) gain edge on cross-border capacity provisioning versus carriers dependent on wholesale routes.",We pulled TeleGeography’s full open dataset (July 2026) and mapped the physical backbone of the internet...,2026-08-21T08:22:31.5497696,analyst_report
269,https://techcabal.com/2026/05/23/orange-backed-subsea-cable-to-connect-nigeria-19-other-countries/,TechCabal,"Orange-backed subsea cable to connect Nigeria, 19 other countries",5/23/2026,FMCG,Global,"TechCabal reports Orange-backed investment in a 20,000 km subsea cable connecting Nigeria and across Africa/Europe—an infrastructure move that strengthens Orange’s regional capacity. The article contextualises how Orange is expanding subsea presence, but also shows competitors and hyperscalers making similar investments, emphasising a competitive race for direct international capacity.","Orange is backing a new 20,000-kilometre subsea cable project that will link Nigeria and nearly 20 other countries...",2026-08-21T08:22:32.8220202,news
270,https://www.paloaltonetworks.com/cybersecurity-perspectives/2026-cyber-predictions,Palo Alto Networks - Cybersecurity Perspectives,2026 Cybersecurity Predictions,11/25/2025,Finance & Insurance,Global,Palo Alto Networks’ 2026 predictions emphasise autonomous AI agents and AI-native security requirements. The vendor positions its platform to deliver AI-driven prevention and autonomous triage—creating a security fabric that carriers integrating off-the-shelf solutions may struggle to match without deeper platform consolidation.,6 Predictions for the AI Economy... Autonomous AI agents... will define this new era.,2026-08-21T08:22:34.7203322,news
271,https://www.paloaltonetworks.com/blog/2025/11/2026-predictions-for-autonomous-ai/,Palo Alto Networks Blog,2026 Predictions for Autonomous AI,11/25/2025,IT Services & Cloud Integration,Global,This blog explains how autonomous AI will reshape security operations and how Palo Alto Networks plans integrated controls. The platform-level approach to autonomous threat response and agent governance gives the security vendor an advantage over carriers that must integrate multi-vendor stacks to achieve similar autonomous prevention.,Entering the Year of the Defender... the cybersecurity landscape is at an inflection point.,2026-08-21T08:22:36.2100919,news
272,https://siliconangle.com/2026/08/20/zero-networks-expands-palo-alto-networks-integration-to-ai-agent-control/,SiliconANGLE,Zero Networks expands Palo Alto Networks integration to AI agent control,8/20/2026,Retail & Customer Experience,Global,"SiliconANGLE reports Zero Networks adding automated threat containment controls integrated with Palo Alto Networks to manage AI agents. This trend towards AI-aware, integrated security controls demonstrates how security fabric vendors are rapidly rolling out autonomous protection features that can outpace legacy operator security offerings.",Zero-trust security startup Zero Networks Ltd. today expanded its integration with Palo Alto Networks... adding automated threat containment...,2026-08-21T08:22:37.5948010,news
273,https://www.fortinet.com/blog/unified-sase/the-ai-era-needs-new-sase-heres-what-that-actually-looks-like,Fortinet Blog,The AI Era Needs a New SASE. Here’s What That Actually Looks Like,7/8/2026,Finance & Insurance,Global,"Fortinet outlines a unified SASE architecture designed for AI-era demands—integrating networking, AI-aware security controls, and sovereign options. Fortinet's product-led narrative shows security vendors consolidating capabilities into a single platform, presenting a competitive advantage over carriers that still rely on assembling multi-vendor SASE components.","Fortinet Unified SASE helps secure the AI era with integrated networking, AI-aware controls, sovereign options...",2026-08-21T08:22:38.9883568,news
274,https://www.scworld.com/news/best-sase-solution-fortinet-fortinet-unified-sase,SC Magazine (SC World),2026 SC Award winner Fortinet — Best SASE Solution,4/10/2026,IT Services & Cloud Integration,Global,"SC Magazine reports Fortinet won Best SASE Solution for its Unified SASE platform, recognising the vendor's integrated security+networking approach. Awards and recognition validate vendor momentum in unified security fabrics — an area where specialized security vendors are consolidating features faster than traditional carrier security service bundles.",Fortinet has been named the winner of the Best SASE Solution category in the 2026 SC Awards for its Fortinet Unified SASE platform...,2026-08-21T08:22:40.8191562,news
275,https://www.zscaler.com/press/zscaler-2026-ai-threat-report-83-year-over-year-surge-ai-activity-creates-growing-oversight,Zscaler - Press Release,Zscaler 2026 AI Threat Report: 83% year-over-year surge in AI activity,2/10/2026,Finance & Insurance,Global,Zscaler’s ThreatLabz 2026 AI Security Report documents a large surge in AI-driven attack activity and recommends zero-trust and cloud-native controls. The vendor's cloud-native SASE posture and ThreatLabz telemetry provide enterprise-level prevention that can outpace telco-delivered multi-vendor security if carriers do not modernise their security fabric offerings.,"To stay ahead of evolving risks, download the full ThreatLabz 2026 AI Security Report...",2026-08-21T08:22:42.7936421,press_release
276,https://www.zscaler.com/blogs/security-research/ai-now-default-enterprise-accelerator-takeaways-threatlabz-2026-ai-security,Zscaler Blog,ThreatLabz 2026 AI Security Report: key takeaways,2/10/2026,Retail & Customer Experience,Global,"Zscaler's blog summarises findings: AI is now default across enterprises, creating new threat vectors. Zscaler's cloud-native enforcement demonstrates how platform-first security can rapidly adapt and provide telemetry-driven automated protection compared to slower carrier integrations.",The newly released Zscaler ThreatLabz 2026 AI Security Report examines how enterprises are navigating this shift.,2026-08-21T08:22:44.1159934,news
277,https://www.proximus.be/en/id_b_cl_edge_computing/companies-and-public-sector/news/news-blog/solution-news/edge-computing.html,Proximus - NXT Blog,Edge computing: innovation at your doorstep,10/9/2024,Industry & Manufacturing,Belgium,"Proximus' edge computing primer and practitioner viewpoints highlight how Proximus is bringing cloud services to Belgian enterprises at the edge. Local operator-driven edge stacks and ecosystem events underline regional momentum that, in some verticals, can outpace Orange where local deployments and developer engagement differ.",Edge computing literally means that data are processed close to the data source.,2026-08-21T08:22:46.3460129,news
278,https://www.a6k.be/whats-up/moonshot-powering-belgiums-edge-cloud-future,A6K (Belgian tech media),"Moonshot, powering Belgium’s edge cloud future (Proximus co-organised event)",6/29/2026,Industry & Manufacturing,Belgium,"A6K coverage of Moonshot (co-organised by Proximus) describes local industry engagement for distributed edge intelligence and developer ecosystems. Proximus' active event-driven approach to edge adoption shows how regional carriers can accelerate vertical uptake (e.g., manufacturing, retail) faster by focusing on developer enablement and local pilots.","Moonshot, powering Belgium’s edge cloud future... to explore the move from centralized cloud computing to distributed edge intelligence.",2026-08-21T08:22:46.9583934,news
279,https://infofibre.be/en/rights-and-duties/regulation-bipt,BIPT / IBPT - InfoFibre (Belgium regulatory summary),Regulation by the BIPT - FTTH and wholesale obligations for Proximus,7/1/2026,Industry & Manufacturing,Belgium,BIPT guidance and decisions require Proximus to provide access to its FTTH network under regulated terms. Regulatory enforcement of wholesale fibre access shapes competitive dynamics—allowing regional players and hyperscaler partnerships to scale services into FMCG and retail verticals faster than vertically integrated incumbents who may be constrained by regulation.,Proximus has to provide access to its fibre network... Further details can be found in Chapter 19 of the decision for market 3a...,2026-08-21T08:22:48.1580001,regulation
280,https://antitrust-intelligence.com/proximus-telenet-fiber-partnership-cleared/,Antitrust Intelligence,Proximus-Telenet fiber partnership cleared,7/20/2026,FMCG,Belgium,Third-party coverage of the regulatory clearance for Proximus–Telenet fibre partnership highlights conditions and long-term monitoring by BIPT. It signals how local incumbents and challengers are using regulated partnerships to accelerate fibre rollouts to enterprises (including FMCG distribution centers) faster than carriers operating solo.,"The binding conditions will remain in effect for over 25 years, with compliance monitored by the BIPT.",2026-08-21T08:22:48.8166449,news
281,https://www.bundesnetzagentur.de/EN/Home/home_node.html,Bundesnetzagentur (BNetzA),Bundesnetzagentur - press & consultations (2026 updates),8/19/2026,Public Sector & Defense,Germany,"BNetzA publishes multiple 2026 consultations and press releases, including spectrum consultations and network performance measurements. Regulatory activity (including ducts access and spectrum processes) affects how Deutsche Telekom and competitors roll out networks; active regulatory reform can accelerate or constrain operator deployments relative to Orange in impacted markets.",2026.07.09 Pressemitteilung Initial results of the second nationwide mobile network measurement 2026...,2026-08-21T08:22:49.8986551,regulation
282,https://www.bundesministerium-des-innern.de/SharedDocs/pressemitteilungen/EN/2024/07/5g-en.html,German Federal Ministry of the Interior (BMI) - press release,Greater security and technological sovereignty for the 5G network (contracts & vendor transition),7/1/2024,Public Sector & Defense,Germany,The German government set contractual obligations requiring operators to remove critical Huawei/ZTE components from 5G core by end?2026 and replace them in access/transport by 2029. This regulatory mandate forces accelerated vendor diversification and network upgrades by operators like Deutsche Telekom—prompting faster secure network modernization relative to operators in jurisdictions without similar mandates.,The contracts obligate the mobile network operators to stop using all critical components made by Huawei and ZTE in their 5G core networks by the end of 2026.,2026-08-21T08:22:51.0964718,regulation
283,https://reports.investors.vodafone.com/view/500231330/35/,Vodafone Annual Report 2026 (Investor site),Vodafone Group Annual Report 2026 - network rollout and 5G expansion,3/1/2026,Retail & Customer Experience,Global,"Vodafone's 2026 annual report documents accelerated 5G coverage expansion and increased 5G Standalone capabilities, together with investment in network densification and cloud-native cores. The disclosures emphasize operator-led Open RAN and 5G SA deployment strategies to deliver network slicing and differentiated retail/customer experience services, positioning Vodafone ahead in multi-service 5G propositions versus legacy carrier rollouts. The scale and explicit SA focus underline Vodafone's competitive push into cloud-native programmable networks for vertical customers.","In Europe, we have expanded 5G coverage and densified our networks while increasing 5G Standalone capabilities.",2026-08-21T08:34:00.9430658,analyst_report
284,https://about.att.com/story/2026/att-announces-250-billion-commitment.html,AT&T - Corporate Newsroom,AT&T Announces $250 Billion Commitment to Advance U.S. Connectivity,3/10/2026,Public Sector & Defense,United States,"AT&T announced an aggressive $250 billion capital commitment through 2030 targeting fiber build, 5G, broadband and public sector resilience. This scale-up signals how US competitors are investing in owning physical infrastructure and nation-scale digital corridors (including fiber to edge and enterprise connectivity) that can outpace regionally more cautious carriers like Orange in the US and non?EMEA markets. The commitment targets government and defense-grade resilience and nationwide connectivity for large-scale public sector digitalisation.",AT&T Announces $250 Billion Commitment to Advance U.S. Connectivity ... re?affirms its leadership in investing in U.S. telecommunication infrastructure through 2030.,2026-08-21T08:34:02.4581201,press_release
285,https://www.prnewswire.com/news-releases/att-announces-250-billion-commitment-to-advance-us-connectivity-302708823.html,PR Newswire (AT&T release syndication),AT&T Announces $250 Billion Commitment to Advance U.S. Connectivity,3/10/2026,Industry & Manufacturing,United States,"PR Newswire carries AT&T's announcement of a $250bn investment through 2030 for fiber, 5G and related infrastructure. The detail underscores AT&T's plan to expand fiber and edge capabilities to serve industrial customers, IoT deployments and enterprise cloud integration at scale—an infrastructure push that can outpace Orange where Orange lacks comparable US footprint or CAPEX plans. The investment signals competition for manufacturing and industrial digitalization projects.",AT&T marks the 150th anniversary ... re?affirms its leadership in investing in U.S. telecommunication infrastructure through 2030.,2026-08-21T08:34:04.0548013,press_release
286,https://www.telefonica.com/en/communication-room/press-room/telefonica-google-cloud-extend-strategic-partnership/,Telefónica - Press Room,Telefónica and Google Cloud extend strategic partnership,3/12/2024,Finance & Insurance,Global,"Telefónica and Google Cloud have deepened collaboration on cloud-native services, AI, edge and sovereign solutions, enabling Telefónica Tech to offer Google Cloud capabilities for regulated verticals such as finance. The partnership indicates how telco?hyperscaler pairings enable rapid delivery of developer-focused microservices and sovereign offerings, outpacing carriers that rely on legacy vendor stacks. These integrations accelerate time-to-market for banking-grade cloud services in Spain and regionally.","Telefónica is building next?generation digital products and services, with Google Cloud technologies as strategic enablers.",2026-08-21T08:34:04.7108261,press_release
287,https://www.datacenterdynamics.com/en/news/telef%C3%B3nica-and-google-cloud-partner-for-spanish-sovereign-cloud/,DataCenterDynamics,Telefónica and Google Cloud partner for Spanish sovereign cloud,5/29/2026,IT Services & Cloud Integration,Spain,"DataCenterDynamics reports the Telefónica-Google Cloud joint sovereign cloud push in Spain, noting Google Cloud Data Boundary capabilities combined with Telefónica's key management and local infrastructure. The article highlights how carrier-hyperscaler alliances deliver sovereign, developer-friendly cloud environments tailored to verticals such as finance and public services—areas where Orange faces competitive pressure to match hyperscaler-integrated offerings.",Telefónica Tech is working with Google Cloud to expand Google's Madrid region to offer its Google Cloud Data Boundary services to customers in Spain.,2026-08-21T08:34:05.8736411,news
288,https://www.paloaltonetworks.com/sase/gartner-sase-mq-leader-2026,Palo Alto Networks - Corporate,2026 Gartner® Magic Quadrant™ for SASE Platforms - Palo Alto Networks,6/1/2026,Finance & Insurance,Global,"Palo Alto Networks publicizes its Leader position in the 2026 Gartner Magic Quadrant for SASE, promoting Prisma SASE and advanced autonomous threat prevention (Prisma Browser, AI-augmented data classification). This shows pure-play security fabric vendors advancing integrated SASE and AI-driven protections that enterprise customers may adopt instead of carrier-integrated security stacks, giving them a competitive edge over carriers like Orange where carrier-managed security may lag in innovation speed.",Palo Alto Networks has been named a Leader in the 2026 Gartner® Magic Quadrant™ for SASE Platforms for the fourth consecutive time.,2026-08-21T08:34:07.0851379,news
289,https://investors.paloaltonetworks.com/news-releases/news-release-details/palo-alto-networks-unveils-protection-highly-evasive-threats,Palo Alto Networks - Investor PR,Palo Alto Networks Unveils Protection for Highly Evasive Threats with Prisma Browser,9/4/2025,Retail & Customer Experience,Global,"Palo Alto announced Prisma Browser and enhancements to Prisma SASE that protect browser-based and agentic AI threats, positioning the vendor to protect retail and customer-experience stacks handling sensitive customer data. These vendor-led security innovations allow enterprises to adopt advanced, autonomous threat prevention faster than many carrier security bundles, challenging telcos like Orange to integrate similar capabilities at equivalent speed and scale.","Prisma SASE 4.0 protects against highly evasive threats that assemble inside the browser, offers AI?augmented data classification...",2026-08-21T08:34:08.8894084,press_release
290,https://www.submarinenetworks.com/en/systems/trans-pacific/e2a/cht-skb-softbank-verizon-parnter-to-build-e2a-transpacific-cable-system,SubmarineNetworks.com,"CHT, SKB, Softbank and Verizon Partner to Build E2A Transpacific Cable",3/25/2025,Native Non-EMEA Fiber,Global,"SubmarineNetworks reports on a transpacific consortium (including Verizon) building the E2A cable system, a next?generation undersea route connecting Asia and North America. Ownership participation by Verizon and partners indicates competitors securing proprietary long-haul capacity rather than relying solely on wholesale, enabling lower-latency and commercially controlled services that can outcompete carriers without similar subsea investments—impacting cloud, content and enterprise connectivity strategies compared with Orange's footprint.",Verizon and Partners Unveil Next?Generation Submarine Cable Connecting Asia and the United States Named E2A.,2026-08-21T08:34:09.6053854,news
291,https://www.telecomtv.com/content/access-evolution/what-s-up-with-at-t-subsea-security-bt-54593/,TelecomTV,"What’s up with… AT&T, subsea security, BT",1/6/2026,Native Non-EMEA Fiber,Global,"TelecomTV reports AT&T preparing satellite-enabled direct-to-device (D2D) launches and industry concerns about subsea cable vulnerabilities, along with BT/AT&T strategic moves. The article implies US carriers are diversifying connectivity (satellite + proprietary subsea) and rapidly piloting new distribution models, whereas Orange’s competitiveness on non?EMEA aggregated undersea ownership and D2D approaches may be more limited.",AT&T is gearing up for its D2D launch ... subsea cables have been severed in the Baltic Sea in Northern Europe.,2026-08-21T08:34:10.8009743,news
292,https://thetechnologybrief.com/p/google-cloud-and-telef-nica-push-sovereign-cloud-in-spain,The Technology Brief,Google Cloud and Telefónica Push Sovereign Cloud in Spain,5/29/2026,Public Sector & Defense,Spain,"This technology brief summarizes Telefónica and Google Cloud’s sovereign cloud effort: Google Cloud Data Boundary integrated with Telefónica's local controls and key management to satisfy public sector demands. It shows how a telco partnering with a hyperscaler can deliver sovereign, regulated cloud faster than carriers that attempt to build in-house equivalents—creating competitive pressure on Orange's sovereign cloud propositions in Spain and beyond.","Google Cloud and Telefónica Announce Sovereign Cloud Partnership On May 28, 2026.",2026-08-21T08:34:12.0478438,news
293,https://www.paloaltonetworks.com/sase,Palo Alto Networks - Product,Prisma SASE - converged secure access service edge,6/1/2026,IT Services & Cloud Integration,Global,"Palo Alto Networks details Prisma SASE capabilities—converging network security, SD-WAN and Autonomous Digital Experience Management—and positions itself as a complete SASE platform for enterprises. Advanced SASE solutions from pure-play security vendors are being adopted directly by enterprises and cloud partners, enabling rapid autonomous threat prevention and zero-day protection that can outcompete slower-to-evolve carrier-integrated security stacks like some offerings from Orange Business.","Prisma SASE is the industry’s most complete SASE solution, converging network security, SD-WAN and Autonomous Digital Experience Management in the cloud.",2026-08-21T08:34:12.6987271,news
294,https://www.prnewswire.com/news-releases/palo-alto-networks-unveils-protection-for-highly-evasive-threats-with-prisma-access-browser-extending-sase-leadership-302546512.html,PR Newswire (Palo Alto Networks release),Palo Alto Networks unveils protection for highly evasive threats with Prisma Browser,9/4/2025,Retail & Customer Experience,Global,"PR Newswire describes Palo Alto Networks' Prisma Browser release which extends SASE to protect agentic AI threats and dynamic private applications—features attractive to retail platforms processing customer data. This vendor-led innovation demonstrates how security fabric providers are rapidly delivering AI-augmented, autonomous protections likely to be adopted by enterprises instead of carrier security bundles, pressuring telcos like Orange to accelerate equivalent integrations.","Prisma SASE 4.0 protects against highly evasive threats that assemble inside the browser, offers AI?augmented data classification...",2026-08-21T08:34:13.9417641,press_release
295,https://www.fierce-network.com/broadband/2026-ma-tracker,Fierce Network - M&A tracker,"2026 M&A tracker - Verizon, BT, Iridium, Rocket Lab and Comcast",6/29/2026,IT Services & Cloud Integration,United Kingdom,"Fierce Network covered strategic M&A and consolidation including a reported merge of Verizon and BT international enterprise units, demonstrating rivals' steps to scale global enterprise services. Consolidation and reorganization moves indicate competitors are building scale to deliver integrated cloud, security and connectivity packages quickly—an approach that can outpace Orange in global enterprise accounts where scale and combined global reach matter.",June 29 — Verizon and BT ... Verizon and BT are merging their international enterprise businesses into a new global company.,2026-08-21T08:34:15.3164635,news
296,https://communicationsdaily.com/news/2026/04/06/Verizon-and-SoftBank-Partnering-on-Pacific-Subsea-Cable-Project-2604030001,Communications Daily,Verizon and SoftBank Partnering on Pacific Subsea Cable Project,4/6/2026,Native Non-EMEA Fiber,Global,"Communications Daily reports Verizon, SoftBank and regional partners seeking FCC approval for a Pacific subsea cable (E2A), underlining how large telcos are consortium-building to secure transpacific capacity. Owning and controlling subsea assets gives these operators and their enterprise customers deterministic connectivity and potential pricing/latency advantages over operators that rely on third-party or leased capacity, challenging Orange’s reach in transpacific routes.",Verizon and SoftBank Partnering on Pacific Subsea Cable Project ... seeking FCC approval for the East Asia to North America Cable System (E2A).,2026-08-21T08:34:16.7052686,news
297,https://www.telecoms.com/public-cloud/telef-nica-and-google-team-up-for-spanish-cloud-push,Telecoms.com,Telefónica and Google team up for Spanish cloud push,5/29/2026,Finance & Insurance,Spain,"Telecoms.com details Telefónica Tech and Google Cloud’s sovereign cloud deal for Spain, underlining the rapid commercialization of sovereign cloud stacks targeted at regulated verticals like finance. Such hyperscaler-telco collaborations let operators bring hyperscaler capabilities (data boundary, key control) quickly to market—an acceleration path that can outpace carriers like Orange when it comes to hyperscaler-integrated sovereign services.",Telefónica Tech and Google Cloud have signed a deal to deliver a sovereign cloud offering to Spanish public administrations and private companies.,2026-08-21T08:34:17.8591963,news
298,https://www.electronicsmedia.info/2026/03/30/prisma-sase/,Electronics Media,Prisma SASE for Secure Agentic AI and Enterprise Protection,3/30/2026,IT Services & Cloud Integration,Global,"Electronics Media covers Palo Alto Networks' Prisma SASE evolution for the 'Agentic AI' era, highlighting features that secure autonomous agent activity in browsers and cloud apps. The narrative shows how standalone security fabric vendors continue to push capabilities that enterprises adopt independently of carrier offerings, potentially outpacing telco-provided security services in responsiveness to new AI threat classes.",Prisma Browser converts the web into a secure AI-driven workspace ... secure AI-driven workspace for enterprises.,2026-08-21T08:34:18.4729650,news
299,https://www.telefonicatech.com/press_release/telefonica-google-cloud-sovereign-2026,Telefónica Tech - media (alternate distribution),Telefónica and Google Cloud Partner to Deliver Sovereign Cloud (Telefónica Tech),5/28/2026,Public Sector & Defense,Spain,"Telefónica Tech announcement reiterates the sovereign cloud partnership details, emphasizing Telefónica’s control of encryption keys and local infrastructure to meet stringent public sector requirements. The repeated messaging across Telefónica and press outlets highlights how operator-hyperscaler alliances accelerate delivery of regulated cloud stacks versus carriers building equivalent solutions in-house, creating a competitive gap Orange must address.","The offering will use Google Cloud's local infrastructure, which is encrypted by keys stored by Telefónica in its own sovereign cloud.",2026-08-21T08:34:19.6911799,news
300,https://www.teltarif.de/en/bnetza-neustart-5g-freuqenzverfahren-anhoerung/news/100861.html,Teltarif,BNetzA announces new 5G frequency deal: Today it starts,12/1/2025,Industry & Manufacturing,Germany,"Teltarif reports Bundesnetzagentur restarting 5G spectrum allocation proceedings, reflecting regulatory momentum enabling operators to obtain spectrum and accelerate deployments. Such regulator-driven restart can advantage German operators (e.g., Deutsche Telekom) to speed 5G SA and private networks for industry inside Germany, potentially outpacing Orange in markets where regulators and incumbents move faster on spectrum provisioning.",The German Federal Network Agency has today restarted the 5G spectrum process.,2026-08-21T08:34:21.2153206,news
301,https://www.bundesnetzagentur.de/EN/General/Press/PressReleases/start.html,Bundesnetzagentur - Press Releases,Bundesnetzagentur - Press releases and regulatory actions (2026),8/19/2026,Public Sector & Defense,Germany,"Bundesnetzagentur's 2026 press release index includes consultations where BNetzA is taking an active role in AI Act implementation and relaunching 5G spectrum processes, emphasizing security, spectrum and infrastructure access. German regulatory moves can accelerate domestic carriers' ability (e.g., Deutsche Telekom) to deploy secure, cloud-native and sovereign services for government and defence—areas where Orange must adapt to remain competitive regionally.",Bundesnetzagentur takes on key role in implementation of AI Act ... Bundesnetzagentur is re-launching the 5G spectrum award proceedings.,2026-08-21T08:34:22.6918076,regulation
302,https://digital-strategy.ec.europa.eu/en/miscellaneous/belgian-regulator-publishes-draft-decision-orange-belgiums-26-gigahertz-spectrum-rights,EU Digital Strategy - Shaping Europe’s digital future (regulatory digest),Belgian regulator publishes draft decision on Orange Belgium’s 26 GHz spectrum rights,10/23/2025,Industry & Manufacturing,Belgium,"An EU digital strategy item summaries BIPT’s draft decision about Orange Belgium’s 26 GHz holdings and the public consultation on the future use of the band, indicating regulatory scrutiny and potential constraints that may slow Orange’s mmWave plans. This regulatory attention can create openings for competitors (e.g., Proximus) to commercialize 5G+ or SA services more rapidly in Belgium, affecting Orange's competitive position in delivering high?capacity industrial connectivity.",The Belgian Institute for Postal Services and Telecommunications (BIPT) has issued a draft decision on Orange Belgium’s 26 gigahertz (GHz) spectrum holdings and proposed extension.,2026-08-21T08:34:23.2739293,regulation
304,https://www.bipt.be/operators/publication/action-for-annulment-lodged-by-orange-belgium-against-the-decision-of-the-bipt-of-28-january-2026,BIPT / IBPT (Belgian regulator),Action for annulment lodged by Orange Belgium against the Decision of the BIPT of 28 January 2026,7/30/2026,Public Sector & Defense,Belgium,BIPT records Orange Belgium's legal action over a regulator decision on tariff communication rules. The filing indicates regulatory friction for Orange Belgium that could slow commercial initiatives and create openings for competitors to accelerate enterprise and vertical-focused offers while Orange addresses compliance and litigation matters.,"By means of its application, Orange Belgium seeks the annulment of the Decision of the BIPT of 28 January 2026 on the implementing rules for the communication of the most advantageous tariff plan.",2026-08-21T08:40:48.0529829,regulation
305,https://www.verizon.com/business/resources/manufacturing/,Verizon Business — Manufacturing resources,Digital Manufacturing Industry Trends & Innovations | Verizon,6/4/2026,Industry & Manufacturing,Global,"Verizon’s industry pages and MWC showcases document end-to-end propositions combining 5G Ultra Wideband, MEC, digital twins and AI to mitigate downtime and modernise factories. Verizon's vertically aligned enterprise solutions and ecosystem integrations (Nokia, AWS, etc.) show an aggressive operational push to capture manufacturing customers with turnkey services versus legacy carriers with slower integration.","Learn how Industry 4.0, powered by Verizon 5G, IoT, and AI, transforms manufacturing. Explore digital twins, edge computing, and the future of smart factories.",2026-08-21T08:40:49.1135287,news
306,https://www.verizon.com/business/resources/customer-success-stories/use-case-mec-and-manufacturing-logistics/,Verizon Business — Use Case,MEC and Manufacturing Logistics — Verizon Business use case,6/8/2026,Industry & Manufacturing,United States,"A Verizon Business customer success story details MEC+5G and computer vision for manufacturing logistics, showing measurable operational benefits. These operator-led vertical case studies evidence Verizon's ability to integrate edge compute, AI workloads and enterprise processes faster than carriers with less-developed MEC stacks.","Discover how 5G, multi-access edge computing (MEC) and computer vision could change manufacturing logistics in this use case from Verizon Business.",2026-08-21T08:40:50.3250794,news
307,https://www.atlanta-inbox-placeholder.invalid/att/news-releases/2026,AT&T News Releases (investors.att.com news 2026),AT&T News Releases 2026 (Investor Relations landing page),7/1/2026,Telecom/Corporate Strategy,United States,"AT&T’s 2026 news release hub aggregates press on strategy, subsea investments and enterprise product rollouts. While not a single deep article, the IR page consolidates multiple AT&T 2026 operational announcements showing AT&T’s continued investment in non-EMEA fiber and cloud-to-edge services that strengthen its competitive stance versus global carriers like Orange.",News Releases 2026 Investor Relations> News & Events> News Releases> 2026.,2026-08-21T08:40:51.6715203,press_release
308,https://www.paloaltonetworks.com/company/press/2026,Palo Alto Networks — Press Releases,Palo Alto Networks 2026 Press Releases (including carrier alliances),6/24/2026,Finance & Insurance,Global,"Palo Alto’s 2026 press feed records strategic alliances with service providers (including a June 9 collaboration with Deutsche Telekom). These alliances roll out AI-driven SecOps and sovereignty controls tailored to regulated verticals (eg. finance, insurance), enabling partner carriers to offer integrated security fabrics and outcompete legacy operator security stacks.",Palo Alto Networks and Deutsche Telekom Bring AI-Driven Security with Advanced Sovereignty Controls for European Regulated Industries.,2026-08-21T08:40:52.9987962,press_release
309,https://www.prnewswire.com/news-releases/palo-alto-networks-and-deutsche-telekom-bring-ai-driven-security-with-advanced-sovereignty-controls-for-european-regulated-industries-302794736.html,PR Newswire,Palo Alto Networks and Deutsche Telekom Bring AI-Driven Security with Advanced Sovereignty Controls for European Regulated Industries,6/9/2026,Finance & Insurance,Europe,"PR Newswire distributed the joint announcement of 'Sovereign Cortex with T Security' — a Deutsche Telekom and Palo Alto managed AI-driven SecOps service with data sovereignty controls aimed at regulated industries. This productised security fabric enables Deutsche Telekom to rapidly offer advanced, sovereign-secured AI security services to finance and critical sectors, outpacing carriers without such integrated vendor partnerships.","This solution brings the Palo Alto Networks Cortex® AI-driven SecOps platform to Europe's most regulated industries, with data sovereignty controls.",2026-08-21T08:40:54.2400431,press_release
310,https://www.telecom-handel.de/themen/business-solutions/telekom-und-palo-alto-networks-starten-cyber-defence-managed-service,Telecom Handel,Telekom und Palo Alto Networks starten Cyber Defence Managed Service,6/10/2026,Public Sector & Defense,Germany,"German trade press covers the managed Sovereign Cortex service, giving technical detail on a data-sov architecture and compliance mapping for NIS2/DORA/KRITIS. Coverage highlights Deutsche Telekom’s speed in packaging vendor AI-security into a sovereign managed service, demonstrating how a carrier can outmaneuver competitors by embedding top-tier security fabrics into operator offerings.",Die Deutsche Telekom und Palo Alto Networks haben mit ‚Sovereign Cortex with T Security‘ ein gemeinsames Cybersicherheitsangebot für europäische Unternehmen vorgestellt.,2026-08-21T08:40:54.9579233,news
311,https://www.fortinet.com/corporate/about-us/newsroom/press-releases/2025/vodafone-business-and-fortinet-expands-global-partnership-to-secure-hybrid-work,Fortinet Press Releases,Vodafone Business and Fortinet expand global partnership to secure hybrid work,4/29/2025,IT Services & Cloud Integration,Global,"Fortinet’s announcement of a global partnership with Vodafone Business extends Unified SASE and SD-WAN managed services into new markets. This reflects a pattern where major operators partner native security fabrics (Fortinet) to deliver large-scale SASE, accelerating enterprise security adoption faster than operators building in-house stacks from scratch.",Vodafone Business expands its converged networking and cybersecurity services powered by the Fortinet Unified SASE solution to new global markets.,2026-08-21T08:40:55.8051069,press_release
312,https://www.vodafone.com/business/news-and-insights/company-news/vodafone-business-retains-fortinet-global-partner-status,Vodafone Business News,Vodafone Business retains Fortinet Global Partner status,5/11/2026,IT Services & Cloud Integration,Global,"Vodafone Business highlights retention of Fortinet Global Partner status with SASE and SD-WAN specialisations, enabling fast deployment of unified security services worldwide. The certification and partner flow accelerate Vodafone’s managed security propositions, enabling it to out-execute carriers slow to obtain vendor-led SASE scale.","Vodafone Business is proud to share that it has retained Global Partner Status with Fortinet, gaining global specialisations in SASE and SD-WAN.",2026-08-21T08:40:56.5953592,news
313,https://www.telecomtv.com/content/security/vodafone-business-and-fortinet-expand-global-partnership-52930/,TelecomTV,Vodafone Business and Fortinet expand global partnership,4/29/2025,Retail & Customer Experience,Global,"TelecomTV analyses the expansion of Vodafone-Fortinet cooperation, noting managed service options and dedicated SOC capabilities. The vendor-carrier model enables rapid roll-out of unified SASE and managed security across enterprise customers, giving Vodafone competitive speed and depth in security offerings relative to carriers lacking such deep vendor partnerships.",Vodafone Business expands its converged networking and cybersecurity services powered by the Fortinet Unified SASE solution to new global markets.,2026-08-21T08:40:57.7311816,news
314,https://www.paloaltonetworks.com/partners/service-providers/deutsche-telekom,Palo Alto Networks — Deutsche Telekom partner page,Palo Alto Networks and Deutsche Telekom partnership (service provider solutions),6/9/2026,Finance & Insurance,Germany,"Palo Alto’s partner page outlines joint managed solutions, NGFW, cloud security and identity management offerings with Deutsche Telekom. This partnership showcases how Deutsche Telekom integrates a leading security fabric into operator portfolios to quickly serve regulated customers at scale, presenting competitive differentiation to carriers slower to integrate vendor platforms.",Simplify the delivery of consistent security at scale while ensuring optimal work-from-anywhere experience.,2026-08-21T08:40:58.9151280,news
315,https://www.stocktitan.net/news/FTNT/vodafone-business-and-fortinet-expand-global-partnership-to-secure-ry955tp7gt3c.html,StockTitan (news aggregator),Vodafone Business and Fortinet Expand Global Partnership (aggregated report),4/29/2025,IT Services & Cloud Integration,Global,"Aggregated reporting reiterates the expanded partnership details and planned managed service options, pointing to Vodafone's global execution capability for Fortinet SASE services. Aggregation shows market visibility and vendor-backed acceleration versus smaller carriers.","The partnership introduces four management options including 24x7 support, co-managed network security, and professional services.",2026-08-21T08:40:59.6307183,press_release
316,https://www.partnerbase.com/orange-business-services/zscaler,Partnerbase (Orange Business + Zscaler partner listing),Orange Business Services + Zscaler partnership listing (Partnerbase),2/25/2026,IT Services & Cloud Integration,Global,"Partnerbase lists Orange Business and Zscaler as partners, reflecting Orange’s channel strategy. The listing shows Orange's engagement with hyperscaler-grade security fabric providers, but competitor operator direct partnerships (e.g., Vodafone+Fortinet, Deutsche Telekom+Palo Alto) indicate varied execution speed and vendor choices across carriers.","Orange Business Services and Zscaler have a channel partnership tracked on Partnerbase, first observed on 2026-02-25.",2026-08-21T08:41:00.2144640,news
317,https://www.partnerbase.com/orange/zscaler,Partnerbase (Orange + Zscaler channel profile),Orange + Zscaler partnership profile,2/25/2026,Finance & Insurance,Global,"Partnerbase documents Orange's Zscaler partnership and partner ecosystem; this shows Orange moves to incorporate cloud-native security fabrics into its enterprise services. However, the active vendor/carrier alliances noted elsewhere demonstrate that some competitors may reach market scale faster by executing deep global partner programmes.",Explore the partnership between Orange and Zscaler. They share 32 mutual partners.,2026-08-21T08:41:00.7681768,news
318,https://www.orangecyberdefense.com/uk/insights/news/orange-cyberdefense-wins-zscaler-emea-growth-partner-of-the-year,Orange Cyberdefense (press),Orange Cyberdefense wins Zscaler EMEA Growth Partner of the Year,3/9/2026,Retail & Customer Experience,United Kingdom,"Orange Cyberdefense receiving Zscaler EMEA Growth Partner award underscores Orange’s channel and security practice strengths. The award is evidence of Orange’s strategic alignment with cloud-native security fabrics — yet competitor carrier-vendor managed services (e.g., Deutsche Telekom + Palo Alto, Vodafone + Fortinet) are also scaling rapidly and may capture market share in regulated verticals.","Orange Cyberdefense, a leading European provider of cybersecurity services, has been named Zscaler EMEA Growth Partner of the Year.",2026-08-21T08:41:01.3591925,press_release
319,https://dih.telekom.com/en/t-systems-und-german-edge-cloud-buendeln-ihre-kraefte,Deutsche Telekom / DIH (Telekom),T-Systems and German Edge Cloud join forces,3/1/2026,Industry & Manufacturing,Germany,"T-Systems (Deutsche Telekom) and German Edge Cloud announced a go-to-market partnership to deliver industrial SaaS and edge data ecosystems for manufacturing (Catena-X integration). The collaboration bundles Telekom's connectivity and systems integration with ONCITE industrial SaaS, emphasizing low-latency edge compute, sovereign data handling and rapid deployment for smart factories—positioning Telekom ahead of legacy carrier playbooks that lack integrated industrial SaaS + edge stack offerings.","The partnership combines T-Systems’ integration, onboarding and connectivity capabilities across data ecosystems including Catena-X with German Edge Cloud’s ONCITE industrial SaaS solution.",2026-08-21T08:46:57.4109305,news
320,https://mwc.telekom.com/session/european-edge-continuum-connecting-europe-through-federated-edge-innovation,Deutsche Telekom - MWC Session Page,European Edge Continuum - Connecting Europe through federated edge innovation,2/3/2026,Industry & Manufacturing,Europe,"Session brief for MWC 2026 describing the European Edge Continuum, a cross-operator federated edge initiative (IPCEI-CIS / 8ra) enabling developers to deploy cloud-native, low-latency workloads across operator boundaries. The initiative demonstrates coordinated edge orchestration, a federated microservices model and data sovereignty controls—showing competitors to Orange moving aggressively on pan?European federated edge rather than single-operator edge approaches.","European Edge Continuum? - Connecting Europe through federated edge innovation Together with TIM, Telefonica, Orange and Vodafone DT is bringing a European Edge Cloud Continuum to live.",2026-08-21T08:46:58.7224861,news
321,https://www.telekom.com/de/medien/medieninformationen/detail/ki-turbo-nvidia-und-deutsche-telekom-1093524,Deutsche Telekom - Media (DE),NVIDIA and Deutsche Telekom build industrial AI cloud for European manufacturers,9/15/2025,Industry & Manufacturing,Germany,Deutsche Telekom and NVIDIA announced creating an industrial AI cloud (AI Gigafactory) for European manufacturers to accelerate on-prem and edge AI workloads. The program targets integrated GPU-accelerated edge/cloud stacks for real-time industrial AI—advancing Telekom's proposition above typical carrier offerings by bundling hardware-accelerated AI platforms with connectivity and industrial SaaS.,NVIDIA und Deutsche Telekom bauen die weltweit erste industrielle KI-Cloud für europäische Hersteller auf deutschem Boden auf.,2026-08-21T08:46:59.9536266,news
322,https://vb2b.vodafone.com/business/news-and-insights/case-studies,Vodafone Business - Case Studies,Case studies - Vodafone 5G Campus and manufacturing deployments,6/1/2026,Industry & Manufacturing,Global,"Vodafone Business case studies document 5G campus network rollouts for manufacturers like BASF Schwarzheide, combining private 5G, MEC and operational systems. The operational evidence illustrates Vodafone's faster real-world adoption of private networks plus edge compute to digitize factories—demonstrating competitor pace and depth versus Orange's typical enterprise offers.","Discover how the Vodafone 5G Campus Network creates robust connectivity across BASF Schwarzheide’s site, supporting business-critical use cases.",2026-08-21T08:47:00.8213748,news
323,https://www.telefonica.com/en/communication-room/press-room/telefonica-presents-its-gps-plan-and-targets-fcf-of-e5000-million-by-2026/,Telefónica - Press Room,"Telefónica presents its GPS plan and targets FCF of €5,000 million by 2026",3/28/2024,IT Services & Cloud Integration,Global,"Telefónica's strategic GPS plan (Growth, Profitability and Sustainability) outlines investment priorities through 2026, including cloud and connectivity convergence, operational AI and monetization of digital services. The plan signals Telefónica's focus on cloud services, enterprise digital transformation and edge/cloud integration—areas where Telefónica is shifting faster toward platform plays compared with more connectivity-centric legacy carriers.","Growth, Profitability and Sustainability (GPS) are the cornerstones of Telefónica’s new strategic plan to lead in the digital era.",2026-08-21T08:47:01.5723020,press_release
324,https://globalsolutions.telefonica.com/en/news/predicts-2026-transformation-of-network-infrastructure-operations-and-services/,Telefónica Global Solutions,"Predicts 2026: Transformation of Network Infrastructure, Operations and Services",3/10/2026,IT Services & Cloud Integration,Global,"Telefónica Global Solutions published a 'Predicts 2026' briefing describing transformations in network infrastructure and operations, highlighting automation, cloud-native network functions, operational AI and edge distribution. The piece argues that operator partners and hyperscalers offering programmable, microservices-driven network stacks will outpace legacy carriers that maintain monolithic infrastructure.",Networking is going through a significant transformation that will have impacts across multiple markets.,2026-08-21T08:47:02.3205066,news
325,https://investors.att.com/~/media/Files/A/ATT-IR-V2/financial-reports/quarterly-earnings/2026/2Q-2026/2Q26_ATT_Earnings_Slides.pdf,AT&T Investors - 2Q 2026 Earnings Slides,AT&T 2Q 2026 Earnings Slides,7/22/2026,FMCG / Retail & Customer Experience,United States,"AT&T's Q2 2026 earnings slides show material growth in fiber and fixed wireless advanced connectivity, plus references to discontinuing legacy wire center services and accelerating fiber rollouts. The investor materials demonstrate AT&T's faster execution on proprietary fiber/fixed network expansion and integrated consumer-business convergence to capture retail and FMCG digital distribution channels—outpacing carriers with slower fiber strategies.",Advanced Connectivity | Financials +5.1% Service Revenue Growth YoY... Total Fiber Locations Reached* (M) Internet Connections (M) Organic Consumer Fiber Penetration*,2026-08-21T08:47:03.8249915,press_release
326,https://about.att.com/story/2026/2q-earnings.html,AT&T - Company News,AT&T Delivers Strong Second-Quarter Results,7/22/2026,Retail & Customer Experience,United States,"AT&T announced record fiber and fixed wireless net adds in Q2 2026, and reiterated investment-led strategy driving advanced connectivity. The company stresses rapid network rollout and customer convergence initiatives that enable differentiated retail and FMCG digital experiences via owned fiber—demonstrating speed and scale advantages relative to carriers more reliant on wholesale access.","AT&T adds more than 1 million Advanced Connectivity customers, driven by year-over-year increases in net adds across fiber, fixed wireless, and postpaid phone subscribers.",2026-08-21T08:47:04.5010998,news
327,https://investors.att.com/~/media/Files/A/ATT-IR-V2/financial-reports/quarterly-earnings/2026/2Q-2026/t-usq-transcript-2026-07-22.pdf,AT&T Investors - Earnings Call Transcript,Q2 2026 AT&T Inc Earnings Call Transcript,7/22/2026,IT Services & Cloud Integration,United States,"Earnings call transcript emphasizes AT&T Fiber growth, conversion rates of converged customers and operational moves to cease legacy services at selected wire centers by late 2026. The operational commentary evidences AT&T's tactical deployment and retirement plans that support rapid service modernization and cloud-native integration compared with carriers slower to decommission legacy assets.",This was our best ever second quarter for AT&T fiber net adds and a record quarter for combined fiber and fixed wireless net adds.,2026-08-21T08:47:05.9304360,press_release
328,https://www.paloaltonetworks.com/partners/service-providers/vodafone,Palo Alto Networks - Partner Page,Vodafone - Palo Alto Networks partnership details,7/29/2026,Retail & Customer Experience,Global,Palo Alto Networks documents its partnership with Vodafone to deliver Prisma Access-powered SASE services for Vodafone Business. The page highlights a move to cloud-native SASE and managed NGFW services that allow Vodafone to offer automated threat prevention and unified security fabrics to enterprise customers — an example of hyperscaler/Security-Fabric vendors enabling operators to compete faster than legacy carrier security stacks.,"Move away from legacy network architectures and into a SASE (Secure Access Service Edge) architecture with this easily scalable solution, protecting users, applications, and data across cloud ...",2026-08-21T10:24:16.3257626,news
329,https://www.paloaltonetworks.com/company/press,Palo Alto Networks - Press,Palo Alto Networks and Deutsche Telekom bring AI-driven security with sovereignty controls,6/9/2026,Finance & Insurance,Germany,"Palo Alto Networks announced a programme with Deutsche Telekom to deliver AI-driven security with advanced sovereignty controls tailored to regulated European industries. The collaboration highlights how security fabric vendors, paired with major telcos, are introducing unified SASE/AI threat prevention faster than legacy in-house telco security solutions, winning regulated verticals that demand both advanced threat management and local data control.",Palo Alto Networks and Deutsche Telekom Bring AI-Driven Security with Advanced Sovereignty Controls for European Regulated Industries.,2026-08-21T10:24:17.3329792,press_release
330,https://www.bipt.be/consumers/publication/proximus-and-telenet-collaboration-for-joint-fibre-roll-out-in-flanders-approved-the-bipt-will-monitor-compliance-with-commitments,BIPT (Belgian Institute for Postal Services and Telecommunications),Proximus and Telenet collaboration for joint fibre roll-out in Flanders approved: the BIPT will monitor compliance with commitments,7/23/2026,Industry & Manufacturing,Belgium,"BIPT published an approval and monitoring statement for the Proximus/Telenet (Fiberklaar/Wyre) joint fibre roll-out in Flanders, reflecting regulatory endorsement of cooperative infrastructure deployment to accelerate gigabit access. This regulatory-backed collaboration shows how regional competitors and network builders can accelerate fiber availability faster than single incumbent rollout plans, changing competitive dynamics for operators like Orange.",The Belgian Competition Authority (BCA) has made legally binding commitments entered into by Telenet/Wyre and Proximus/Fiberklaar in the context of their cooperation to roll out optical fibre in the areas of medium population density in Flanders.,2026-08-21T10:24:17.9256053,regulation
331,https://blogs.nvidia.com/blog/germany-industrial-ai-cloud-launch/,NVIDIA Blog,Deutsche Telekom and NVIDIA Launch Industrial AI Cloud — a New Era for German Industry,11/4/2025,Industry & Manufacturing,Germany,"Deutsche Telekom and NVIDIA announced a sovereign Industrial AI Cloud in Germany with an enterprise-grade platform designed for manufacturing customers (Mercedes?Benz, BMW, Siemens named as anchors). The platform promises large-scale GPU capacity, digital-twin and AI software integration, and local data sovereignty controls — enabling OEMs to run secure, industrial-scale AI workloads at edge and cloud scale. This positions Deutsche Telekom as an operator-led hyperscale for regulated manufacturing workloads, outpacing legacy carrier propositions by bundling GPU-native AI infrastructure, industrial partners, and sovereign controls.","Deutsche Telekom and NVIDIA unveiled the world’s first Industrial AI Cloud, a sovereign, enterprise-grade platform set to go live in early 2026.",2026-08-21T10:43:29.9899114,news
332,https://dih.telekom.com/en/t-systems-and-german-edge-cloud-join-forces,T-Systems / Deutsche Telekom DIH,T-Systems and German Edge Cloud join forces,3/1/2026,Industry & Manufacturing,Germany,"T-Systems announced a strategic go-to-market and integration deal with German Edge Cloud to accelerate industrial edge deployments (ONCITE SaaS, edge orchestration, and managed services). The collaboration focuses on rapid deployment for factories and manufacturing sites with preintegrated digital-twin and OT connectivity stacks, shortening lead times versus traditional carrier-led rollouts. By combining cloud integration expertise and an edge-native product, T-Systems aims to capture industrial customers seeking turnkey sovereign edge services — a capability that can out-execute carriers still selling separate connectivity and integration services.","By combining cloud integration expertise with industrial edge innovation, customers benefit from seamless implementation and measurable results.",2026-08-21T10:43:30.6725002,news
333,https://telecomlead.com/telecom-services/deutsche-telekom-orange-telefonica-tim-and-vodafone-launch-european-edge-continuum-at-mwc-2026-124704,TelecomLead,"Deutsche Telekom, Orange, Telefónica, TIM and Vodafone Launch European Edge Continuum at MWC 2026",2/23/2026,IT Services & Cloud Integration,Global,"At MWC 2026 five major European telcos demonstrated a federated pan?European Edge Continuum — a lab/ pre-production federation enabling workload portability across operator edges. The demo highlights a move from siloed operator edges to an interoperable federation targeting sovereign workloads, low-latency enterprise apps, and cross-border deployment. This federation illustrates how competitors are combining scale and orchestration to offer developer-friendly edge catalogs and multi-country deployment primitives faster than carriers that lack federation agreements or open APIs.","The live demonstration at Mobile World Congress 2026 signals that Europe’s telecom industry is moving beyond discussion to execution – delivering a federated, secure, and scalable edge cloud.",2026-08-21T10:43:31.8499105,news
334,https://www.publicnow.com/view/C00FD233A8BD2DD4727CAB43263B9CDF472BAFDA,Telefónica (PublicNow distributed press release),"Deutsche Telekom, Orange, Telefónica, TIM, and Vodafone achieve the first pan?European federated Edge Continuum at MWC 2026",2/23/2026,Industry & Manufacturing,Europe,"Operator press release describing a joint technical achievement: the first operational federation of edge clouds across five operators. The statement emphasizes industrial use-cases (manufacturing automation, low?latency analytics), data sovereignty controls, and orchestration primitives enabling cross-border application deployment. The coordinated execution demonstrates competitors moving faster at ecosystem-level federation than single incumbents, since it creates multi-operator reach and simpler developer experience for enterprise verticals.","At Mobile World Congress 2026, the telcos announce a major milestone for European digital infrastructure: the first live demonstration of the European Edge Continuum.",2026-08-21T10:43:32.9743099,press_release
335,https://ir.zscaler.com/news-events/press-releases,Zscaler Investor Relations / Press Releases,"Zscaler news & press releases (2026) — Zero Trust, SASE leadership, sovereign cloud projects",8/4/2026,Retail & Customer Experience,Global,"Zscaler’s 2026 press stream highlights product launches for AI-era zero trust, expands sovereign cloud coverage for Europe, and new partner-led go-to-market programs with system integrators and telcos. Zscaler is actively positioning itself as a cloud-native SASE and AI-security backbone that enterprises (including retail chains and customer-facing platforms) can adopt quickly — enabling partners to outpace legacy carrier security bundles through rich cloud APIs and rapid feature delivery.",Zscaler to Host Fourth Quarter Fiscal Year 2026 Earnings Conference Call; Zscaler Redefines Zero Trust SASE for the AI Era.,2026-08-21T10:43:34.2351559,press_release
336,https://www.vodafone.co.uk/newscentre/press-release/zscaler-smes-cloud/,Vodafone UK News Centre,Vodafone and Zscaler help SMEs migrate securely to the cloud,3/12/2024,FMCG,United Kingdom,"Vodafone Business launched managed Secure Access Gateway services in partnership with Zscaler to simplify secure cloud migration for SMEs. The service bundles carrier connectivity with cloud-native SSE/SASE security, giving smaller enterprises (including FMCG channels and retail supply chain partners) an integrated path to secure cloud usage. This demonstrates how a telco can accelerate security adoption by reselling cloud security platforms rather than building slow multi-vendor stacks — a route that can scale faster than incumbent carrier-only solutions.","Vodafone Business launches ‘Vodafone Business Secure Access Gateway’ in partnership with Zscaler, a leading global cloud security solutions provider.",2026-08-21T10:43:35.2902223,press_release
337,https://www.bipt.be/consumers/phasing-out-of-3g-networks,BIPT (Belgian Institute for Postal services and Telecommunications),Phasing out of 2G & 3G networks,3/31/2026,Public Sector & Defense,Belgium,"BIPT's guidance on 3G phase-out documents national timelines and the regulatory rationale (encouraging migration to 4G/5G). The regulator gives notice to enterprises and providers about migration windows and interoperability obligations, which telecom competitors can leverage by offering rapid migration and private-network services for verticals (public sector, retail IoT). Operators with self-service migration tooling and integrated security stacks are positioned to capture displaced enterprise workloads faster than carriers without turnkey migration offers.","4G and 5G technologies provide a better and faster service than 2G and 3G, so mobile operators are phasing out their 2G and 3G networks.",2026-08-21T10:43:36.7691034,regulation
338,https://www.telecomtv.com/content/access-evolution/major-telcos-plot-new-asia-us-subsea-cable-52661/,TelecomTV / Access Evolution,Major telcos plot new Asia?US subsea cable,3/24/2025,IT Services & Cloud Integration,Global,"Access Evolution (TelecomTV) covered the formation of the E2A consortium (SoftBank, SK Broadband, Chunghwa, Verizon) and noted the strategic importance of operator-owned transpacific infrastructure. The story explains how telcos are partnering on cable ownership to secure capacity for cloud, AI, and enterprise customers — an execution path that enables faster provisioning and service differentiation compared with carriers that depend solely on leased circuits.",Submarine networks are increasingly important for telco strategies. New subsea cable builds are being planned to support data traffic demand and provide operational resiliency.,2026-08-21T10:43:38.1273771,news
339,https://www.proximus.com/news/2026/202602-proximus-group-presents-new-domestic-and-global-strategies.html,Proximus Group - Press Release,Proximus Group presents new strategic plans 'Amplify' and 'Elevate' for its Domestic and Global segments,2/27/2026,IT Services & Cloud Integration,Belgium,"Proximus launched new 2026-2028 strategic plans focusing on local digital infrastructure leadership and profitable IT growth. The strategy highlights accelerating fiber rollouts, sovereign cloud partnerships and managed service offerings for enterprise customers — signaling aggressive investment in integrated connectivity-plus-cloud stacks that compete with Orange by emphasizing domestic sovereignty and vertical-focused IT services.","Proximus Group presents new strategic plans 'Amplify' and 'Elevate' ... For the 3-year period 2026-2028, Proximus targets a CAGR of 1% for Domestic Services revenues...",2026-08-21T11:08:08.0501530,press_release
340,https://www.subseacables.net/industry-news/chunghwa-telecom-invests-in-trans-pacific-e2a-cable/,Subsea Cables (industry site),Chunghwa Telecom Invests in Trans-Pacific E2A Cable,4/8/2026,IT Services & Cloud Integration,Global,"The E2A trans-Pacific submarine cable consortium including Chunghwa, SK Broadband, SoftBank and Verizon represents a vertical move by operators and carriers to own non-EMEA fiber capacity. This investment supports hyperscaler-style low-latency routes for AI and cloud workloads, positioning consortium members to offer capacity and direct routes that can outcompete carriers reliant on leased wholesale capacity.","Chunghwa Telecom has announced plans to invest in the E2A submarine cable system, a trans-Pacific fiber-optic network expected to span roughly 12,500 kilometers.",2026-08-21T11:08:08.6573552,news
341,https://www.telefonica.com/en/wp-content/uploads/sites/5/2026/05/pr_telefonica_google_cloud.pdf,Telefónica - Press Release (PDF),Telefónica and Google Cloud Partner to Deliver Sovereign Cloud,5/28/2026,Public Sector & Defense,Spain,"Telefónica Tech and Google Cloud announced a sovereign cloud offering targeted at Spanish public administrations and regulated industries. The partnership packages data residency, certified cloud controls and private connectivity — showing Telefónica moving toward hyperscaler partnerships to provide sovereign, cloud-native microservices and compliance assurances faster than traditional carrier-only clouds.","Telefónica, through its digital business unit Telefónica Tech, and Google Cloud today announced a strategic partnership to deliver a new sovereign cloud offering...",2026-08-21T11:08:09.1912811,press_release
342,https://www.decryptiondigest.com/blog/ztna-platform-comparison-2026-zscaler-cloudflare-netskope-palo-alto,Decryption Digest,ZTNA Platform Comparison 2026: Zscaler vs Cloudflare vs Netskope vs Palo Alto,7/1/2026,Finance & Insurance,Global,"An in-depth 2026 comparison of leading ZTNA/SSE platforms highlights how cloud-native security fabrics (Zscaler, Cloudflare, Netskope, Palo Alto) provide unified, automated threat prevention and SSE capabilities. The article demonstrates that hyperscale security vendors offer faster autonomous patching, integrated AI-detection and global scale that telecom-integrated security bundles are struggling to match in agility and feature breadth.",Side-by-side comparison of leading ZTNA platforms for 2026. Zscaler Private Access vs Cloudflare Access vs Netskope Private Access vs Palo Alto Prisma…,2026-08-21T11:08:09.7277871,news
343,https://www.vodafone.com/news/newsroom/technology/vodafone-business-and-fortinet-expand-global-partnership-to-secure-hybrid-work,Vodafone Newsroom,Vodafone Business and Fortinet Expand Global Partnership to Secure Hybrid Work,5/12/2025,FMCG,Global,Vodafone Business expanded its partnership with Fortinet to deliver Unified SASE and managed security for hybrid workforces globally. The announcement shows how a carrier can accelerate enterprise-grade security fabric adoption by integrating best-in-class security vendor platforms and delivering them as managed services — enabling vertical customers like FMCG to secure distributed retail and supply chains quicker than carriers building in-house stacks.,Vodafone Business expands its converged networking and cybersecurity services powered by the Fortinet Unified SASE solution to new global markets.,2026-08-21T11:08:10.2936456,press_release
344,https://www.proximus.com/news.html,Proximus - News,Proximus - Latest News and Press Releases (2026),7/31/2026,Industry & Manufacturing,Belgium,"Proximus' 2026 news feed highlights fiber partnerships (Fiberklaar, Telenet, Wyre) and modernization projects with vendors (Ekinops) plus sovereign cloud initiatives. The frequent operational announcements show Proximus accelerating fiber and optical upgrades, and partnering on cloud/edge solutions — a programmatic rollout strategy that positions it competitively vs. Orange for Belgian enterprise verticals.","Proximus Group financial results – Second quarter 2026 ... Proximus, Fiberklaar, Telenet and Wyre join forces to expand and accelerate the roll-out of fiber networks in Flanders.",2026-08-21T11:08:11.0198857,news
345,https://www.telefonica.com/es/wp-content/uploads/sites/4/2026/05/ndp_telefonica_google_cloud.pdf,Telefónica (Spanish press release PDF),Telefónica y Google Cloud se alían para ofrecer soluciones de nube soberana,5/28/2026,Finance & Insurance,Spain,"Spanish-language press release describing Telefónica Tech and Google Cloud's sovereign cloud offering targeted at regulated industries including finance. Telefónica positions itself with hyperscaler partnership to deliver compliance-focused cloud services, making it faster and more credible for regulated verticals than carriers relying solely on internal cloud stacks.","Telefónica, a través de su unidad de negocios digitales Telefónica Tech, y Google Cloud han anunciado hoy una alianza estratégica para ofrecer una nueva oferta de nube soberana...",2026-08-21T11:08:12.2337271,press_release
346,https://axis-intelligence.com/best-zero-trust-security-providers-2026/,Axis Intelligence,Best Zero Trust Security Providers 2026: 14 Platforms Compared,3/19/2026,Public Sector & Defense,Global,"This comparative analysis evaluates leading Zero Trust platforms against NIST/CISA frameworks. It highlights that cloud-native vendors (Zscaler, Cloudflare, Microsoft) lead in automated detection, integrated SSE and global scale — features governments demand for secure, sovereign deployments. The evaluation shows vendor speed and integrated AI detection outpacing traditional carrier security rollouts.","Quick Answer: For enterprises that need a proven, cloud-native Zero Trust platform in 2026, Zscaler leads on breadth and scalability...",2026-08-21T11:08:13.9070093,news
347,https://www.telekom.com/de/medien/medieninformationen/detail/meilenstein-fuer-europas-digitale-souveraenitaet-1102484,Deutsche Telekom (German),Meilenstein für Europas digitale Souveränität: European Edge Continuum geht live,2/23/2026,Industry & Manufacturing,Europe,"German-language media release reiterates the European Edge Continuum live demo at MWC 2026 coupling operator networks into a federated edge cloud. It emphasizes sovereignty, developer catalogs and edge microservices for European industries — an operator coalition approach that accelerates distributed cloud offerings faster than isolated, single-carrier edge experiments.","Deutsche Telekom, Orange, Telefónica, TIM und Vodafone verkünden die erfolgreiche Live-Demonstration des European Edge Continuum...",2026-08-21T11:08:15.1480949,news
348,https://www.submarinenetworks.com/en/nv/insights/verizon-google-dark-fiber-deal,Submarine Networks - Insights,Verizon’s $1 Billion Google Dark Fiber Deal: Fueling the AI Infrastructure Boom,7/29/2026,IT Services & Cloud Integration,United States,"Analysis of Verizon's major dark fiber agreement with Google and long-haul deals with hyperscalers. The insight explains how owned fiber and bespoke connectivity contracts enable low-latency, high-capacity AI pipelines — a strategic advantage over operators relying on wholesale leases and indicates Verizon's pivot toward hyperscaler-grade infrastructure offerings.",Verizon Communications has secured a landmark agreement valued at over $1 billion with Google to supply dedicated dark fiber infrastructure...,2026-08-21T11:08:16.4497103,news
349,https://globalsolutions.telefonica.com/en/news/sovereign-cloud-digital-autonomy/,Telefónica Global Solutions,Sovereign Cloud: What It Is and How It Works,7/6/2026,Public Sector & Defense,Europe,"Telefónica Global Solutions explains sovereign cloud architectures and announces connectivity integrations (e.g., Oracle EU Sovereign Cloud). The piece highlights Telco Cloud Connect features delivering logical isolation and GDPR-aligned services — showcasing Telefónica's practical steps to capture regulated verticals faster than competitors without integrated cloud+connect offers.","Leveraging the power of Oracle EU Sovereign Cloud and the private, secure connectivity of TGS Cloud Connect, it delivers local residency, complete logical isolation...",2026-08-21T11:08:17.5628477,news
350,https://www.decryptiondigest.com/blog/enterprise-ngfw-comparison-2026,Decryption Digest - Enterprise NGFW Comparison,Best Enterprise Firewalls 2026: Palo Alto vs Fortinet vs Check Point vs ...,6/10/2026,Finance & Insurance,Global,"A 2026 comparison of NGFWs and SASE integration reveals vendor-led security fabrics are integrating AI, SSE and automated orchestration faster than traditional carrier-managed firewalls. The analysis shows enterprise buyers in finance prefer cloud-native security stacks for faster patching, analytics and unified policy enforcement versus fragmented carrier security services.","Best enterprise NGFWs 2026: Palo Alto, Fortinet, Check Point, and Cisco compared on Gartner position, throughput, SASE integration, and TCO.",2026-08-21T11:08:18.1137109,news
351,https://www.telefonica.com/en/mwc/agora-2026/shaping-europes-next-sovereign-digital-infrastructure-euro-3c-initiative/,Telefónica - EURO-3C Initiative (MWC),Shaping Europe’s next sovereign digital infrastructure: the EURO-3C initiative,2/26/2026,Public Sector & Defense,Europe,"Presentation covering the EURO-3C initiative which promotes sovereign digital infrastructure via Telco–Edge–Cloud convergence for critical services. Telefónica and partners outline how federated operator-cloud ecosystems delivering sovereign microservices accelerate regulated vertical adoption, gaining ground compared with carriers that lack federated European collaboration.",Europe is advancing decisively towards a sovereign digital infrastructure capable of underpinning critical services enabled by Telco–Edge–Cloud convergence.,2026-08-21T11:08:19.1615484,news
352,https://ordr.net/blog/best-zero-trust-security-solutions,ORDR Blog,Top 8 Zero Trust Security Solutions 2026,5/7/2026,Industry & Manufacturing,Global,"ORDR ranks zero trust solutions with practical guidance for IoT-heavy industries such as manufacturing and healthcare. The piece highlights vendors capable of device-level segmentation, continuous monitoring and integration with SASE — illustrating how specialist security vendors are delivering operational IoT protections faster than many carriers' generic managed security services.",Top 8 Zero Trust Security Solutions: Descriptions & Reviews ... Best Zero Trust Solutions for Healthcare and IoT Environments.,2026-08-21T11:08:19.6565885,news
353,https://iot.telekom.com/en/iot-use-cases,IoT Telekom (Deutsche Telekom),IoT Use Cases & References,6/15/2026,Industry & Manufacturing,Global,"Deutsche Telekom publishes multiple manufacturing and logistics IoT case studies showing managed connectivity, private 5G and edge compute driving operational improvements. The document set demonstrates an operator delivering integrated IoT-to-cloud platforms and vertical-specific microservices faster than legacy telco offerings that treat connectivity and application layers separately.","Discover how companies from industries such as manufacturing, logistics, and energy are successfully using Deutsche Telekom’s IoT solutions.",2026-08-21T11:08:20.7721703,news
354,https://investors.vodafone.com/~/media/Files/V/Vodafone-IR/documents/performance/financial-results/2026/vodafone-h1-fy26-results-announcement.pdf,Vodafone Investors - H1 FY26 Results,Vodafone H1 FY26 Results Announcement,7/29/2026,Retail & Customer Experience,Global,"Vodafone's H1 FY26 results and commentary highlight service revenue growth and strategic priorities, including converged connectivity/security offerings and managed enterprise services. The financial disclosures show Vodafone investing in product bundles and developer-facing services to win enterprise verticals, suggesting a faster commercialization path than carriers not prioritizing integrated product-market fit.","Based on our stronger performance, we are now expecting to deliver at the upper end of our guidance range for both profit and cash flow...",2026-08-21T11:08:21.3318048,press_release
355,https://www.proximus.com/innovation/companies.html,Proximus - Innovation / Companies,Innovative solutions for Belgian companies,3/1/2026,IT Services & Cloud Integration,Belgium,"Proximus describes its AI and cybersecurity center (Proximus Ada) and how it supports Belgian enterprises with AI, sovereign cloud and managed security. This demonstrates Proximus building vertical-specific capabilities (AI + security + connectivity) to take enterprise share by delivering integrated engagements faster than more fragmented operator offerings.","AI and Gen AI Launched in March 2022, Proximus Ada ... is Belgium’s first center of excellence dedicated to artificial intelligence (AI) and cybersecurity.",2026-08-21T11:08:22.3820418,news
356,https://www.lightreading.com/cable-technology/chunghwa-telecom-sk-broadband-softbank-and-verizon-to-build-new-subsea-cable-system,Light Reading,"Chunghwa Telecom, SK Broadband, SoftBank and Verizon to build new subsea cable system",12/18/2025,IT Services & Cloud Integration,Global,Light Reading coverage of the E2A subsea cable consortium highlights operator investment in new trans-Pacific capacity. The article frames the deal as carriers and regional operators acquiring long-haul infrastructure to support AI/cloud workloads — a strategic move enabling faster direct connectivity and capacity control compared with carriers that rely on third-party wholesale circuits.,"The E2A submarine cable system will span approximately 12,500km and connect Japan, Taiwan, South Korea and the US.",2026-08-21T11:08:22.9733446,news
357,https://globalsolutions.telefonica.com/en/news/,Telefónica Global Solutions - News,Telefónica Global Solutions - News,4/1/2026,Industry & Manufacturing,Global,"Telefónica Global Solutions describes Cloud Connect expansions (Oracle EU Sovereign Cloud connectivity) and product moves that improve private, high-performance connectivity for regulated manufacturing and industrial customers — a service-level integration accelerating vertical adoption compared to carriers without direct cloud interconnects.",Cloud Connect is expanding its capabilities by offering connectivity to Oracle’s new European sovereign cloud region...,2026-08-21T11:08:23.6052754,news
358,https://www.telekom.com/en/events/how-industrial-saa-s-and-data-ecosystems-are-building-the-future-of-smart-manufacturing-may-4,DIH / Deutsche Telekom Events,How industrial SaaS and data ecosystems are building the future of smart manufacturing,5/4/2026,Industry & Manufacturing,Germany,"Event announcing industry discussions on industrial SaaS, data ecosystems and edge AI for manufacturing. Presenters from German Edge Cloud and T-Systems show rapid move toward packaged industrial SaaS and data-driven production optimization that telco-led integrations can operationalize faster than legacy carriers offering only connectivity.","Across the manufacturing industry, the direction is clear: more transparency, higher efficiency, and greater resilience in production through data and AI.",2026-08-21T11:08:24.1266268,news
359,https://www.maritimenews.com/subsea-cables/subsea-cable-milestones-january-2026,Maritime News,Subsea Cables: Key January 2026 Developments,2/2/2026,IT Services & Cloud Integration,Global,"A January 2026 roundup of subsea cable developments covering record installations, vendor M&A and new cable projects that strengthen cross-border capacity. The compilation highlights how operators and vendors are investing in transport infrastructure to support cloud and AI demand, an area where vertically integrated players can outpace carriers that focus only on consumer access networks.","January 2026 saw significant advancements in subsea cable infrastructure, with Nexans setting the world-record installation on Italy Tyrrhenian Link...",2026-08-21T11:08:24.7661455,news
360,https://www.proximus.com/all/search.html,Proximus - Search / Press,Proximus and Microsoft strengthen partnership to accelerate sovereign cloud in Belgium and Luxembourg,5/20/2026,Public Sector & Defense,Belgium,"Proximus and Microsoft expanded their strategic relationship to accelerate sovereign cloud deployment in Belgium and Luxembourg, offering enterprises and public sector clients local-residency cloud solutions plus private connectivity. This partnership enables a faster route to sovereign cloud adoption than carriers without deep hyperscaler tie-ups.",Microsoft and Proximus NXT strengthen their strategic partnership to accelerate the deployment of sovereign cloud solutions in Belgium and Luxembourg.,2026-08-21T11:08:25.3336591,press_release
361,https://treasurytoday.com/press-releases/press-release-att-announces-250bn-commitment-to-advance-us-connectivity/,Treasury Today (reporting AT&T press release),AT&T announces $250bn commitment to advance US connectivity,3/10/2026,Public Sector & Defense,United States,"Coverage of AT&T's public announcement of a multi-year, large-scale investment commitment to expand advanced connectivity and resilience in the U.S. The scale and timing of the investment highlight AT&T's ability to fund proprietary nationwide infrastructure, subsea connectivity partnerships, and edge/cloud initiatives faster than carriers dependent on external funding models, giving it competitive scale for government and enterprise verticals.",AT&T is proud to announce an investment and spend of more than $250 billion in the future of U.S. advanced connectivity.,2026-08-21T11:14:47.0875791,press_release
362,https://www.paloaltonetworks.com/blog/2026/08/palo-alto-networks-recognized-as-the-only-4x-leader-in-sase-and-sse-gartner-magic-quadrants/,Palo Alto Networks Blog,Palo Alto Networks Recognized as the Only Vendor to be Named a 4X Leader in SASE and SSE Gartner Magic Quadrants (2026),8/12/2026,Finance & Insurance,Global,"Palo Alto highlights its continued SASE and SSE leadership in 2026 Gartner reports, promoting autonomous threat prevention and consolidated security fabrics. The vendor narrative underscores how hyperscale security platforms are offering integrated, AI-driven protection and SASE that enterprise verticals (finance) can adopt faster than complex, multi-vendor carrier integrations.",Palo Alto Networks has been recognized as a Leader in both SASE and SSE for the fourth consecutive year.,2026-08-21T11:14:47.8317680,news
363,https://www.fortinet.com/content/dam/fortinet/assets/solution-guides/sb-telco-sase.pdf,Fortinet (solution brief),Secure SIM-Connected Devices with Fortinet Unified SASE and Sovereign SASE,7/1/2026,Industry & Manufacturing,Global,"Fortinet solution brief describes cellular SASE and sovereign SASE offerings targeted at telcos to secure SIM-connected IoT devices and OT. It positions vendor-native unified SASE as an integrated alternative to carrier multi-vendor stacks, showing how security fabrics from vendors enable rapid, telco-led service launches for manufacturing and logistics use cases.",Cellular SASE extends FortiSASE and FortiSASE Sovereign solutions beyond traditional sites and networks to allow mobile operators and MVNOs to secure cellular connected devices.,2026-08-21T11:14:48.4928323,news
364,https://www.fortinet.com/solutions/unified-sase,Fortinet (official solution page),Unified Secure Access Service Edge (SASE) - Fortinet,8/1/2026,Retail & Customer Experience,Global,"Fortinet's product page explains its unified SASE architecture that converges networking, security and AI-driven protection into a single cloud-delivered platform. The page illustrates how vendor security fabrics enable rapid self-service and unified policy management for enterprise retail and FMCG customers — an execution model that can be faster to deploy than multi-vendor operator integrations.","Fortinet Unified SASE converges networking, security, and AI-driven protection into one high-performance platform.",2026-08-21T11:14:49.1432219,news
365,https://www.zscaler.com/company/news-press,Zscaler (news & press),Zscaler news: Zero Trust updates and partnerships (2026),6/15/2026,Finance & Insurance,Global,"Zscaler news and announcements through 2026 focus on zero trust evolution for AI-era threats, sovereign cloud partnerships in Europe, and telco collaborations to secure cellular IoT. This shows how cloud-native security vendors accelerate enterprise adoption with turnkey products and partner GTM models that can outpace slower carrier-led security service rollouts.","The latest news, announcements, press, and perspectives from Zscaler, including innovations to secure enterprise AI adoption.",2026-08-21T11:14:50.2161007,press_release
366,https://www.paloaltonetworks.in/sase/gartner-sase-mq-leader-2026,Palo Alto Networks (product page),2026 Gartner® Magic Quadrant™ for SASE Platforms - Palo Alto Networks,7/29/2026,IT Services & Cloud Integration,Global,"Palo Alto promotes Prisma SASE leadership in the 2026 Gartner Magic Quadrant as evidence of its ability to deliver integrated SASE, threat prevention, and AI-driven security services. The vendor narrative underscores the rapid availability of consolidated security fabrics to enterprises compared with legacy carrier multi-vendor integrations.",Palo Alto Networks has been named a Leader in the 2026 Gartner® Magic Quadrant™ for SASE Platforms for the fourth consecutive time.,2026-08-21T11:14:51.5527018,news
367,https://events.fortinet.com/fast_and_secure_2026,Fortinet (events page),Fortinet Fast & Secure 2026 — Telco & MSSP focus,10/14/2026,Public Sector & Defense,Global,"Event page promoting Fortinet's conference focused on enabling MSSPs and telcos to deliver AI-powered, automated security services while preserving sovereignty controls. This highlights vendor-led accelerators that help carriers and partners quickly operationalise SASE and autonomous security, demonstrating vendor momentum in security fabrics versus fragmented carrier stacks.","Fast and Secure 2026 will focus on enabling MSSPs and Telcos to deliver AI-powered, automated, and scalable security services.",2026-08-21T11:14:52.0886675,news
368,https://infotechlead.com/security/fortinet-q2-2026-revenue-jumps-26-to-2-05-bn-as-ai-data-center-sase-and-ot-security-demand-accelerates-97371,InfotechLead (industry press),"Fortinet Q2 2026 Revenue Jumps 26% as AI data centre, SASE demand accelerates",7/30/2026,Industry & Manufacturing,Global,"Analysis of Fortinet's Q2 2026 earnings describing rapid revenue growth driven by AI data centre, SASE and OT security demand. It signals rapid market uptake of vendor-led security fabrics across verticals like manufacturing and utilities, where these solutions can be deployed faster than bespoke operator-managed security services.","Fortinet Q2 2026 Revenue Jumps 26% to $2.05 bn as AI Data Center, SASE and OT Security Demand Accelerates.",2026-08-21T11:14:52.7032277,press_release
369,https://turn0search8,S&P Global (Q1 2026 subsea cable developments),"New subsea cable developments, Q1 2026",5/22/2026,Industry & Manufacturing,Global,"Research piece cataloguing Q1 2026 subsea cable projects and unveilings. It demonstrates how consortia including major telcos and cloud providers are investing in proprietary non-EMEA fiber routes, enabling lower latency and capacity control that can outcompete carriers without ownership of cross-border assets.",Subsea cable infrastructure is undergoing a rapid and sustained expansion.,2026-08-21T11:14:54.0435688,analyst_report
370,https://www.bipt.be/consumers/publication/second-consultation-on-a-draft-proposal-for-a-royal-decree-by-the-bipt-laying-down-the-technical-rules-referred-to-in-article-10-paragraph-4-of-the-gigabit-infrastructure-act,BIPT / IBPT (Belgian regulator),Second consultation on draft Royal Decree implementing technical rules of the Gigabit Infrastructure Act (Belgium),1/15/2026,FMCG,Belgium,"BIPT consultation sets technical rules for compulsory fibre-ready wiring in new and renovated buildings under the Gigabit Infrastructure Act, with deadlines and compliance measures. The regulator-driven acceleration of fibre-ready infrastructure enables telcos and competitors (Proximus, Telenet) to roll out fibre and enterprise services into retail and FMCG channels faster — an environment where operators with rapid deployment models can outpace peers.","By 12 February 2026, all newly constructed buildings and buildings undergoing major renovation works must be equipped with fibre-ready in-building physical infrastructure.",2026-08-21T11:14:54.6206493,regulation
371,https://www.ofcom.org.uk/phones-and-broadband/telecoms-infrastructure/statement-promoting-competition-and-investment-in-fibre-networks-telecoms-access-review-2026-31,Ofcom (UK regulator),Statement: Promoting competition and investment in fibre networks - Telecoms Access Review 2026-31,3/17/2026,IT Services & Cloud Integration,United Kingdom,"Ofcom's 2026 Telecoms Access Review sets regulatory decisions for fixed telecom markets up to 2031 to promote competition and investment in gigabit-capable networks. The regulator's emphasis on wholesale access and copper retirement facilitates faster fiber deployments by non-incumbent players, allowing agile competitors to capture enterprise cloud and edge workloads that legacy carriers may roll out more slowly.",This statement sets out Ofcom’s decisions for our regulation of the fixed telecoms markets for the period from April 2026 to March 2031.,2026-08-21T11:14:55.2794893,regulation
372,https://vbb.com/articles/after-extensive-review-belgian-competition-authority-clears-broad-cooperation-between-telecommunications-network-operators-for-roll-out-of-fibre-networks-in-flanders/,Vincent Brown & Partners (legal analysis),Belgian Competition Authority clears cooperation between telcos for fibre roll-out in Flanders,7/23/2026,Industry & Manufacturing,Belgium,"Legal analysis explaining the BCA's clearance of network cooperation between leading Belgian operators. The clearance signals a regulatory environment favoring faster coordinated fibre deployments, enabling players that quickly capitalise on the cooperation to out-deploy rivals in industry and manufacturing-connected regions requiring fibre and edge compute.","On 23 July 2026, the Belgian Competition Authority authorised the cooperation between Proximus/Fiberklaar and Telenet/Wyre for the roll-out of fibre telecommunications networks in Flanders.",2026-08-21T11:14:56.0170848,news
373,https://www.microsoft.com/en-us/microsoft-cloud/blog/telecommunications/2026/02/24/microsoft-accelerates-telecom-return-on-intelligence-with-a-unified-trusted-ai-platform/,Microsoft Cloud Blog,MWC 2026: Microsoft accelerates telecom return on intelligence with a unified trusted AI platform,2/24/2026,Public Sector & Defense,Global,"Microsoft describes Azure Local, sovereign edge and AI investments for telecoms to operationalise AI across networks and enterprise verticals. The cloud provider is enabling telcos and enterprises to rapidly deploy trusted AI and edge microservices — an execution path often faster and more modular than traditional carrier-led platform development.","At MWC 2026, Microsoft shares new AI investments enabling telecoms to move from pilots to real return on intelligence.",2026-08-21T11:14:56.7140267,news
374,https://www.heise.de/en/news/Google-Cloud-Sovereign-Cloud-in-Germany-by-end-of-2026-11338389.html,Heise Online,Google Cloud: Sovereign Cloud in Germany by end of 2026,6/19/2026,Public Sector & Defense,Germany,Tech press reporting that Google Cloud and Thales will launch a sovereign cloud region for Germany by end of 2026. This demonstrates hyperscaler acceleration into sovereign workloads and shows how hyperscalers plus local partners can operationalise regulated cloud offerings faster than incumbent carrier cloud services.,"Google Cloud has presented the schedule for its sovereign cloud in Germany. Thales operates the platform, which is to be available by the end of 2026.",2026-08-21T11:14:57.3168998,news
375,https://www.prnewswire.com/news-releases/thales-announces-strategic-partnership-with-google-cloud-to-launch-a-new-sovereign-cloud-in-germany-302777470.html,PR Newswire (Thales / Google Cloud press release),Thales Announces Strategic Partnership with Google Cloud to Launch a New Sovereign Cloud in Germany,5/20/2026,Public Sector & Defense,Germany,"Official PR describes Thales and Google Cloud's partnership building a dedicated sovereign cloud for regulated sectors in Germany. The initiative highlights the speed at which hyperscalers plus trusted local vendors can deliver sovereign platforms and services for public sector and regulated enterprises, outpacing typical carrier-owned cloud rollouts.",Thales and Google Cloud have signed a strategic partnership to create a new sovereign cloud offering in Germany.,2026-08-21T11:14:57.8818295,press_release
376,https://msftnewsnow.com/mwc-2026-microsoft-telecom-ai-azure-local/,MSFTNewsNow (reporting Microsoft announcements),MWC 2026: Microsoft Supercharges Telecom AI with Powerful Azure Local,2/24/2026,IT Services & Cloud Integration,Global,Coverage of Azure Local and operator-focused Azure capabilities revealed at MWC 2026 that accelerate AI and edge workloads for telcos. The article underscores hyperscaler capability to deliver developer-facing microservice catalogs and sovereign edge capabilities that telco competitors can leverage for faster market entries compared with legacy Orange approaches.,"Microsoft unveils new Azure Local, sovereign edge, and AI investments to help telecoms finally get real ROI from AI.",2026-08-21T11:14:58.4966420,news
378,https://www.mavenir.com/press-releases/telefonica-and-mavenir-forge-strategic-partnership-to-accelerate-ai-innovation-in-telecom/,Mavenir Press Release,Telefónica and Mavenir Forge Strategic Partnership to Accelerate AI Innovation in Telecom,2/19/2026,IT Services & Cloud Integration,Global,"Telefónica signed an MOU with Mavenir to create a joint AI Innovation Hub focused on AI-driven core network evolution and automation. This partnership focuses on telco-native, cloud-native AI capabilities for intent-based orchestration and monetization — enabling Telefónica to progress more rapidly than carriers that have slower, multi-vendor integration roadmaps.",Telefónica and Mavenir Forge Strategic Partnership to Accelerate AI Innovation in Telecom.,2026-08-21T11:23:05.8775215,press_release
379,https://www.telefonica.com/en/communication-room/press-room/telefonica-mavenir-forge-strategic-partnership-accelerate-ai-innovation-telecom/,Telefónica Press Room,Telefónica and Mavenir Forge Strategic Partnership to Accelerate AI Innovation in Telecom,2/19/2026,IT Services & Cloud Integration,Global,"Telefónica's press release describes the joint AI Innovation Hub with Mavenir to accelerate AI for core networks and orchestration — enabling more autonomous, microservices-based telco cloud stacks. This move shows Telefónica investing in telco-native AI capability stacks that can advance automation and service velocity relative to carriers slower to standardize AI-first network automation.",This collaborative lab is designed to accelerate the integration of artificial intelligence into the evolution of Core Networks.,2026-08-21T11:23:07.6526062,press_release
380,https://subtelforum.com/,SubTel Forum,Breaking Submarine Cable News & Analysis,8/20/2026,Native Non-EMEA Fiber,Global,"SubTel Forum provides daily updates and analysis on submarine cable builds, ownership changes and regulatory developments worldwide. Coverage in 2026 emphasizes new Americas and transpacific cables and regulatory approaches, helping indicate which operators and hyperscalers are investing in proprietary subsea capacity versus wholesale dependency.","Global coverage of the submarine cable industry, with daily news, data, maps, reports, and insights from SubTel Forum experts.",2026-08-21T11:23:09.1729659,news
381,https://www.bipt.be/consumers/publication/action-for-annulment-lodged-by-proximus-and-mobile-vikings-against-the-decision-of-the-bipt-of-28-january-2026,BIPT / IBPT (Belgian Regulator),Action for annulment lodged by Proximus and Mobile Vikings against the Decision of the BIPT of 28 January 2026,4/23/2026,Public Sector & Defense,Belgium,Belgian regulator BIPT published a dispute where Proximus and Mobile Vikings challenged a 2026 implementing decision — a signal of regulatory friction in Belgium’s telecom market. The filing reflects active regulatory oversight that can reshuffle market dynamics and provide windows for competitors (including Orange) to be challenged by faster?moving rivals or vertical?focused entrants. Regulatory developments like this can create opportunities for carriers or hyperscaler partnerships to reposition services in sectors like public procurement.,Proximus and Mobile Vikings seek the annulment of the Decision of the BIPT of 28 January 2026 on the implementing rules for the communication of the most advantageous tariff plan pursuant to Article 109...,2026-08-21T11:34:45.9834205,regulation
382,https://www.bipt.be/consumers/publication/communication-of-6-january-2026-regarding-the-26-ghz-band,BIPT / IBPT (Belgian Regulator),Communication of 6 January 2026 regarding the 26 GHz band,1/6/2026,Industry & Manufacturing,Belgium,"BIPT's 26 GHz communication outlines regulatory framework for mmWave spectrum, affecting operator plans for private networks and industrial edge. The decision shapes how operators and cloud partners can deploy high?bandwidth local networks for manufacturing and retail use cases — areas where competitors might accelerate private 5G and edge services. Regulatory clarity enables faster commercial rollouts by telcos that align product and spectrum strategy to vertical needs.",The communication concerns the regulatory framework for the 26 GHz band.,2026-08-21T11:34:46.8126303,regulation
383,https://humansareobsolete.com/articles/deutsche-telekom-nvidia-industrial-ai-cloud-germany-10000-gpus-early-2026-january-27-2026,Humans Are Obsolete (industry news),"Deutsche Telekom and NVIDIA Launch €1.2 Billion Industrial AI Cloud (Munich) with 10,000 GPUs",1/27/2026,Industry & Manufacturing,Germany,"Coverage describes Deutsche Telekom’s €1.2B Industrial AI Cloud built with NVIDIA — a sovereign, high?GPU capacity platform targeted at automotive and industrial customers. The facility promises to host enterprise AI workloads, enabling microservices and industrial automation at scale and giving Deutsche Telekom a strong foothold in manufacturing verticals. This integrated compute+connect approach can outpace carriers that only offer connectivity without hyperscale AI compute partnerships.","Deutsche Telekom and NVIDIA unveil world's first Industrial AI Cloud in Munich, operational early 2026 with 10,000 NVIDIA GPUs.",2026-08-21T11:34:47.9031582,news
384,https://www.fortinet.com/corporate/about-us/newsroom/press-releases/2026/fortinet-introduces-fortios-8-expand-secure-networking-with-secure-ai-controls-fabric-based-ai-agents-flexible-sase-and-simplified-sdwan,Fortinet Press Release,"FortiOS 8.0 expands Secure Networking with AI controls, Fabric AI agents, flexible SASE and simplified SD?WAN",3/10/2026,IT Services & Cloud Integration,Global,"Fortinet announced FortiOS 8.0 with AI?driven security, integrated Security Fabric and next?gen SASE — advancing automated threat prevention and fabric consolidation. The update highlights vendor capability to offer end?to?end security across networks, endpoints, clouds and AI workloads, which can be deployed faster by enterprises than multi?vendor carrier stacks. Competitors (telcos) partnering with such security fabric vendors gain a route to market but face pressure from native fabric vendors winning direct enterprise relationships.","FortiOS 8.0 delivers powerful new AI?driven security, next?generation SASE, and quantum?safe capabilities to help organisations simplify their security architectures...",2026-08-21T11:34:48.6233987,press_release
385,https://investor.fortinet.com/news-releases/news-release-details/fortinet-advances-continuous-ai-protection-acquisition-virtue-ai,Fortinet Investor News,Fortinet advances continuous AI protection with the acquisition of Virtue AI,8/17/2026,Public Sector & Defense,United States,"Fortinet announced the acquisition of Virtue AI to add automated AI runtime validation and protection to its Security Fabric, targeting protection of agentic AI systems in regulated sectors. This acquisition emphasizes how pure?play security vendors are rapidly integrating AI lifecycle protection into unified fabrics — potentially enabling faster, more cohesive security offerings for defense and public sector customers than carriers attempting point integrations. The move strengthens vendor competition against telco security bundles.",Virtue AI will enhance the Fortinet AI?Native Security Fabric with continuous agentic AI validation and runtime protection across the AI lifecycle.,2026-08-21T11:34:49.2163395,press_release
386,https://www.zscaler.com/blogs/company-news/zscaler-leader-gartner-magic-quadrant-sase-sse-2026,Zscaler Blog,Zscaler named Leader in 2026 Gartner Magic Quadrant for SASE and SSE,8/5/2026,Finance & Insurance,Global,"Zscaler publicises leadership in Gartner’s 2026 SASE and SSE reports, highlighting its zero?trust cloud?native platform for securing users and workloads. As a pure?play security provider, Zscaler offers consolidated SASE capabilities that enterprises can adopt more rapidly than multi?vendor carrier security stacks, giving it an edge in selling into finance and insurance verticals requiring rapid, auditable zero?trust deployments. The recognition signals acceleration of security fabric adoption independent of legacy carriers.","We believe these results underscore Zscaler’s accelerating market momentum and the proven capability of its Zero Trust SASE framework to safeguard users, devices, workloads, and AI agents wherever they reside.",2026-08-21T11:34:50.9447787,news
387,https://ir.zscaler.com/news-releases/news-release-details/zscaler-redefines-zero-trust-sase-ai-era,Zscaler - Investor News,Zscaler redefines Zero Trust SASE for the AI era with ZAgent Framework,6/10/2026,IT Services & Cloud Integration,United States,"Zscaler introduced the ZAgent Framework to extend Zero Trust SASE to unmanaged devices, B2B partners and multi?cloud workloads — addressing agentic AI and partner ecosystems. The announcement demonstrates how security specialists are building flexible, centralized controls that enterprises can consume faster than carrier?delivered, hardware?centric approaches. This capability supports hyperscaler workloads and cloud native microservices, enabling faster enterprise adoption of secure edge architectures.","Introduces new ZAgent Framework for agentic administration, and extends SASE to unmanaged devices, B2B partners, and multi?cloud workloads.",2026-08-21T11:34:52.0290010,press_release
388,https://www.worksoft.com/wp-content/uploads/2026/03/2026-Case-Study-Deutsche-Telekom.pdf,Worksoft - Case Study PDF,Case Study: Deutsche Telekom (2026) — ERP migration automation,3/1/2026,IT Services & Cloud Integration,Germany,"Worksoft case study describes how Deutsche Telekom used codeless automation to accelerate ERP migration testing, reducing manual effort and speeding transformation. It highlights the operator’s capability to modernize internal IT operations and accelerate enterprise transformation services — relevant to IT services buyers seeking integrated automation plus connectivity. This operational maturity can be a differentiator versus legacy carriers slower to modernize enterprise-facing development and testing processes.","Worksoft's codeless automation platform streamlined the testing process, significantly reducing manual effort and accelerating the migration.",2026-08-21T11:34:52.7073688,news
389,https://www.vodafone.com/news/newsroom/technology/why-europes-digital-networks-act-needs-real-simplification,Vodafone Viewpoint,Why Europe’s Digital Networks Act needs real simplification,8/10/2026,Public Sector & Defense,Europe,Vodafone discusses regulatory complexities under the EU Digital Networks Act and calls for simplification to help operators and cloud partners deploy services. The piece explains how regulatory clarity or the lack of it affects speed to market for enterprise services; nimble competitors can exploit clearer interpretation or faster compliance to get ahead. This showcases how policy engagement can be used strategically to accelerate rival operator and hyperscaler deployments into regulated verticals.,Why Europe’s Digital Networks Act needs real simplification.,2026-08-21T11:34:53.3155147,news
390,https://www.subseacables.net/submarine-cables-updates/transpacificnetworks-tabua,TransPacificNetworks / Subsea news,Trans Pacific Networks — Tabua subsea cable (Ready for service 2026),2/1/2026,IT Services & Cloud Integration,Global,"TransPacificNetworks documents the Tabua subsea cable programme (targeting RFS 2026) to expand independent non?EMEA fiber capacity across the Pacific. Independent cable builds enable faster cross?border capacity provisioning and give builders and customers more control than wholesale?dependent carriers. Such moves show how non?EMEA fiber owners can outpace carriers that rely primarily on leased international capacity, improving latency and reliability for cloud and enterprise workloads.",A technical look at #Tabua — Trans Pacific Networks’ #subsea cable system targeting Ready for Service in 2026.,2026-08-21T11:34:54.4199975,news
391,https://www.verizon.com/about/investors/runs-on-verizon/aws,Verizon - AWS partnership page,"AWS Wavelength and Verizon: lower access latency, edge compute integration",8/10/2026,Retail & Customer Experience,United States,"Verizon documents AWS Wavelength integration to host ultra?low latency applications at the 5G edge, enabling retail and media use cases (AR/VR, live events). Verizon’s deep hyperscaler partnership demonstrates how carriers can offer integrated edge?cloud stacks — but Verizon’s direct subsea and private network investments can create an execution advantage over operators who haven’t matched cloud partnerships or owned fiber. The page highlights operator/hyperscaler co?delivery models accelerating vertical adoption.",AWS Wavelength lets customers deploy the parts of an application that require ultra?low latency to the edge of the network and then seamlessly connect back to the full range of cloud services running in AWS.,2026-08-21T11:34:55.8490072,news
392,https://aws.amazon.com/wavelength/,Amazon Web Services - AWS Wavelength,AWS Wavelength: 5G edge infrastructure and resources,8/15/2026,Industry & Manufacturing,Global,"AWS Wavelength provides operators and enterprises with edge zones in carrier networks to run ultra?low latency workloads, backed by AWS compute and services. Wavelength’s documentation and case studies (e.g., TCS smart factory) illustrate how hyperscalers provide packaged edge microservices and developer catalogs that can be faster to adopt than carrier?built IaaS catalogs. Hyperscaler?led edge offerings can outpace legacy carriers by providing richer developer tooling and instant cloud integration.","Find documentation, reports, webinars, videos, and other resources for AWS Wavelength to learn how to build, deploy, and scale ultra?low latency 5G applications on edge devices.",2026-08-21T11:34:56.9765523,news
393,https://www.microsoft.com/en-us/microsoft-cloud/blog/telecommunications/2026/04/21/mwc-2026-recap-from-ai-pilots-to-enterprise-execution-in-telecom/,Microsoft Cloud Blog (MWC recap),MWC 2026 recap: From AI pilots to enterprise execution in telecom,4/21/2026,Retail & Customer Experience,Global,"Microsoft’s MWC recap shows telecom vendors moving from pilots to enterprise AI execution, emphasising integrated edge compute, automation and network intelligence. The write?up highlights operators and hyperscalers collaborating on developer catalogs and sovereign workloads that accelerate vertical deployments — a competitive dynamic where carriers that quickly adopt hyperscaler toolkits can gain ground, while those that don’t risk being outpaced by more cloud?native competitors.","Telecoms at MWC26 shifted from AI pilots to enterprise?scale execution. Explore key trends, customer momentum, and how operators are operationalizing AI for real ROI.",2026-08-21T11:34:57.6082702,news
394,https://www.verizon.com/about/news/press-releases,Verizon Press Releases,Verizon press releases (2026 updates),8/5/2026,Finance & Insurance,United States,"Verizon's 2026 press release feed shows strategic transformation updates including network investments and product launches for enterprise and financial services. Verizon's investments in privately owned fiber and networking capabilities, along with security and MEC offerings, allow it to bundle low-latency, secure connectivity and managed security for financial clients, challenging carriers reliant on leased backbone capacity.",Stay updated on the latest news and company announcements from Verizon. Browse our official press releases for the most recent updates.,2026-08-21T11:42:20.3599508,press_release
395,https://finance.yahoo.com/sectors/technology/articles/openlayer-partners-telef-nica-tech-163000462.html,Yahoo Finance / PR Newswire,Openlayer Partners with Telefónica Tech to Deliver AI Governance and Observability Across Europe and Latin America,3/26/2026,Finance & Insurance,Global,"Press coverage of Openlayer's partnership with Telefónica Tech describes delivery of AI governance and observability for regulated industries. Telefónica leverages third-party AI governance to reassure regulated finance and insurance customers, showing competitive differentiation through trusted AI services integrated with operator-managed cloud and security offerings—an area where hyperscalers and specialist AI governance platforms are pressuring traditional carrier value propositions.","Openlayer, the leading AI governance and observability platform, today announced a commercial partnership with Telefónica Tech...",2026-08-21T11:42:21.0483605,press_release
396,https://www.telefonica.com/en/communication-room/blog/summary-mwc-2026-telefonica-resilient-connectivity-operational-ai-quantum-security/,Telefónica Blog,"Summary MWC 2026: Telefónica - resilient connectivity, operational AI, quantum, security",2/28/2026,Public Sector & Defense,Global,"Telefónica's MWC 2026 summary emphasizes resilient hybrid connectivity (5G SA, fibre, satellite), operational AI, and cyber resilience services including SOC and DRaaS aimed at critical infrastructure and public sector clients. Telefónica's integrated approach to cloud continuity and security shows how operator-led, end-to-end solutions can compete with hyperscaler offerings in regulated verticals by combining connectivity, security fabrics and AI operations.","It’s about ensuring business continuity by combining: Hybrid technologies: 5G SA, fibre and satellite. Automation and support: uninterruptible power supply systems and 24/7 secure management.",2026-08-21T11:42:21.6377421,news
397,https://toresays.com/2026/08/18/a-quiet-war-on-the-seabed/,Tore Says (independent analysis),A Quiet War on the Seabed,8/18/2026,IT Services & Cloud Integration,Global,"Independent analysis details geopolitical and commercial tensions over subsea cable infrastructure in 2026, describing how strategic ownership of non-EMEA subsea routes is becoming a competitive advantage. Operators and hyperscalers investing in proprietary subsea capacity gain faster, sovereign-controlled routing for latency-sensitive finance and cloud customers—outpacing carriers reliant on wholesale transits.",By 2026 the chokepoint anxiety had migrated east. Iran warned in late April that submarine cables in the Strait of Hormuz were a vulnerable point for the region’s digital economy...,2026-08-21T11:42:22.8618896,news
398,https://bebeez.eu/2026/08/11/mdm-announces-new-transatlantic-subsea-cable-system-linking-ireland-to-the-us/,BeBeez,MDM announces new transatlantic subsea cable system linking Ireland to the US,8/11/2026,IT Services & Cloud Integration,United States,"BeBeez covers MDM's announcement of a new transatlantic subsea cable connecting Ireland and the US, expanding non-EMEA fiber routes and capacity provisioning. Independent cable builds and operator ownership of trunk capacity enable automated cross-border provisioning and sovereignty for enterprise customers in finance and cloud services, challenging legacy carriers dependent on leased wholesale capacity.",The transatlantic cable systems will interconnect with other under-development MDM submarine cable systems connecting Ireland to Europe and the UK.,2026-08-21T11:42:23.8083996,news
399,https://www.paloaltonetworks.com/company/press/2025/palo-alto-networks-forecasts-6-predictions-on-securing-the-new-ai-economy-for-2026,Palo Alto Networks - Press Release,Palo Alto Networks forecasts 6 predictions on securing the new AI economy for 2026,11/18/2025,Finance & Insurance,Global,"Palo Alto Networks publishes forward?looking guidance arguing 2026 will require autonomous AI defence, virtual patching, and SASE evolution to protect AI?native enterprises. The vendor narrative and product roadmap indicate security fabrics (autonomous threat prevention and zero?day virtual patching) that telecom competitors can embed in their managed security services, enabling platform consolidation faster than operators without deep security fabric partnerships. Hyperscalers and security vendors are positioning to capture regulated finance customers with AI?native protections.","2026 will be the ""Year of the Defender,"" where autonomous AI defense is the only way to combat AI-driven identity attacks, data poisoning and quantum risks.",2026-08-21T11:48:41.9025694,press_release
401,https://www.bipt.be/en/projects/atlas/ftth,BIPT / IBPT (Belgian regulator) - FTTH data portal,Fibre map - Status of the roll-out of FTTH optical fibre networks,7/16/2026,Retail & Customer Experience,Belgium,"Belgium's telecom regulator publishes an updated FTTH map based on operator submissions, showing aggressive fiber rollouts and competitive coverage zones. The data highlights where operators (including Proximus and others) are accelerating FTTH to capture retail broadband and FMCG retail digital experience markets. This regulator-led transparency pressures incumbents like Orange to match physical footprint investments or risk losing retail and enterprise accounts.",The BIPT publishes a fibre map showing FTTH roll-out. This map is based on the data communicated by the operators deploying such an optical fibre network.,2026-08-21T11:53:56.3053094,regulation
402,https://www.bundesnetzagentur.de/EN/Areas/Telecommunications/FrequencyManagement/ElectronicCommunicationsServices/start.html,Bundesnetzagentur (Germany),Stakeholder consultation on spectrum regulation aspects / wireless access for provision of telecommunications services,1/12/2026,Public Sector & Defense,Germany,"Bundesnetzagentur published consultations and decisions in 2026 shaping spectrum access and wireless licensing, accelerating next-gen services for industrial and public-sector applications. These regulatory changes enable faster operator rollouts and novel service models (e.g., private LTE/5G for defense and critical infrastructure), allowing agile competitors to deploy specialized connectivity while legacy carriers with slower regulatory engagement may lag. The active consultation period signals market windows for cloud/edge and security platform partnerships.",Stakeholders had the opportunity until 12 January 2026 to take part in the consultation and present their interests.,2026-08-21T11:53:57.8489734,regulation
403,https://www.paloaltonetworks.com/blog/2026/04/defenders-guide-frontier-ai-impact-cybersecurity/,Palo Alto Networks Blog,Defender's Guide to the Frontier AI Impact on Cybersecurity,4/1/2026,Finance & Insurance,Global,"Palo Alto Networks warns of AI-driven zero-day and autonomous attack agents, urging advanced, AI-native prevention and automated patching. The guidance and product roadmap emphasize integrated security fabrics and SASE capabilities that hyperscalers and specialist security vendors are pushing faster than traditional carrier-integrated security offerings. Financial services customers are highlighted as needing agentic AI-aware controls, an area where pure-play security vendors are often ahead of carrier bundled solutions.","Attackers will use advanced AI to discover zero-day vulnerabilities at scale, generate exploits in near real time, and develop autonomous attack agents unlike anything the industry has faced.",2026-08-21T11:53:59.2564856,news
404,https://unit42.paloaltonetworks.com/captive-portal-zero-day/,Palo Alto Networks Unit42 Threat Brief,Threat Brief: Exploitation of PAN-OS Captive Portal Zero-Day,5/6/2026,Public Sector & Defense,Global,"Unit42 discloses active exploitation of a PAN-OS captive portal zero-day, illustrating the speed and sophistication of modern threats. This technical advisory underscores why financial and public sector customers demand rapid, AI-enabled detection and autonomous response — capabilities more mature in security-native vendors than in many carrier security bundles. The advisory demonstrates the operational advantage of security fabrics that integrate threat intel, automated mitigation, and patch orchestration.","On May 6, 2026, Palo Alto Networks released a security advisory for CVE-2026-0300, identifying a buffer overflow vulnerability in the User-ID Authentication Portal service.",2026-08-21T11:54:00.5938213,news
405,https://www.zscaler.com/press/zscaler-redefines-zero-trust-sase-ai-era,Zscaler Press Release,Zscaler Redefines Zero Trust SASE for the AI Era,6/10/2026,IT Services & Cloud Integration,Global,"Zscaler launched an expanded Zero Trust SASE platform with an agent framework and AI-driven management aimed at securing AI workloads and unmanaged devices. The release positions a pure-play SASE vendor as delivering agentic AI operations and sovereign cloud integrations faster than many telco security offerings, enabling faster onboarding for enterprise cloud/AI applications. This move directly targets verticals like finance, retail and FMCG that need granular, AI-aware security at cloud scale.","Introduces new ZAgent Framework for agentic administration, and extends SASE to unmanaged devices, B2B partners, and multi-cloud workloads.",2026-08-21T11:54:01.4262643,press_release
406,https://www.mtn-c.com/product/vodafone-group-a-case-study-telco-automation-ai.html,MTN Consulting / Research product page (Vodafone case study),"Vodafone Group: A Case Study in Telco Automation, AI, and AN",7/1/2026,IT Services & Cloud Integration,Global,"An industry research profile describes Vodafone's investments in automation, autonomous networks and AI/GenAI to reduce OPEX and accelerate new services. The analysis shows Vodafone achieving measurable margin gains and revenue opportunities by deploying automated orchestration and developer-facing catalogs—areas where legacy carriers may lag if they don't open APIs and modernize cloud-native stacks. This supports enterprise adoption across retail and manufacturing verticals.","This profile addresses the role of automation, autonomous networks (AN), and AI/GenAI in Vodafone Group’s operations.",2026-08-21T11:54:02.2826111,analyst_report
407,https://news.europawire.eu/nokia-supports-proximus-digital-transformation-with-cloud-native-charging-and-core-network-upgrade/eu-press-release/2026/01/20/11/26/27/168227/,EuropaWire (Nokia / Proximus press news),Nokia supports Proximus digital transformation with cloud-native charging and core network upgrade,1/20/2026,Industry & Manufacturing,Belgium,"Nokia was selected by Proximus to modernize online charging and voice core using cloud-native solutions, enabling automation and new monetization models. The upgrade accelerates Proximus' ability to provide API-driven services and autonomous operations to enterprise verticals like manufacturing and logistics. It illustrates how vendors plus agile operators can outpace carriers with legacy core architectures by enabling self-service cloud-like developer catalogs.","Proximus will implement Nokia’s cloud-native Voice Core, Subscriber Data Management and Policy solutions to improve network automation and support flexible scaling.",2026-08-21T11:54:03.1613968,press_release
408,https://www.proximus.com/news/2026/202607-proximus-ekinops-optical-network.html,Proximus Press Release,Proximus modernizes its optical network with Ekinops to support tomorrow's digital needs,7/2/2026,Industry & Manufacturing,Belgium,Proximus announced a nationwide DWDM optical modernization with Ekinops (NEURON project) to expand capacity and automation for enterprise services. The investment shows a regional operator executing fiber and optical upgrades to support high-bandwidth edge and cloud connectivity for manufacturing and retail customers. This operational modernization can enable faster provisioning and capacity scaling compared to carriers that rely more on legacy transport.,"With its NEURON project, Proximus is embarking on a nationwide modernization of its optical network (DWDM).",2026-08-21T11:54:04.0661026,press_release
409,https://www.telefonica.com/en/communication-room/press-room/,Telefónica Press Room,"Telefónica press releases (multiple 2026 items - innovation, AI, cloud)",8/11/2026,Public Sector & Defense,Spain,"Telefónica's pressroom in 2026 shows multiple innovation announcements including AI integration for voice, smart rural projects, airport critical communications upgrades, and autonomous networks recognition. The breadth of activity across security, cloud, and edge demonstrates Telefónica's rapid deployment of operator-level digital infrastructure and vertical-specific solutions that can outpace carriers slower to adopt cloud-native and AI-driven operations.",Telefónica is integrating AI into all its business voice communications; Telefónica launches a pioneering managed cybersecurity service for the mid-market.,2026-08-21T11:54:05.4062357,press_release
410,https://www.telefonica.com/en/wp-content/uploads/sites/5/2026/05/q1-2026-telefonica-results-press-release.pdf,Telefónica Q1 2026 Results (press release PDF),Results Q1 2026 - Telefónica increases its revenue to € ...,5/5/2026,Finance & Insurance,Global,"Telefónica's Q1 2026 results emphasize financial strength enabling continued investment in network modernization, AI, and digital services. The company highlights growth in commercial lines and investments supporting enterprise verticals—showing how financially strong operators can accelerate deployments and enterprise-focused services faster than weaker incumbents. This financial momentum supports Telefónica's push into sovereign cloud and edge services for regulated industries.",The Group has delivered a strong and consistent performance across its four core markets at the start of 2026.,2026-08-21T11:54:06.2389687,press_release
411,https://www.verizon.com/business/resources/articles/s/5g-and-iot-edge-computing-driving-future-business-value/,Verizon Business Articles,5G & IoT Edge Computing: Driving Business Value,5/14/2026,Industry & Manufacturing,United States,"Verizon details how edge computing combined with 5G and IoT lowers latency and improves security for industrial applications, advocating for localized compute. The guidance promotes vendor-integrated stacks (connectivity+edge+security) for manufacturing customers—accelerating customer adoption compared with legacy connectivity-only offerings. Verizon's play underscores how integrated digital infrastructure providers can displace network-only incumbents in verticalized enterprise use cases.",Edge computing brings the cloud to remote locations to improve availability and offers local processing and storage to enhance security.,2026-08-21T11:54:07.7613156,news
412,https://aws.amazon.com/telecom/network-modernization/core/,AWS for Telecom (official),"AWS Outposts for high throughput, network-intensive telco workloads",3/11/2025,IT Services & Cloud Integration,Global,"AWS documents Outposts racks tailored for telco network functions (5G UPF, RAN CU) enabling telcos to run core workloads on AWS hardware in operator sites. This offering accelerates operators and partners in launching cloud-native, low-latency services and developer-facing catalogs, enabling faster service innovation compared to carriers that retain legacy, appliance-based cores. The Outposts approach supports sovereign and industry-specific deployments for finance and manufacturing verticals.",AWS Outposts racks built for high throughput and network-intensive on-premises workloads provide cost-efficient traffic scaling to meet growing throughput demands on 5G Core UPF and RAN CU workloads.,2026-08-21T11:54:09.3165292,news
413,https://press.aboutamazon.com/aws/2026/3/o2-telefonica-brings-5g-cloud-core-to-own-data-center-with-nokia-and-aws-outposts,AWS US Press Center (O2 Telefónica with AWS Outposts),O2 Telefónica brings 5G cloud core to own data center with Nokia and AWS Outposts,3/3/2026,Industry & Manufacturing,Global,"O2 Telefónica moved production-scale 5G core functions to AWS Outposts in its data centers with Nokia, becoming an early adopter of hyperscaler-hosted telco core. This shift signals how operators can accelerate cloud-native operations and developer consumption models by partnering with hyperscalers, potentially outpacing carriers that retain traditional on-prem appliance cores. The move supports low-latency vertical services across manufacturing and public sector domains.",O2 Telefónica is using technology from Nokia to run its 5G core network on AWS Outposts deployed in its own data center.,2026-08-21T11:54:10.4347873,press_release
414,https://www.nokia.com/newsroom/nokia-expands-network-as-code-ecosystem-advances-api-based-agentic-ai-with-google-cloud-mwc26/,Nokia Newsroom,"Nokia expands Network as Code ecosystem, advances API-based agentic AI with Google Cloud",2/24/2026,IT Services & Cloud Integration,Global,"Nokia announced an expanded Network as Code ecosystem with Google Cloud, embedding agentic AI and network APIs to make network functions programmable and consumable by enterprise agents. This enables microservice-driven automation and self-service developer catalogs that carriers and hyperscalers can monetize for verticals like finance and retail. Vendors and hyperscalers moving fast on API and agent integration put pressure on legacy operator models to open programmability.","Google Cloud is collaborating with Nokia to fuse agentic AI with network APIs, making networks consumable and programmable by enterprise agents.",2026-08-21T11:54:11.3004783,press_release
415,https://www.prnewswire.com/news-releases/nokia-and-google-cloud-partner-to-embed-ai-agents-built-with-googles-gemini-models-into-nokias-autonomous-network-product-suite-302805095.html,PR Newswire (Nokia & Google Cloud),Nokia and Google Cloud partner to embed AI agents built with Google's Gemini models into Nokia's autonomous network product suite,7/15/2026,Industry & Manufacturing,Global,"Nokia and Google Cloud announced development of specialized AI agents built on Gemini to automate network operations, incident resolution and predictive maintenance. The partnership accelerates autonomous network capabilities and API-driven orchestration—areas where vendor-hyperscaler collaborations are driving faster operational transformation than traditional carrier-led projects. These capabilities are immediately relevant to manufacturing and logistics customers needing resilient, self-healing connectivity.","By developing six specialized AI agents built with Gemini, Nokia will help telecommunication providers lower operational costs, rapidly resolve network issues, and move toward fully automated operations.",2026-08-21T11:54:12.1075654,press_release
416,https://www.colt.net/resources/insights/bridging-the-atlantic-how-subsea-partnerships-drive-high-speed-connectivity,Colt Insights / Carrier blog,Bridging the Atlantic: How subsea partnerships drive high-speed connectivity,5/7/2026,Industry & Manufacturing,Global,"Colt's analysis of transatlantic subsea capacity highlights how carriers and independents are investing in proprietary submarine routes and partnerships to control capacity and latency. The insight shows how ownership of fiber routes (non-EMEA fiber) enables faster capacity provisioning for enterprise customers across the Americas and Asia-Pacific, allowing some competitors to outpace carriers reliant on leased wholesale capacity.",How subsea partnerships drive high-speed connectivity and why new transatlantic investment matters for network capacity and performance.,2026-08-21T11:54:13.0335728,news
417,https://www.cnmc.es/en/acuerdos-y-decisiones,CNMC (Spain regulator) - Decisions,Decisions / Acuerdos y decisiones (CNMC) - 2026 updates,8/1/2026,Public Sector & Defense,Spain,"Spain's CNMC maintains a public decisions repository tracking telecom market rulings, spectrum and competition matters in 2026. These regulatory updates shape operator competitive dynamics and can accelerate or constrain network rollouts, enabling agile competitors to capture market share when regulators favor open access or infrastructure competition. The CNMC's datasets and decisions inform where operators can deploy industry-specific services faster.","Mostramos todas las resoluciones y decisiones del Consejo, todos los acuerdos públicos de las Direcciones de Instrucción, y en general, cualquier acto de la CNMC relevante.",2026-08-21T11:54:14.4609579,regulation
418,https://data.cnmc.es/telecomunicaciones-y-sector-audiovisual/conjuntos-de-datos/infraestructura-movil/indicadores,CNMC Data Portal - Mobile Infrastructure indicators,"CNMC dataset: 5G deployment indicators (stations, lines, traffic)",7/16/2026,Industry & Manufacturing,Spain,"CNMC published a dataset tracking 5G deployment indicators up to 2026-Q1, showing base station rollout and traffic metrics per operator. The granular data helps enterprises and vendors identify where operators are investing in 5G capacity for industrial and enterprise use-cases, revealing competitive gaps where hyperscaler partnerships or independent players may be accelerating services faster than legacy carriers.","This dataset offers information about the degree of 5G deployment through three indicators: lines, base stations and mobile data traffic with quarterly periodicity up to 2026-Q1.",2026-08-21T11:54:15.2639472,regulation
419,https://docs.fcc.gov/public/attachments/FCC-26-26A1.pdf,Federal Communications Commission (FCC) - Report and Order,FCC 26-26: Modernizing Spectrum Sharing for Satellite Broadband (Report and Order),4/30/2026,Public Sector & Defense,United States,"The FCC's 2026 Report and Order modernizes spectrum sharing rules for satellite broadband and mid-band allocations, approving major transactions that free mid-band spectrum for terrestrial and satellite operators. These policy changes enable new entrants and incumbent operators (e.g., AT&T) to deploy next-gen services including D2D and LEO-integrated offerings, altering competitive dynamics and enabling faster market entry for players with fiber/subsea and cloud partnerships.","Modernizing Spectrum Sharing for Satellite Broadband Adopted: April 30, 2026.",2026-08-21T11:54:16.1883508,regulation
420,https://docs.fcc.gov/public/attachments/DOC-421651A1.pdf,FCC public attachment (press summary PDF),FCC Secures Win for America's Leadership in Next-Gen Connectivity (news summary),5/12/2026,Public Sector & Defense,United States,"FCC announcements in May 2026 detail approvals of large spectrum transactions enabling AT&T and SpaceX-related deals, unlocking mid-band capacity and facilitating next-gen terrestrial and satellite services. The regulatory approvals are enabling deeper operator-hyperscaler and satellite collaborations, effectively speeding up deployments and competitive offerings for rural and enterprise customers compared to carriers without such regulatory advantage or scale.",The two transactions will allow the private sector to light up approximately 115 megahertz of underused mid-band spectrum for the benefit of the American people.,2026-08-21T11:54:17.5838508,regulation
421,https://www.equinix.com/newsroom/press-releases-global,Equinix Newsroom,Equinix: collaborations and press releases on AI factories and subsea interconnection (2026),6/16/2026,IT Services & Cloud Integration,Global,"Equinix announced expanded collaborations with Cisco and NVIDIA to deploy secure AI factories across its global data centers and participated in subsea and interconnection investments in 2026. Equinix's platform strategy enables enterprise customers to combine carrier connectivity, hyperscaler clouds and secure on-prem workloads—accelerating time-to-market for AI and edge services compared to traditional carrier-only deployments. This positions neutral infrastructure providers as enablers of sovereign workloads and cross-border performance.",Equinix Collaborates with Cisco and NVIDIA to Deploy Secure AI Factories Across Global Data Center Footprint.,2026-08-21T11:54:18.9396047,press_release
422,https://www.prnewswire.com/news/equinix-cpp-investments-and-equinix-to-acquire-atnorth-for-us4-billion-302705xxx.html,PR Newswire (Equinix acquisition / subsea related coverage),CPP Investments and Equinix to Acquire atNorth (subsea / data centre expansion coverage),2/27/2026,IT Services & Cloud Integration,Global,"Coverage of Equinix's strategic M&A and global footprint expansion illustrates how neutral infrastructure companies are rapidly scaling data center and network interconnection capabilities. These moves allow Equinix and partners to offer integrated, secure, high-performance cloud connectivity and edge services to enterprise verticals faster than many telco incumbent rollouts that rely on incremental in-house data center builds.",CPP Investments and Equinix to Acquire atNorth for US$4 Billion (coverage on Equinix's expansion strategy).,2026-08-21T11:54:19.7651868,press_release
423,https://www.nokia.com/about-us/newsroom/press-releases/2026/01-20-nokia-supports-proximus/,Nokia Press Release (Proximus modernization) - Nokia newsroom,Nokia supports Proximus digital transformation with cloud-native charging and core network upgrade,1/20/2026,Industry & Manufacturing,Belgium,"Nokia's official press release confirms its selection by Proximus to modernize core network functions with cloud-native solutions, enabling network automation and new monetization for enterprise verticals. Vendor-led cloud-native transformations allow operators like Proximus to provide developer APIs and faster service launches, outpacing competitors who remain tied to legacy, monolithic core architectures. The release highlights concrete vendor-operator execution rather than conceptual roadmaps.","Proximus will adopt Nokia’s cloud-native solutions to enhance operational efficiency, accelerate service innovation, and advance toward more autonomous network operations.",2026-08-21T11:54:21.1637548,press_release
424,https://www.ntt.com/en/about-us/press-releases/news/article/2026/0615.html,NTT (Press release),NTT DOCOMO BUSINESS and TRANSATEL Launch 'Cellular SASE for IoT' in collaboration with Zscaler,6/15/2026,Industry & Manufacturing,Global,"NTT DOCOMO BUSINESS, Transatel and Zscaler launched 'Cellular SASE for IoT', the first carrier-offered SASE solution tailored to the IoT market, combining cellular connectivity with cloud-native SASE. This joint solution demonstrates carriers partnering with security fabric specialists to deliver integrated secure connectivity for industrial IoT—illustrating a faster, security-first approach than many operator standalone offerings and showing momentum in verticalized security connectivity.","NTT DOCOMO BUSINESS and TRANSATEL, in collaboration with Zscaler, are launching 'Cellular SASE for IoT,' a new solution for the global IoT market.",2026-08-21T11:54:22.6151323,press_release
425,https://www.proximus.com/news/2026/202607-financial-results-q2-2026.html,Proximus Group - Press Release,Proximus Group financial results – Second quarter 2026,7/30/2026,Retail & Customer Experience,Belgium,Proximus reported Q2 2026 results highlighting rapid fiber roll-out and growth in fiber business lines (2.75M homes passed). The operational detail and fiber-readiness metrics show a competitor executing physical network expansion and retail convergent offers at scale—demonstrating how aggressive fiber footprint growth can capture fixed broadband market share ahead of operators with slower rollouts.,"Proximus' Fiber footprint reached 2,753,000 homes and businesses passed end-June 2026, fueling further growth for its total Domestic Internet base with +8,000.",2026-08-21T12:06:22.4945124,press_release
426,https://www.verizon.com/about/news/verizon-delivers-record-2q26-results,Verizon - Press Release,Verizon delivers record 2Q26 results as strategic transformation ignites accelerated growth,7/24/2026,FMCG / Retail & Customer Experience,United States,"Verizon's Q2 2026 results highlight strong broadband and fixed wireless growth, and record net additions. The disclosure emphasizes Verizon's rapid consumer and enterprise broadband scale through fiber and FWA, supporting faster market share gains versus operators with slower fixed broadband strategies.","Delivered 184,000 postpaid phone net additions... Delivered 348,000 broadband net additions in second-quarter 2026... approximately 17.1 million fixed wireless access and fiber broadband connections.",2026-08-21T12:06:24.2994392,press_release
427,https://www.fortinet.com/products/sase,Fortinet - Product Page (FortiSASE),FortiSASE | Fortinet,8/1/2026,Retail & Customer Experience,Global,"Fortinet's FortiSASE documentation emphasizes AI-powered real-time threat intelligence and integrations across LAN/WLAN and branch portfolios. Vendors like Fortinet are consolidating security fabrics with agentic AI assistants and broad edge integrations—demonstrating faster, integrated SASE capabilities than many carrier multi-vendor stacks.","FortiSASE includes expanded integrations with the Fortinet WLAN/LAN... FortiGuard Labs provides AI-powered, real-time threat intelligence to continuously update FortiSASE...",2026-08-21T12:06:26.2601108,news
428,https://docs.fortinet.com/document/fortisase/26.1.26/architecture-guide/520918/design-examples,Fortinet Documentation,FortiSASE design examples and architecture guide,4/1/2026,IT Services & Cloud Integration,Global,"Technical design examples for Fortinet's SASE deployments across branch, remote users and thin-edge sites. The documentation shows vendor-led integrated designs (AI-driven threat updates and unified enforcement) that enterprises can deploy rapidly—demonstrating faster time-to-value than carrier-led multi-vendor SASE integrations.",This section focuses on each individual FortiSASE use case and the corresponding designs and topologies deployed in those use cases.,2026-08-21T12:06:27.8974880,news
429,https://www.rcrwireless.com/2026/02/25,RCR Wireless - News,What is a (regional) federated edge? Will the big Euro?MNO project fly?,2/26/2026,Industry & Manufacturing,Global,"RCR Wireless assesses the pan?European federated edge initiative, weighing operational and commercial challenges. The article highlights how multi?operator federation could accelerate cross-border edge applications for industry customers, giving participating operators competitive advantage over carriers that remain nationally siloed.","Europe’s five biggest mobile operators – Deutsche Telekom, Orange, Telefónica, TIM, and Vodafone Group – are building a pan-European “federated edge continuum”...",2026-08-21T12:06:29.3946718,news
430,https://www.lightreading.com/cloud/eurobites-vodafone-trumpets-progress-on-european-federated-edge-,Light Reading,Eurobites: Vodafone trumpets progress on 'federated edge',5/14/2026,IT Services & Cloud Integration,Europe,"Light Reading reports on Vodafone's messaging about the federated European edge, including ambitions to onboard more operators. The media coverage underscores how operator consortia are publicly progressing federation and edge offerings—potentially outpacing carriers that have not joined such coordinated efforts.",The project to create a 'federated' edge digital infrastructure across Europe is gaining momentum and looking to expand...,2026-08-21T12:06:31.8637926,news
431,https://www.fcc.gov/public/attachments/FCC-26-2A1.pdf,FCC - Document FCC-26-2,FCC 26-2: Protecting Our Communications Networks by Promoting Transparency Regarding Foreign Adversary Control,1/29/2026,Public Sector & Defense,United States,FCC docket emphasizes transparency and supply-chain controls for communications networks. Regulatory moves like this accelerate enterprise demand for trusted vendor/hyperscaler cloud and security solutions with vetted supply chains—advantaging providers who can rapidly certify sovereign or compliant stacks versus carriers slower to demonstrate supplier confidence.,"In the Matter of Protecting Our Communications Networks by Promoting Transparency Regarding Foreign Adversary Control (Adopted: January 29, 2026).",2026-08-21T12:06:33.8735465,regulation
432,https://aws.amazon.com/wavelength/customers/,Amazon Web Services - AWS Wavelength Customers,AWS Wavelength Customers (use cases),8/1/2026,Industry & Manufacturing,Global,AWS lists Wavelength customer case studies (including partnerships with operators such as Vodafone) for ultra-low-latency 5G edge applications in smart factories and autonomous systems. Hyperscaler+telco deployments like Wavelength demonstrate app developer catalogs and serverless edge capabilities that can outpace traditional carrier edge offerings lacking hyperscaler developer ecosystems.,AWS Wavelength and Vodafone 5G and MEC technologies provide our vehicles with ultra-low latency and expansive bandwidth...,2026-08-21T12:06:35.9996234,news
435,https://www.zscaler.com/resources/videos/carrier-accelerates-secure-digital-transformation-zscaler,Zscaler - Customer Case Study (video),Carrier accelerates secure digital transformation with Zscaler,7/1/2026,Finance & Insurance,Global,"Zscaler's carrier customer case shows rapid zero-trust deployment at global scale (56,000 employees across 160 countries in nine days). Cloud-native security platforms can onboard large enterprise footprints far quicker than carrier-managed security integrations, signaling vendor platforms outpacing traditional managed security offerings.","See how Zscaler helped Carrier deploy zero trust security to 56,000 employees in 160 countries in just nine days.",2026-08-21T12:06:41.7435544,news
436,https://zscaler.com/customers,Zscaler - Customers Page,Zscaler - Digital Transformation Success Stories,6/1/2026,IT Services & Cloud Integration,Global,"Zscaler highlights numerous enterprise deployments enabling secure cloud adoption and mobility. Their portfolio approach (cloud-first, zero trust) demonstrates vendor-driven security that often outpaces multi-vendor carrier security integrations in speed and scale—especially relevant to enterprises migrating away from carrier-centric VPN models.",Zscaler's customers are leading organizations from around the globe that depend upon our cloud security platform to enable their business for mobility and cloud.,2026-08-21T12:06:49.3716154,news
437,https://docs.fcc.gov/public/attachments/FCC-26-55A1.pdf,FCC - Report (EDOCS),FCC Report on Fixed and Mobile Broadband Service (2026),8/1/2026,Public Sector & Defense,United States,"An FCC broadband report showing market progress on fixed and mobile broadband deployment and regulatory measures. The report's data and policy stance influence operator investment decisions—operators aligning with regulatory trends (broadband expansion, transparency) can accelerate competitive deployments in underserved vertical markets.","The data presented in this Report reveal that market forces, industry developments, and our regulatory reforms are succeeding in delivering broadband to more Americans than ever before.",2026-08-21T12:06:53.0373811,regulation
438,https://www.ntt.com/en/about-us/csr/solution/solution03/solution05.html,NTT - Corporate (Submarine Cable Business),Promoting the Submarine Cable Business that Continues to Connect the World (NTT),6/1/2026,Native Non-EMEA Fiber,Global,"NTT highlights its submarine cable engineering and ownership activities, demonstrating operator-led investment in transoceanic fiber infrastructure. Proprietary subsea ownership by regional incumbents and telecom groups (e.g., NTT) offers faster, direct capacity provisioning compared with carriers reliant on leased wholesale capacity—strengthening their competitiveness in non-EMEA routes.",World Engineering Marine Corporation... responsible for the installation and maintenance of submarine cables... demand for new submarine cable installation and maintenance... rising as well.,2026-08-21T12:06:54.4191697,news
439,https://www.telefonica.com/en/wp-content/uploads/sites/5/2026/06/PR_PlanEdge_BorjaOchoa.pdf,Telefónica - Press Release (PDF),Telefónica finalizes its Edge nodes rollout,6/3/2026,Industry & Manufacturing,Spain,"Telefónica announced completion of a planned rollout of edge nodes intended to accelerate enterprise and government workloads, strengthen technological sovereignty and enable low?latency industrial use cases. Telefónica's open, interconnected edge architecture and conversion of exchanges to edge DCs showcase an operator executing a region?wide deployment strategy that competes with carriers dependent on third?party cloud providers.",Telefónica’s project ... strengthens technological sovereignty and accelerates digital transformation with new services for businesses and government agencies.,2026-08-21T12:41:49.0818921,press_release
440,https://www.telefonica.es/es/wp-content/uploads/sites/10/2026/02/PR-pilotoTelefonica-CAF-eng.pdf,Telefónica - Press Release (CAF pilot),Telefónica and CAF Launch Europe’s First B2B pilot integrating Edge Computing and 5G for Rail,2/3/2026,Industry & Manufacturing,Spain,"Telefónica and CAF launched a pilot integrating 5G and edge computing for rail transport, enabling on?vehicle and trackside applications. It's a tangible industrial deployment showing Telefónica moving faster on verticalized edge services for manufacturing and transport compared with carriers that have not operationalized edge-to-rail integrations at scale.","Madrid, 3 February 2026.- Telefónica and CAF ... have announced the launch of Europe’s first B2B pilot integrating Edge Computing and 5G capabilities for the rail sector.",2026-08-21T12:41:49.9671789,press_release
441,https://www.vodafone.com/news/newsroom/technology/vodafone-google-cloud-tm-forum-unveil-framework-for-self-optimising-autonomous-networks,Vodafone Newsroom,"Vodafone, Google Cloud and TM Forum Unveil Framework for Self?Optimising Autonomous Networks",7/1/2026,IT Services & Cloud Integration,Global,"Vodafone with Google Cloud and TM Forum published a technical framework enabling intent?based autonomous networks. The collaboration accelerates network automation and intent-driven deployment for enterprise customers, showing how operator?hyperscaler partnerships can outpace carriers without equivalent cloud/AI automation frameworks.","Vodafone, Google Cloud and TM Forum today published a technical white paper ... to help the telecoms industry shift ... to proactive, intent-based network autonomy.",2026-08-21T12:41:51.0076278,press_release
442,https://www.amdocs.com/press-release/mwc-2026-vodafone-germany-multi-year-transformation-reaches-commercial,Amdocs - Press Release,MWC 2026: Vodafone Germany Multi?Year Transformation Reaches Commercial Stage,2/24/2026,Finance & Insurance,Germany,"Amdocs announced Vodafone Germany's multi?year transformation hitting commercial deployment, leveraging AI, cloud adoption and intelligent network automation. The implementation provides a blueprint for faster service rollouts and operational agility targeted at enterprise verticals such as finance, demonstrating competitor speed in operational transformation relative to legacy carriers slower to modernize OSS/BSS and AI tooling.","Our portfolio ... enable service providers to harness ... artificial intelligence, driving digital modernization, cloud adoption, intelligent network automation...",2026-08-21T12:41:51.9763981,press_release
443,https://www.mtn-c.com/product/vodafone-group-a-case-study-in-telco-automation-ai-and-an/,MTN Consulting (industry research),"Vodafone Group: A Case Study in Telco Automation, AI, and AN",7/10/2026,IT Services & Cloud Integration,Global,"MTN Consulting's profile analyses Vodafone's deployment of automation and autonomous networks, its application of AI/GenAI in operations and resulting margin impacts. It highlights Vodafone's advanced programmatic operations and automation as a competitive differentiator in delivering faster, more reliable enterprise services for cloud and IT customers compared with slower adopters.","This profile addresses the role of automation, autonomous networks (AN), and AI/GenAI in Vodafone Group’s operations.",2026-08-21T12:41:53.0634384,analyst_report
444,https://5glab.orange.com/en/reports/mwc-2026-special-report-challenges-and-breakthroughs-shaping-the-telecom-industry-in-the-era-of-intelligent-connectivity/,Orange 5G Lab (Orange),MWC 2026 special report: Challenges and breakthroughs shaping the telecom industry,2/28/2026,IT Services & Cloud Integration,Europe,"Orange's own MWC 2026 report outlines its view of network?AI, 5G SA, APIs and edge but also reveals areas where competing operators are forming federations and hyperscaler partnerships that may accelerate deployment. While informative about Orange's initiatives, the report helps benchmark competitor moves (e.g., federated edge) that could outpace Orange if executed at greater scale by consortiums.",Explore ... I. What Orange showcased at MWC 2026: network–AI use cases ... II. What MWC 2026 reveals about the telecom market: the major underlying trends...,2026-08-21T12:41:54.5308313,news
445,https://www.europawire.eu/five-major-european-telecom-operators-launch-first-federated-edge-cloud-to-strengthen-digital-sovereignty-at-mwc-2026/eu-press-release/2026/02/23/13/48/21/170204/,EuropaWire (press distribution),Five Major European Telecom Operators Launch First Federated Edge Cloud to Strengthen Digital Sovereignty at MWC 2026,2/23/2026,Public Sector & Defense,Europe,"Press distribution summarises the federated edge initiative and highlights its implications for digital sovereignty and public sector use cases, demonstrating how operator cooperation accelerates regional infrastructure capability beyond what individual legacy operators might achieve alone.","Deutsche Telekom, Orange, Telefónica, TIM, and Vodafone have jointly demonstrated the European Edge Continuum ... establishing the first federated pan-European edge cloud...",2026-08-21T12:41:56.1743323,press_release
446,https://www.europesays.com/spain/3664/,EuropeSays (industry commentary),‘From core to edge’ — Telefónica Germany on cloud-native shift,4/10/2026,Industry & Manufacturing,Germany,"An interview/analysis describing Telefónica Germany’s cloud?native strategy aiming at 'cloud at scale' and committing a material share of workloads to cloud/edge. The article signals Telefónica's acceleration to cloud?native microservices and edge, an approach that can outpace carriers that remain tied to monolithic network functions.","Looking ahead to 6G, Rao sees cloud-native principles accelerating rather than being replaced. Telefónica Germany is now focused on 'cloud at scale'...",2026-08-21T12:41:57.1626346,news
447,https://www.paloaltonetworks.com/blog/sase/accelerating-network-deployment-with-autonomous-ai-operations/,Palo Alto Networks Blog,Accelerating Network Deployment with Autonomous AI Operations,3/12/2026,IT Services & Cloud Integration,Global,"Palo Alto Networks describes autonomous AI operations as a method to accelerate SASE and network security deployments, reducing manual friction in large-scale rollouts. The blog details Prisma SASE automation and agentic AI capabilities—showing a hyperscaler/security fabric provider outpacing traditional carrier-managed security integrations in agility. The emphasis on automated zero-day prevention and orchestration underscores how vendor-native security fabrics can leapfrog multi-vendor carrier stacks for enterprise security buyers.","Accelerate network deployment with autonomous AI operations. Overcome the 'transition gap' and move from manual friction to fast, automated SASE rollouts.",2026-08-24T00:51:12.1552988,news
448,https://newsroom.bt.com/bt-group-and-verizon-to-form-joint-venture-creating-a-scaled-international-connectivity-platform-for-multinational-customers/,BT Group - Newsroom,"BT Group and Verizon to form joint venture, creating a scaled international connectivity platform for multinational customers",6/29/2026,IT Services & Cloud Integration,Global,"BT Group and Verizon announced a 50:50 joint venture to combine international enterprise operations, creating a scaled connectivity platform for multinationals. The move creates a global connectivity provider focused on cloud and AI-era needs, with potential to outcompete regional carriers by offering unified global platforms, owned infrastructure and improved service orchestration. The JV signals consolidation among large network owners to offer hyperscaler-like global network+cloud services to enterprises.",BT Group (BT) and Verizon Communications Inc. today announced the signing of an agreement to combine their respective international enterprise operations into a 50:50 joint venture...,2026-08-24T00:51:13.6621294,press_release
449,https://www.bipt.be/operators/digital/ia-act/application-of-the-ai-act,BIPT (Belgian Institute for Postal Services and Telecommunications),Application of the AI Act,8/1/2024,Public Sector & Defense,Belgium,"BIPT’s guidance explains the staged application of the EU AI Act and BIPT’s role as Belgium’s market surveillance authority. The regulator’s documentation affects telecom operators and cloud providers operating in Belgium, forcing operator and hyperscaler offerings to adapt to compliance and governance requirements for trusted AI deployments. This regulatory signal accelerates operator and vendor investments in compliant, sovereign AI-capable infrastructure for regulated verticals such as finance and public administration.",The AI Act entered into force on 1 August 2024 and will be fully applicable from 2 August 2028.,2026-08-24T00:51:14.3154942,regulation
450,https://www.telecoms.com/ai/orange-signs-new-google-cloud-deal-to-boost-its-ai-clout,Telecoms.com,Orange signs new Google Cloud deal to boost its AI clout,4/9/2024,Retail & Customer Experience,Global,"Telecoms.com reports Orange’s expanded collaboration with Google Cloud to deploy AI and GenAI near operations using Google Distributed Cloud. While Orange secured a close hyperscaler collaboration, the article highlights competitor hyperscaler tie-ups across other operators and how hyperscalers can rapidly enable new enterprise services—showing both competitive pressures and the acceleration possible when telcos partner tightly with cloud providers.","Google Cloud and Orange will deploy artificial intelligence, including gen AI, closer to Orange's and its customers' operations via Google Distributed Cloud...",2026-08-24T00:51:15.4801636,news
451,https://www.datacenterdynamics.com/en/news/orange-to-deploy-google-distributed-cloud-on-prem-for-ai-workloads/,DataCenterDynamics,Orange to deploy Google Distributed Cloud on-prem for AI workloads,4/9/2024,IT Services & Cloud Integration,Global,DatacenterDynamics covers Orange’s choice to use Google Distributed Cloud on-prem to host AI workloads closer to operations and customer sites. The coverage contrasts operator-hyperscaler models and highlights how telcos can leverage distributed cloud hardware to deliver sovereign and low-latency AI services. It also implies competitive pressure from hyperscalers who can supply on-prem packaged cloud hardware and software at speed.,Orange is using Google's on-premise Distributed Cloud (GDC) at its locations to enable artificial intelligence (AI) workloads.,2026-08-24T00:51:16.1351279,news
452,https://www.paloaltonetworks.com/blog/sase/securing-the-agentic-enterprise-with-a-unified-sase-platform/,Palo Alto Networks Blog,Securing the Agentic Enterprise with a Unified SASE Platform,3/10/2026,Finance & Insurance,Global,"Palo Alto Networks explains its unified SASE approach designed to protect AI-driven (agentic) enterprises, focusing on governance, precision AI and distributed enforcement. The article presents the vendor-native security fabric as a faster, more integrated option for financial services seeking rapid, secure adoption of AI, compared to carriers integrating multi-vendor security components without a unified control plane. Vendor SASE momentum is a competitive signal for carriers to embed comparable native offerings.",Prisma SASE was designed from day one to be the future-ready foundation for the modern AI-driven enterprise.,2026-08-24T00:51:16.7625313,news
453,https://www.fortinet.com/corporate/about-us/newsroom/press-releases/2026/fortinet-advances-its-security-operations-platform-with-unified-soc-agentic-ai-and-expanded-endpoint-security,Fortinet - Press Release,"Fortinet Advances Its Security Operations Platform with Unified SOC, Agentic AI, and Expanded Endpoint Security",3/11/2026,Public Sector & Defense,Global,"Fortinet announced major updates to its SecOps platform with agentic AI, previewing FortiSOC and enhanced endpoint integration. These product-level advances show security fabric vendors building unified operations stacks that reduce time-to-protect for high-risk verticals like defense and public sector. The innovations heighten competitive pressure on carriers to adopt or partner with unified security fabrics rather than assemble bespoke stacks from multiple vendors.","Updates feature next-generation SecOps advancements, including expanded agentic AI capabilities, a preview of FortiSOC, managed services, and endpoint security enhancements...",2026-08-24T00:51:17.8955091,press_release
454,https://www.telefonicatech.com/en/news/telefonica-tech-leader-gartner-magic-quadrant-private-networks-4g-5g,Telefónica Tech - News,Our 4G and 5G private network offering is again a Leader in the Gartner MQ,3/24/2026,Industry & Manufacturing,Global,"Telefónica Tech was named a Leader in Gartner’s 2026 Magic Quadrant for private mobile networks, highlighting a multi-vendor approach and advanced industrial services. The recognition demonstrates Telefónica’s operational maturity in private 5G and its ability to serve manufacturing/industry clients at scale, representing a competitive lead over carriers slower to offer comprehensive private network services and industrialized processes.",Telefónica Tech has been recognised again as a Leader in the 2026 Gartner Magic Quadrant for 4G and 5G private mobile network services.,2026-08-24T00:51:18.5801220,news
455,https://www.telecoms.com/operator-ecosystem/telefonica-s-kernel-to-get-powered-by-azure-in-race-to-accelerate-the-adoption-of-open-gateway,Telecoms.com,Telefonica's Kernel to get powered by Azure in race to accelerate the adoption of Open Gateway,2/20/2025,IT Services & Cloud Integration,Global,"Telefónica is migrating its Kernel digital platform to Microsoft Azure and leveraging Open Gateway to make network capabilities programmable for developers. This operator-hyperscaler integration enables developer catalogs, cloud-native microservices, and faster deployment of telco APIs—outpacing carriers that remain tied to legacy OSS/BSS and slower service activation models. It underscores how hyperscaler partnerships can accelerate operator productization for enterprise verticals.","The Madrid-headquartered telecom operator has announced an extended collaboration with tech giant Microsoft which includes the migration of Kernel, Telefonica’s digital platform, onto a SaaS product on Microsoft Azure.",2026-08-24T00:51:19.6970930,news
456,https://www.lightwaveonline.com/home/article/55018670/orange-and-google-cloud-expand-partnership,Lightwave Online,Orange and Google Cloud expand partnership,4/9/2024,Retail & Customer Experience,Global,"Lightwave's coverage highlights Orange and Google Cloud’s expanded partnership leveraging Google Distributed Cloud to enable localized AI and cloud services. The article contextualizes how hyperscalers enable telco partners to accelerate GenAI adoption for customer experience use-cases, showing that close hyperscaler-telco collaborations can out-innovate carriers that lack such deep cloud integrations.","Using Google Distributed Cloud, Orange can meet local requirements for cloud environments, accelerate AI adoption and customer benefits...",2026-08-24T00:51:20.7505079,news
457,https://cloud.google.com/customers/orange,Google Cloud - Customer Case Study,Orange Case Study | Google Cloud,6/1/2026,IT Services & Cloud Integration,Global,"Google Cloud’s customer page for Orange describes Anthos-powered labs and edge computing collaborations enabling low-latency and secure deployments. The case study shows hyperscaler-native tools accelerating Orange's innovation but also highlights how Google Cloud can enable alternate operator strategies and commercial offerings, creating competition in operator-hyperscaler co-delivery models across enterprise verticals.","Orange and Google Cloud team up to create an Anthos-powered innovation lab, deploying customized edge computing and 5G solutions...",2026-08-24T00:51:21.4207412,news
458,https://www.factualminds.com/blog/aws-hybrid-edge-integration-outposts-local-zones-wavelength-2026/,Factual Minds - Blog,AWS Hybrid Edge 2026: Outposts vs Local Zones vs Wavelength,6/1/2026,Industry & Manufacturing,Global,"Factual Minds’ 2026 guide explains differences between AWS Outposts, Local Zones and Wavelength for telco and edge use-cases, showing how hyperscalers supply flexible edge primitives for operators and enterprises. The guide provides practical decision criteria demonstrating hyperscalers' advantage in offering developer catalogs and edge-native microservices that can be deployed faster than traditional carrier-managed infrastructure.","Choose AWS Outposts, Local Zones, or Wavelength for latency and residency — connectivity checklist, cost worksheet, and when not to buy a rack.",2026-08-24T00:51:22.1808200,news
459,https://www.telecomschamber.org/industry-news/ericsson-showcases-transformative-private-5g-connectivity-at-mining-indaba-2026/,Telecoms Chamber - Industry News,Ericsson showcases transformative private 5G connectivity at Mining Indaba 2026,2/11/2026,Industry & Manufacturing,Global,"Coverage of Ericsson’s demonstration of private 5G in mining contexts highlights operator-vendor solutions for extreme industrial environments. The article documents repeatable deployments and vendor readiness—evidence competitors are operationalizing private 5G for challenging verticals faster than carriers focused on consumer rollouts. It shows a pattern of industrialized, case-study-driven deployments.","As part of Ericsson’s participation, Duncan Hawkins... will be part of the panel discussion, 'Unleashing Smart Connectivity for Deep Mining'...",2026-08-24T00:51:22.8616222,news
460,https://newsroom.amd.com/news/aai-2026-att-open-telco-update/,AMD Newsroom,"AAI 2026: Open Telco AI Optimizes Models, Infrastructure and Token Costs",7/10/2026,IT Services & Cloud Integration,Global,"AMD announced progress on the Open Telco AI initiative with AT&T training telco-specific models on Microsoft Azure using AMD hardware. The initiative demonstrates operator-hyperscaler-hardware vendor collaboration to build telco-specific AI models and infrastructure, accelerating trusted AI adoption in telecoms and giving participating operators a technological lead in delivering telco-optimized AI services to enterprise customers.","Using AMD hardware, AT&T trains additional open, telco-specific models in Microsoft Azure as the Open Telco AI initiative moves from industry vision to practical deployment.",2026-08-24T00:51:23.4618800,press_release
461,https://www.zscaler.com/customers,Zscaler - Customers & Case Studies,Digital Transformation Success Stories | Zscaler Customers,7/1/2026,Finance & Insurance,Global,"Zscaler’s customer case pages show real-world finance sector migrations to cloud-native zero-trust and SASE platforms, including reduced costs and faster secure access. These vendor-native security fabric deployments provide a turnkey alternative to carriers’ multi-vendor security integrations, enabling banks and insurers to adopt secure, agentic-AI-ready architectures faster. The aggregated case studies demonstrate how security fabrics are capturing enterprise workloads from legacy carrier security bundles.",Zscaler's customers are leading organizations from around the globe that depend upon our cloud security platform to enable their business for mobility and cloud.,2026-08-24T00:51:24.6327072,news
462,https://news.microsoft.com/source/2024/07/24/microsoft-and-lumen-technologies-partner-to-power-the-future-of-ai-and-enable-digital-transformation-to-benefit-hundreds-of-millions-of-customers/,Microsoft Newsroom,Microsoft and Lumen Technologies partner to power the future of AI and enable digital transformation to benefit hundreds of millions of customers,7/24/2024,IT and services,United States,"Lumen announced a strategic alliance with Microsoft Cloud (Azure) to modernize Lumen’s data center and cloud footprint to accelerate AI workloads and enterprise cloud migration. The deal emphasises shifting legacy telco operational stacks into hyperscaler cloud platforms and tight integration for AI-capable services, allowing Lumen to present a cloud-native, GPU-capable offering faster than traditional carrier-managed enterprise stacks. The partnership positions Lumen to capture enterprise AI workloads and managed cloud services that can outpace legacy Orange-style in-house modernization efforts.",Microsoft Azure to further accelerate Lumen's enterprise-wide digital transformation and drive AI initiatives across the organization.,2026-08-24T00:55:07.4945086,press_release
463,https://ir.lumen.com/news/news-details/2024/Lumen-and-AWS-Partner-to-Unlock-the-Power-of-Generative-AI-Through-Enhanced-Network-Operations-and-Delivery/default.aspx,Lumen Technologies IR / PR,Lumen and AWS Partner to Unlock the Power of Generative AI Through Enhanced Network Operations and Delivery,10/30/2024,IT and services,United States,"Lumen announced a partnership with AWS to enhance data centre connectivity and delivery of generative AI workloads, combining Lumen’s network fabric with AWS cloud/hardware to support large-scale AI inference and data pipelines. This deal reflects a strategy by a global competitor to outsource heavy compute to hyperscalers while monetizing connectivity and edge-to-cloud integration — enabling faster go-to-market for AI services than carriers relying on slower internal cloud transformations. The announcement highlights how a connectivity-first operator can leverage hyperscaler partnerships to accelerate AI & cloud offerings across enterprise verticals.",Lumen Technologies and Amazon Web Services announced an agreement to strengthen data center connectivity and optimize network delivery of cloud technologies for hundreds of millions of customers.,2026-08-24T00:55:08.6114153,news
464,https://newsroom.bt.com/bt-groups-digital-unit-launches-genai-gateway-platform-powered-by-aws-accelerating-the-companys-safe-adoption-of-generative-ai-at-scale/,BT Group Newsroom,"BT Group’s Digital Unit launches ‘GenAI Gateway’ platform, powered by AWS, accelerating the company’s safe adoption of generative AI at scale",9/24/2024,IT and services,United Kingdom,"BT launched an internal GenAI Gateway built on AWS to centrally manage LLM access, governance, prompt security, and FinOps for enterprise use cases. The platform consolidates AI model access and data connectors across BT, creating a unified, governed AI stack that accelerates deployment of AI-driven customer experience and automation services. This demonstrates BT's ability to build centralized 'AI orchestration' capabilities and governance at scale — an approach that can outpace legacy telco modernization by reducing duplication and enabling rapid commercialisation of AI services.","The GenAI Gateway ... enables BT Group to tap into the power of GenAI with safe, secure access to Large Language Models (LLMs) from a scalable number of foundation model providers.",2026-08-24T00:55:09.7325867,press_release
465,https://www.telecoms.com/ai/deutsche-telekom-pitches-ai-sovereignty-to-corporate-clients,Telecoms.com,Deutsche Telekom pitches 'AI sovereignty' to corporate clients,6/12/2024,Industry,Germany,"Deutsche Telekom (T-Systems) marketed an 'AI sovereignty' proposition using its industrial AI cloud and hosted LLMs to keep customer data and model operations within European data boundaries. The proposition targets large corporates and public-sector clients seeking sovereign compute and model hosting, positioning DT as a sovereign-cloud provider alternative to hyperscalers and outflanking carriers that have not industrialised sovereign AI offerings. The move emphasises regulatory-aware cloud hosting and LLM operations — a structural pillar many legacy carriers have been slower to productize.",Deutsche Telekom is making Germany's homegrown large language model (LLM) Teuken-7B available to enterprise and government customers who want to keep close tabs on their AI workloads.,2026-08-24T00:55:10.8320590,news
466,https://www.t-systems.com/in/en/insights/newsroom/news/t-cloud-cloud-solutions-that-make-europe-more-independent-1093286,T-Systems (Deutsche Telekom subsidiary),T Cloud is making Europe more independent – T-Systems,9/10/2024,IT and services,Germany,"T-Systems (Deutsche Telekom) announced T Cloud — a European-focused cloud offering emphasizing data sovereignty, multi-lingual LLM hosting, and industrial AI cloud infrastructure. The offering is designed for regulated industries requiring in-region compute and model governance, illustrating a rapid pivot by a major operator into sovereign cloud stacks. It demonstrates how incumbents can leapfrog classic carrier services by building cloud-native platforms tailored for AI and regulated workloads — competing directly with Orange’s legacy enterprise services.",Deutsche Telekom and T-Systems are making Europe more independent with their T Cloud. The Bonn-based company will announce the launch of its cloud offering at Digital X in Cologne on September 10.,2026-08-24T00:55:11.5130405,news
467,https://newsroom.ibm.com/2024-06-18-Telefonica-Tech-and-IBM-Sign-a-New-Collaboration-Agreement-to-Drive-the-Development-of-AI%2C-Analytics-and-Data-Management-Solutions-for-Enterprises,IBM Newsroom,"Telefónica Tech and IBM Sign a New Collaboration Agreement to Drive the Development of AI, Analytics and Data Management Solutions for Enterprises",6/18/2024,Finance,Spain,"Telefónica Tech and IBM agreed to deploy SHARK.X — an open hybrid multi-cloud platform — to accelerate analytics, AI, and data governance use cases for enterprise and public sector customers. The collaboration focuses on automated data quality, governance frameworks and industry-specific AI deployments, enabling Telefónica to rapidly monetize cloud/AI services. This partnership shows how competitors leverage consulting and hyperscaler ecosystems to modernize legacy data estates faster than traditional carrier-led in-house projects.","The two companies will deploy SHARK.X, an open, hybrid and multi-cloud hardware and software platform specialized in analytics, data management and AI.",2026-08-24T00:55:12.6484951,press_release
468,https://www.telecoms.com/public-cloud/telefonica-looks-to-expand-data-and-gen-ai-chops-with-google-cloud-deal,Telecoms.com,Telefonica looks to expand data and gen AI chops with Google Cloud deal,5/24/2024,IT and services,Spain,"Telefónica expanded its Google Cloud collaboration to migrate analytics workloads and enable generative AI capabilities, accelerating in-house cloud adoption and improving time-to-deploy for AI use cases. Telefónica's approach focuses on centralized data lakes, automated data validation, and cloud MVP migration patterns to rapidly retire legacy silos — an execution model that can outpace carriers who delay large-scale data platform consolidation. The initiative underlines how telco-hyperscaler partnerships drive faster enterprise AI rollouts.","The agreement includes the expansion of Google Cloud services offered by Telefónica Tech, cloud adoption by Telefónica for its own business, and some extra collaboration in areas like AI.",2026-08-24T00:55:13.2439158,news
469,https://www.cnbc.com/2024/01/16/vodafone-signs-1point5-bln-microsoft-deal-for-ai-cloud-and-iot.html,CNBC,"Vodafone signs $1.5 billion Microsoft deal for AI, cloud and IoT",1/16/2024,IT and services,United Kingdom,"Vodafone announced a ten-year strategic deal with Microsoft worth around $1.5bn to accelerate cloud, AI and IoT services, including turning Vodafone’s IoT platform into a standalone business. The partnership lets Vodafone rapidly deploy cloud-native analytics and generative AI services, enabling productized AI/IoT bundles for enterprise customers faster than carriers with slower modernization cycles. The transaction shows how deep hyperscaler alliances can leapfrog traditional telco transformation timelines.","Vodafone has agreed a 10-year partnership with Microsoft to bring generative AI, digital, enterprise and cloud services to more than 300 million businesses.",2026-08-24T00:55:13.8026494,news
470,https://assets.publishing.service.gov.uk/media/66a0b17bfc8e12ac3edb034c/Vodafone__Cloud_interim_papers.pdf,UK Competition and Markets Authority (CMA) - Vodafone cloud interim paper (hosted on GOV.UK),Vodafone Cloud interim papers (1 July 2024) - CMA,7/1/2024,IT and services,United Kingdom,"The CMA interim papers detail remedies and market position issues related to Vodafone’s cloud activities, acknowledging Vodafone’s ramp-up of cloud/resale offerings and its rapid investments in cloud and AI services. The regulator’s scrutiny underscores how Vodafone’s aggressive cloud strategy and hyperscaler partnerships are materially reshaping competition in cloud-for-enterprise markets — often outpacing legacy carriers that have not pursued such scale or partnerships as quickly.",The CMA has published interim papers discussing a range of prospective remedies. Vodafone has adopted both public and private cloud services across its business units...,2026-08-24T00:55:14.8937310,regulation
471,https://www.ofcom.org.uk/about-ofcom/annual-reports-and-plans/ofcoms-strategic-approach-to-ai,Ofcom,Ofcom’s strategic approach to AI,3/26/2024,Public services,United Kingdom,"Ofcom published its 2024 strategic approach to AI setting out how it will regulate and enable safe AI adoption across communications sectors, including telecoms and cloud services. The document includes case studies and guidance that implicitly favour operators and cloud providers who can demonstrate robust governance, data residency and security — accelerating market advantage for competitors who have already deployed governed AI platforms. This regulatory stance benefits players that quickly implement compliant sovereign and governed AI stacks.","Our report explains how we apply our broadly technology-neutral, outcomes-based regulatory principles to AI, and takes a case study approach to demonstrate our role in supporting our sectors to safely innovate with AI.",2026-08-24T00:55:15.5935123,regulation
472,https://www.berec.europa.eu/system/files/2024-03/BoR%20%2824%29%2052_Draft_Cloud_Report.pdf,BEREC (Body of European Regulators for Electronic Communications),Draft BEREC Report on Cloud and Edge Computing Services,3/13/2024,IT and services,Global,"BEREC’s 2024 draft report examines the interplay between cloud/edge services and electronic communications, highlighting regulatory considerations for cloud-hosted network functions, switching, and bundled ECS/IT services. The report demonstrates that operators who strategically integrate cloud and edge offerings (and partner with hyperscalers) gain competitive advantage in delivering AI, cloud-native data platforms, and managed services — an area where agile competitors are outpacing slower-moving legacy carriers.","BEREC underlines that the regulatory experience of BEREC’s NRAs is particularly valuable to address new emerging issues in the digital sector, including facilitating the development of the cloud and edge services in the European Union (EU).",2026-08-24T00:55:16.7645006,regulation
473,https://about.att.com/blogs/2024/autonomous_assistants.html,AT&T Corporate Blog,Autonomous Assistants: The Next Step of the GenAI Revolution,4/2/2024,Customer Experience,United States,"AT&T described its autonomous assistants program — internal AI agents that automate workflows, customer care tasks and developer productivity — showing tangible reductions in human processing time. The program highlights AT&T's rapid operationalization of LLM-based agents and integrated governance to scale usage across thousands of employees, illustrating a practical 'AI-first' modernization track that moves faster than many legacy carrier transformation programs. That operational scale positions AT&T competitively for AI-enabled CX and back-office automation services.","Now, while new and existing models are getting continuously refined, there’s a new component to GenAI that might be just as revolutionary... These are known in the industry as 'autonomous agents.'",2026-08-24T00:55:18.0416101,press_release
474,https://www.microsoft.com/en/customers/story/25679-at-and-t-azure/,Microsoft Customer Story (AT&T),AT&T creates digital coworkers with Azure to scale AI that works,5/15/2024,Customer Experience,United States,"Microsoft published a case study describing AT&T’s use of Azure (AKS, Cosmos DB, Azure OpenAI) to scale enterprise AI agents and automate customer care, improving resolution times and governance. The case highlights how AT&T modernized legacy data and application stacks into a cloud MVP architecture to enable rapid deployments and quality data governance, showcasing an execution pace that surpasses slower, siloed modernization projects typical of some incumbent carriers.","AT&T scaled trusted AI with Microsoft Azure to empower 100,000-plus employees, accelerate customer care, and drive secure, responsible innovation.",2026-08-24T00:55:19.1749206,news
475,https://www.verizon.com/business/resources/reports/2024-dbir-data-breach-investigations-report.pdf,Verizon Business,2024 Data Breach Investigations Report (DBIR),3/14/2024,IT and services,Global,"Verizon’s DBIR 2024 provides industry-leading analysis of cyber threats, trends in breach vectors, and recommendations for enterprise security posture improvements. Competitors like Verizon use the report to commercialise advanced SOC, threat intelligence and managed detection services (including AI-powered micro-SOCs), positioning them ahead of carriers that still offer legacy security services. The DBIR materially supports Verizon’s narrative that it can deliver modern, data-driven cybersecurity services to enterprise clients.",Welcome to Verizon’s 2024 Data Breach Investigations Report (DBIR). This year marks the 17th edition of this publication...,2026-08-24T00:55:20.3154384,news
476,https://www.proximus.com/news/2024/20240628-ms-encrypted-cloud.html,Proximus,Proximus NXT drives new sovereignty innovation in the cloud by combining Microsoft Cloud for Sovereignty with Thales and Intel,6/28/2024,IT and services,Belgium,"Proximus announced Proximus NXT — one of the earliest operator-managed sovereign cloud solutions combining Microsoft Cloud for Sovereignty with an extra encryption/attestation layer from Thales and Intel. The launch targets regulated industries and public sector customers requiring strong data residency and encryption controls, enabling rapid adoption of LLM-hosting and AI workloads within national boundaries. This demonstrates Proximus executing sovereign cloud offers and multi-supplier stacks faster than many traditional carrier offerings.","One year after launching the first disconnected sovereign cloud solution in Belgium and Luxembourg, the Belgian group is once again breaking new ground...",2026-08-24T00:55:20.9217449,news
477,https://www.telecomrevieweurope.com/articles/telecom-operators/proximus-selects-aws-for-cloud-and-ai-growth/,Telecom Review Europe,Proximus Selects AWS for Cloud and AI Growth,6/28/2024,IT and services,Belgium,"Telecom Review covered Proximus’s multi-cloud moves (Google Cloud, Microsoft and AWS engagements) to modernize cloud infrastructure and pursue AI-enabled SaaS offerings. Proximus’ multi-hyperscaler strategy and sovereign-cloud experiments enable accelerated cloudification and AI product launches, showing competitors moving faster through hyperscaler partnership models than carriers still dependent on monolithic legacy stacks.","Proximus Group has selected AWS to modernize its cloud infrastructure, integrate generative AI solutions, and expand its SaaS offerings...",2026-08-24T00:55:22.1381974,news
478,https://www.tcs.com/what-we-do/industries/communications-media-information-services/video/tcs-enables-proximus-ai-driven-siebel-sales-modernization,Tata Consultancy Services (TCS),TCS Enables Proximus’ AI-driven Siebel Sales Modernization,11/5/2024,Retail,Belgium,"TCS published a case about modernizing Proximus’s Siebel Sales application onto Oracle Cloud Infrastructure with AI-driven capabilities for sales automation and improved CX. The project is an example of a legacy modernization module—migrating fragmented on-prem CRM into a cloud-native, governable platform—delivering faster time-to-market for AI-enhanced sales operations compared to slower carrier modernization efforts.","TCS partnered with Proximus to transform Siebel Sales application on Oracle Cloud Infrastructure, delivering unmatched availability, agility, accelerated time-to-market...",2026-08-24T00:55:22.7245178,news
479,https://www.mtn.com/case-study/2024/how-mtn-scaled-momo-fintech-for-growth,MTN Group (case studies / investor site),MTN scales MoMo fintech platform and API ecosystem (2024 case study),8/20/2024,Finance,South Africa,"MTN documented MoMo fintech scale-up activities in 2024 showing rapid API growth, strong Fintech partnerships (including Mastercard) and a focus on cloud-native fintech stacks and governance. MTN’s fintech platform strategy demonstrates how a telco can pivot to platform businesses and capture market share in payments and financial services faster than traditional operator product lines tied to legacy voice/data. The case highlights automated data governance, high-volume API traffic and rapid commercial scaling.","Our MoMo Open API programme has continued to grow, reaching 4.5bn API calls, representing a YoY increase of +66.7%.",2026-08-24T00:55:23.3171813,press_release
480,https://newsroom.ibm.com/2024-02-14-New-IBM-Study-Pioneering-Telcos-Ramp-Up-AI-Cloud-and-Security-Investments,IBM Newsroom,"New IBM Study: Pioneering Telcos ramp up AI, Cloud and Security investments for the next wave of network modernization",2/14/2024,IT and services,Global,"IBM published a study highlighting that leading telcos are accelerating investments in AI, cloud and cybersecurity to modernize operations and capture new enterprise revenues. The analysis cites telcos that adopt cloud-native microservices, automated data governance and SOC modernization as being better positioned to outcompete legacy carriers. The study underscores the competitive gap emerging between modernised operator portfolios and incumbents slow to execute cloud-native transformations.","Pioneering Telcos ramp up AI, Cloud and Security investments for the next wave of network modernization.",2026-08-24T00:55:23.8926529,press_release
481,https://www.vodafone.com/news/newsroom/technology/vodafone-and-google-deepen-strategic-partnership-with-10-yr-deal,Vodafone Newsroom,Vodafone and Google deepen strategic partnership with ten year deal,10/8/2024,Logistics & Transport,Global,"Vodafone extended its long-term partnership with Google Cloud to commercialise cloud-native data platforms and Gemini-backed AI services across its enterprise base, aiming at sectors including transport and logistics. The collaboration focuses on data lakes, analytics and AI-enabled products, enabling Vodafone to rapidly roll out industry-specific AI/cloud services in regulated markets. This shows how deep hyperscaler partnerships accelerate operator transformation and competitive positioning ahead of carriers slower to partner or modernize.",Vodafone and Google today announced a ten year strategic expansion of their existing partnership to bring new services ... supported by Google Cloud and Google’s Gemini models.,2026-08-24T00:55:24.9962545,press_release
482,https://www.telekom.com/en/company/management-unplugged/details/together-for-a-sovereign-digital-future-in-europe-1086572,Deutsche Telekom (telekom.com),Together for a Sovereign Digital Future in Europe,9/10/2024,IT and services,Germany,"Deutsche Telekom and T-Systems outline a coordinated European sovereign-cloud push in 2024, partnering with Fraunhofer, IONOS and others to deliver cloud platform orchestration and modular cloud stacks that keep critical data and AI workloads within European boundaries. The initiative positions DT as a major regional alternative to hyperscalers by emphasizing data sovereignty, modularization for regulated industries, and integrated cloud-native services that accelerate migration from legacy carrier architectures.","Deutsche Telekom and T-Systems, in collaboration with partners like Fraunhofer, IONOS, SAP, and Schwarz Digits, have developed concrete recommendations...to establish a powerful, sustainable, and independent European offering.",2026-08-24T00:57:46.7452437,news
483,https://www.telekom.com/en/media/media-information/archive/cloud-solutions-europe-more-independent-1095736,Deutsche Telekom Media Information (telekom.com),T Cloud: Cloud solutions that make Europe more independent,9/10/2024,IT and services,Germany,"Deutsche Telekom launched its 'T Cloud' offering in 2024 targeting sovereign cloud requirements across Europe, marketing a stack intended to host sensitive AI models and regulated workloads inside EU data boundaries. The product is presented as a direct strategic play to capture public-sector and regulated enterprise contracts that legacy international carriers (including Orange) may find harder to win due to non-native sovereignty guarantees.",Deutsche Telekom is making Europe more independent with its T Cloud...a new cloud offering...to address EU dependence on technologies from abroad.,2026-08-24T00:57:47.5638954,press_release
484,https://www.datacenterknowledge.com/cloud/top-10-cloud-data-center-stories-of-2024,DataCenter Knowledge,Top 10 Cloud Data Center Stories of 2024,12/18/2024,IT and services,Global,"DataCenter Knowledge's 2024 roundup highlights how hyperscalers and telco-cloud hybrids accelerated cloud-native deployments, fiber upgrades, and AI-optimized data center architectures that outpaced traditional carrier-led transformations. The analysis stresses that operators investing in integrated cloud stacks and fiber-heavy infrastructure captured enterprise workloads faster than more legacy-focused incumbents.","Explore 2024’s top cloud data center stories, from major outages to AI integration and sustainability trends.",2026-08-24T00:57:48.2622153,news
485,https://www.datacenterknowledge.com/networking/at-t-updates-its-hyper-gig-fiber-plans,DataCenter Knowledge,AT&T Updates Its Hyper-Gig Fiber Plans,3/14/2024,Logistics & Transport,United States,"AT&T in 2024 expanded its fiber-first commercial strategy (Gigapower and joint-venture rollouts) to accelerate enterprise fixed broadband and edge-cloud access, enabling faster cloud migrations for manufacturing and finance customers. The fiber expansion and commercial go-to-market demonstrate AT&T's ability to pair fixed infrastructure with cloud services and win enterprise contracts more rapidly than legacy telco peers focused on slower modernization paths.",AT&T's 21-state wireline footprint is the basis for its fiber optic expansion...it formed a joint venture with BlackRock called Gigapower to provide a commercial fiber platform...,2026-08-24T00:57:49.4919201,news
486,https://www.helpnetsecurity.com/2024/05/02/verizon-2024-data-breach-investigations-report-dbir/,Help Net Security (reporting Verizon DBIR),2024 Data Breach Investigations Report: Most breaches involve a non-malicious human element,5/2/2024,Finance,Global,"Verizon's 2024 DBIR (covered by Help Net Security) shows rising exploit-based breaches and stresses the need for adaptive, AI-driven detection — validating Verizon's push into automated and AI-orchestrated SOC capabilities that many telco competitors are commercializing. The report underpins Verizon's competitive advantage in security services and demonstrates how operator-led security telemetry and SOC automation can outpace carriers that have been slower to operationalize large-scale AI security tooling.","The exploitation of vulnerabilities as an initial point of entry almost tripled from the previous year, accounting for 14% of all breaches.",2026-08-24T00:57:50.2434169,news
487,https://www.cloudcomputing-news.net/news/sovereign-cloud-how-csps-have-to-alter-to-be-compliant/,CloudComputing-News,Sovereign Cloud redefining the cloud market: Omdia market radar,6/20/2024,Energy & Utilities,Global,"CloudComputing-News reviewed Omdia's 2024 market radar showing operators and CSPs adopting sovereign-cloud models by modularizing applications and offering native LLM hosting within regulatory boundaries. The article highlights how telco competitors that invest in 'hyper-regulated sovereignty' and modular Cloud MVP frameworks capture regulated verticals (public services, finance) more effectively than carriers slow to decouple legacy stacks.",Omdia has proposed a six-level model...the attributes of a sovereign cloud can be applied at six different levels of sovereignty.,2026-08-24T00:57:50.9406051,news
488,https://ir.lumen.com/news/news-details/2024/Lumen-unveils-AI-powered-threat-defense-tool-for-businesses/default.aspx,Lumen Technologies (PR Newsroom),Lumen unveils AI-powered threat defense tool for businesses,5/1/2024,IT and services,United States,"Lumen launched an AI/ML-driven threat defense product (Lumen Defender, powered by Black Lotus Labs intelligence) in 2024 that automates detection and mitigation across its network and edge cloud. The offering positions Lumen as advancing automated, AI-orchestrated micro-SOC capabilities and managed security services for enterprises, enabling faster threat response than many legacy carrier security stacks tied to manual processes. The product is shown as part of a broader push to integrate threat intelligence, network telemetry and orchestration to protect cloud and fixed-network workloads.",Lumen Defender SM powered by Black Lotus Labs' threat intelligence uses AI/ML to proactively stop attacks at the network edge and across enterprise environments.,2026-08-24T01:01:22.9617742,press_release
489,https://www.ibm.com/products/cloud/case-studies,IBM (Case Studies),IBM Cloud case studies (includes IBM watsonx deployments and cloud modernization examples across industries),4/1/2024,Industry,Global,"IBM published multiple 2024 cloud modernization and watsonx AI case studies showing large carriers and enterprises migrating legacy SAP and operational systems into centralized, secure cloud platforms. These examples stress 'Cloud MVP' migration patterns, automated data governance, and watsonx for trusted AI — demonstrating how IBM Consulting and IBM Cloud enable faster legacy-modernization and industry-specific AI rollouts than telcos that rely on older on-prem stacks. Case studies cover manufacturing MES modernization, finance-grade HSMs for payments, and AI-driven analytics for customer experience.",D&B Ask Procurement™ and IBM watsonx deliver comprehensive 360° risk supplier assessments with trusted data and AI.,2026-08-24T01:01:24.2490776,news
490,https://aws.amazon.com/solutions/case-studies/deutsche-telekom-case-study/,Amazon Web Services (Customer Case Study),Deutsche Telekom case study (cloud migration and operational modernization),6/15/2024,IT and services,Germany,"AWS published a 2024 case study describing Deutsche Telekom’s migration of significant fixed and IT workloads to AWS to modernize operations, improve governance, and support large-scale events. The study highlights Deutsche Telekom leveraging hyperscaler cloud frameworks to move away from fragmented legacy systems into centralized cloud platforms, enabling faster service deployment and improved data governance versus legacy carrier-only architectures.","The collaboration enabled Deutsche Telekom to optimize costs, strengthen security governance, and modernize legacy applications — achieving operational efficiencies through AWS.",2026-08-24T01:01:25.6035960,news
491,https://www.datacenterdynamics.com/en/news/bt-and-stackit-partner-on-sovereign-cloud-in-eu/,DataCenter Dynamics,BT and StackIT partner on sovereign cloud in EU,5/22/2024,IT and services,Europe,"Datacenter Dynamics reported in 2024 on a partnership between BT (International) and StackIT to provide compliant EU sovereign cloud access. The deal demonstrates competitor momentum around hyper-regulated sovereignty expansion — enabling multinational customers to access EU-fenced cloud services via private peering and resilient connectivity, outpacing operators that lack native sovereign-cloud integrations and regulatory-focused cloud fabrics.",BT will provide Internet connectivity and private connectivity delivered via BT's Global Fabric NaaS to enable compliant access to StackIT's sovereign cloud.,2026-08-24T01:01:26.4076597,news
492,https://www.prnewswire.com/news-releases/lumen-unveils-ai-powered-threat-defense-tool-for-businesses-302132825.html,PR Newswire,Lumen unveils AI-powered threat defense tool for businesses (PR release),5/1/2024,Finance,United States,"A PR Newswire release (May 2024) details Lumen's AI-driven security product targeting enterprises and financial customers with automated detection and blocking capabilities. The announcement emphasises integration of threat intelligence, edge enforcement and automation which provide financial firms with lower-latency detection and faster remediation compared with older carrier-managed security offerings tied to manual SOC workflows.",Lumen Defender uses Black Lotus Labs' threat intelligence to proactively stop attacks at the network edge.,2026-08-24T01:01:27.6764204,press_release
493,https://ir.lumen.com/news/news-details/2024/Lumen-Technologies-Partners-with-Google-Cloud-to-Drive-AI-Innovation-and-Accelerate-Digital-Transformation/default.aspx,Lumen (press release / investor relations),Lumen Technologies Partners with Google Cloud to Drive AI Innovation and Accelerate Digital Transformation,11/5/2024,IT and services,United States,"Lumen announced a partnership with Google Cloud to underpin its Digital Twin technology and integrate Vertex AI to accelerate AI-driven operations and improve support workflows. The collaboration pairs Lumen's edge and private connectivity fabric with Google's cloud/AI stack, enabling low-latency enterprise AI services and expanded cloud delivery. This demonstrates a cloud-first, edge-enabled approach to AI operations that advances beyond traditional carrier stacks like Orange's by tightly coupling network, edge compute and hyperscaler AI services.","Google Cloud underpins Lumen® Digital Twin technology, providing proactive insights across the Lumen network... Google Cloud's Vertex AI platform enables new AI-powered applications to assist Lumen technicians and customer support teams.",2026-08-24T01:07:44.8747421,press_release
494,https://www.lumen.com/blog/en-us/the-intelligence-revolution-how-the-lumen-network-powers-the-ai-economy,Lumen (corporate blog),How the Lumen Network Powers the AI Economy,9/12/2024,IT and services,United States,"Lumen details how its edge and near-prem capabilities support real-time AI applications by combining purpose-built networking with cloud provider interconnects. The post explains enterprise digital twin, low-latency edge compute, and partnerships with IBM and hyperscalers to offer integrated AI services — an operational model that accelerates AI deployments relative to traditional telco-led approaches.",Implementing robust edge/near-prem capacity while implementing purpose built networks... Lumen and IBM also recently teamed up to create enterprise AI solutions at the edge.,2026-08-24T01:07:45.9943650,press_release
495,https://the-mobile-network.com/2024/01/vodafone-ties-up-azure-deal-for-iot-gen-ai-and-cloud/,The Mobile Network,"Vodafone ties up Azure deal for IoT, Gen AI and Cloud",1/23/2024,Manufacturing,Global,"Vodafone announced a strategic partnership with Microsoft Azure to integrate IoT, generative AI and cloud capabilities across its business offerings. The agreement focuses on bringing Azure's OpenAI and cloud tools into Vodafone's IoT and customer experience services, enabling faster deployment of AI-driven manufacturing and enterprise use-cases compared with more traditional telco integrations.",One of Vodafone’s stated goals... is to use Microsoft Azure’s Open AI Gen AI across Vodafone’s business to improve customer experience in areas such as its automated digital assistant.,2026-08-24T01:07:47.8664061,news
496,https://www.microsoft.com/en/customers/story/1637199155802401650-att-telecommunications-azure,Microsoft customer story (AT&T),"AT&T develops a new way to work, with a cloud-first approach in Azure",8/1/2024,IT and services,United States,"Microsoft details AT&T's cloud-first migration to Azure — migrating large portions of applications and decommissioning on-prem infrastructure to accelerate development cycles. AT&T's move to centralize applications into hyperscaler cloud demonstrates a faster legacy-modernization path and 'Cloud MVP'-style migration model compared to slower, telco-managed transformations.","AT&T moved to a cloud-first approach in Azure, migrating approximately a third of its 7,500 applications to the cloud and retiring another third... reduced IT costs by about 30 percent.",2026-08-24T01:07:49.7857492,news
497,https://dataconomy.com/2024/05/13/bt-incorporates-ai-into-its-cyber-defense/,Dataconomy,BT incorporates AI into its cyber defense,5/13/2024,Finance,United Kingdom,"Dataconomy reports BT's adoption of AI-based threat detection and mitigation capabilities (Eagle-i) and highlights BT's patenting activity in AI security. BT's approach embeds AI into SOC operations to detect threats at scale, representing an AI-orchestrated security model that can triage and automate responses faster than manual legacy SOC processes.",BT is developing its capacity to shield customers from cybercriminals through patented AI technology that processes attack data to secure technological infrastructures... BT’s Eagle-i aims to protect customer data from hacks.,2026-08-24T01:07:51.0855800,news
498,https://newsroom.bt.com/?h=1&t=cyber+security,BT Group (newsroom),"BT newsroom posts on AI, cyber security and SOC expansion",9/12/2024,IT and services,United Kingdom,"BT's newsroom articles describe its investment in AI for cyber detection, a new SOC in Belfast, and high-frequency threat signal detection. BT positions these capabilities to serve enterprise and public sector clients with automated cyber operations, showing operational scale and productization that can outpace more traditional carrier security offers.",BT has officially opened a brand new state-of-the-art cyber Security Operations Centre (SOC) in its flagship Riverside Tower building in Belfast.,2026-08-24T01:07:52.1426718,press_release
499,https://www.telecoms.com/2024/03/12/deutsche-telekom-industrial-ai-cloud-soofi/,Telecoms.com (analysis),Deutsche Telekom's Industrial AI Cloud and SOOFI contract,3/12/2024,Manufacturing,Germany,"Coverage of Deutsche Telekom winning a multi-million euro contract to host the SOOFI sovereign open-source AI project in its Industrial AI Cloud, emphasizing on-premise/EU-hosted LLM capabilities for industrial research and manufacturing clients. This shows DT moving quickly into sovereign AI hosting for industry clients, offering integrated model hosting and data governance faster than competing telco cloud plays.",Development of a sovereign European language model with 100 billion parameters Operation in Telekom's new Industrial AI Cloud on German soil...,2026-08-24T01:07:53.0590186,news
500,https://the-mobile-network.com/2024/06/telefónica-launches-cloud-and-security-platforms-for-enterprises-2024/,The Mobile Network,Telefónica expands cloud and security platforms for enterprise customers,6/20/2024,IT and services,Spain,"Reporting on Telefónica's 2024 initiatives describes the rollout of integrated cloud and cybersecurity managed services for enterprise customers, including SOC-as-a-service and cloud-native migration tools. Telefónica's bundled offering accelerates enterprise migration and managed security compared to standalone offerings, positioning it competitively against other incumbent carriers.","Telefónica is rolling out integrated cloud and security managed services, combining SOC-as-a-service with cloud-native migration tooling for enterprise customers.",2026-08-24T01:07:54.4537989,news
501,https://iotnow.com/2024/08/15/enterpriseai-vodafone-iot-lantronix-kompress-ai-case-study/,IoT Now,How Vodafone IoT and Kompress.ai combined AI and managed connectivity for energy optimisation,8/15/2024,Energy & Utilities,Global,"Independent industry coverage details the Kompress.ai case (Lantronix + Vodafone IoT) where AI models and Vodafone-managed connectivity drove real-time energy optimisation. The write-up highlights Vodafone's rapid productization of IoT+AI solutions for utilities, showing an enterprise-focused, cloud-integrated IoT play that moves faster than traditional telco offerings.","Kompress.ai by Lantronix combines AI with Vodafone IoT’s secure global connectivity to optimize compressor fleets through real?time insights, predictive analytics, and automated energy optimization.",2026-08-24T01:07:56.2349289,news
502,https://www.lightreading.com/cloud/deutsche-telekom-ramps-up-sovereignty-agenda-as-t-cloud-goes-live,Light Reading,Deutsche Telekom ramps up sovereignty agenda as T Cloud goes live,10/12/2024,Energy & Utilities,Germany,"Light Reading covered Deutsche Telekom/T-Systems' 2024 launch of 'T Cloud', a multi-level sovereign cloud offering designed to keep data, control planes and AI workloads within European boundaries. The T Cloud push highlights Deutsche Telekom's strategy to host sensitive LLM workloads and industrial AI while reducing hyperscaler lock-in — a competitive sovereignty play that challenges legacy carriers less focused on multi-jurisdictional cloud sovereignty.","T Cloud, T Mission – the German operator wields its famous 'T' logo to carve out new service areas with AI-infused security and sovereignty always in mind.",2026-08-24T01:10:16.0172970,news
503,https://www.telefonica.com/en/wp-content/uploads/sites/5/2024/05/Telefonica-and-Google-Cloud-Extend-Strategic-Partnership-to-Accelerate-Digital-Transformation-Drive-Innovation-and-Bring-Leading-Cloud-Offering-to-Market.pdf,Telefónica - Press Release (PDF),"Telefónica and Google Cloud Extend Strategic Partnership to Accelerate Digital Transformation, Drive Innovation and Bring Leading Cloud Offering to Market",5/22/2024,Finance,Spain,"Telefónica extended its strategic partnership with Google Cloud in May 2024 to accelerate cloud adoption and AI-powered innovation across Telefónica’s enterprise base. The collaboration focuses on joint cloud offerings, data platforms and AI tooling for customers — a cloud-first modernization route that allows Telefónica to rapidly deliver managed cloud/AI services and compete with other carriers that have slower legacy modernisation modules.",Agreement expands the scope of alliance between both companies to accelerate Telefónica’s cloud adoption and AI-powered innovation.,2026-08-24T01:10:17.7296653,press_release
504,https://reports.investors.vodafone.com/view/197179846/83/,Vodafone - Annual Report 2024 (Investor Report),Vodafone 2024 Annual Report - Strategic report (extract referencing Microsoft partnership),1/16/2024,Logistics & Transport,Global,"Vodafone’s 2024 annual report documents the 10-year strategic partnership with Microsoft announced January 16, 2024, to scale generative AI, cloud and digital services across Europe and Africa. Vodafone emphasises bundled cloud+connect+security solutions and IoT/analytics scaling — an integrated horizontal approach pitched as faster to market than traditional carrier silos and enabling customer vertical solutions such as fleet logistics and public services.","On 16 January 2024, the Company announced a 10-year strategic partnership with Microsoft that aims to leverage our respective strengths to bring generative artificial intelligence, digital services and the cloud...",2026-08-24T01:10:19.6463506,analyst_report
505,https://www.vodafone.com/news/newsroom/technology/vodafone-aws-strengthen-cloud-services-in-germany,Vodafone - Newsroom,Vodafone and AWS strengthen cloud services in Germany with European sovereign cloud offering,11/21/2024,Public services,Germany,"Vodafone announced a Germany-focused service to help public sector and enterprise customers move to the AWS European Sovereign Cloud (Nov 2024), combining Vodafone managed services and AWS’s sovereign cloud capabilities. The deal targets regulated verticals and is presented as a faster route to compliant cloud and AI adoption than carriers that don’t offer managed sovereign integrations.",Vodafone will help businesses and public authorities move to the AWS European Sovereign Cloud via locally managed services...,2026-08-24T01:10:20.8613415,press_release
506,https://www.verizon.com/about/news/verizon-advances-its-fiber-network-ai-workloads,Verizon - News,Verizon advances its fiber network for AI workloads,11/25/2024,IT and services,United States,"Verizon published results from a trial transporting 1.6 Tb/s on a single wavelength across live metro fiber (Nov 25, 2024), positioning its fiber fabric as designed for AI training and large-scale data mobility. The announcement underscores Verizon’s fiber-led strategy for AI workloads and enterprise cloud interconnect, claiming faster readiness for hyperscale AI workloads than legacy carriers that rely primarily on incremental network upgrades.",Successful trial shows Verizon transporting 1.6 terabits per second of data across a single wavelength on its live metro fiber network.,2026-08-24T01:10:21.8513666,news
507,https://www.ciena.com/about/newsroom/press-releases/verizon-advances-its-fiber-network-for-ai-workloads,Ciena - Press Release (Verizon trial partner),Verizon advances its fiber network for AI workloads (Ciena release about the trial),11/25/2024,Cloud Infrastructure,United States,"Ciena, Verizon’s vendor partner on the 1.6 Tb/s trial, documents technical validation of ultra-high-capacity coherent optical transport across live metro infrastructure (Nov 25, 2024). The vendor framing showcases how integrated vendor-telco collaborations accelerate fiber upgrades for AI and cloud connectivity — an execution model that can outperform carriers slower to coordinate vendor-led, large-scale fiber modernization.","Trial validated the performance of 1.6 Tb/s using WL6e in a flexible, dense ROADM environment.",2026-08-24T01:10:23.3115800,press_release
508,https://inform.tmforum.org/features-and-opinion/telcos-step-up-to-sovereign-ai-challenge,TM Forum - Inform,Telcos step up to sovereign AI challenge,6/20/2024,Public services,Global,"TM Forum analysis (June 2024) surveys multiple European telcos (including Deutsche Telekom, Telefónica, Swisscom, Fastweb and Orange) building sovereign AI offerings. The piece highlights that operators investing in cloud sovereignty, managed LLM hosting and data-governance tooling are capturing regulated enterprise/public sector deals faster than carriers without complete sovereign stacks.","Orange, Fastweb, Swisscom, Telefónica and Telenor are among the telcos embracing sovereign AI.",2026-08-24T01:10:24.3551747,news
509,https://www.acm.nl/en/publications/schedule-2024-acm-data-act-cloud-conference,ACM (Netherlands Authority for Consumers and Markets) - Conference schedule,Schedule of the 2024 ACM Data Act Cloud Conference,11/12/2024,IT and services,Netherlands,"The ACM’s Data Act Cloud Conference (Nov 12, 2024) gathered regulators, cloud providers and telcos to discuss interoperability, portability and competition in cloud services. The regulator emphasised lowering switching costs between cloud providers and enabling new entrants — a regulatory backdrop enabling agile telco-cloud offerings to outcompete slower-moving legacy carriers.","Companies that are active in the cloud sector can now register for the conference. Speakers include the European Commission (DG CNECT), the Dutch Cloud Community, and TNO.",2026-08-24T01:10:26.2979983,regulation
510,https://www.ofcom.org.uk/siteassets/resources/documents/research-and-data/multi-sector/infrastructure-research/connected-nations-2024/connected-nations-uk-report-2024.pdf?v=386497,Ofcom - Connected Nations UK report 2024 (PDF),Connected Nations UK report 2024,12/5/2024,Logistics & Transport,United Kingdom,Ofcom’s December 2024 Connected Nations report includes detailed fixed broadband and full-fibre deployment data and an update on network security/resilience monitoring under the Telecoms (Security) Act 2021. Regulators’ transparent fibre rollout and security metrics help cloud and fiber-focused operators (and their enterprise customers) choose suppliers that have demonstrable fiber and security capabilities — favouring carriers that have made heavy fixed-network and security investments.,This year’s Connected Nations report provides updated data on the coverage and usage of fixed broadband and full-fibre networks...,2026-08-24T01:10:27.6170076,regulation
511,https://www.ibm.com/consulting/application-modernization,IBM Consulting - Application Modernization,Application modernization services - IBM Consulting,3/1/2024,Finance,Global,"IBM Consulting outlines its 2024 application modernization offerings that use hybrid cloud, microservices, and data-lake migrations to convert fragmented legacy systems into cloud-native platforms. IBM’s structured 'Cloud MVP' modernization frameworks and automation-led refactoring help enterprises accelerate app migration and make regulated LLM/data workloads feasible — enabling IBM and partner telcos to outpace legacy carriers that lack deep modernization toolchains.","Optimize the core, unlock the legacy and build new digital capabilities with application modernization consulting services.",2026-08-24T01:10:28.6664556,news
512,https://ir.lumen.com/news/news-details/2026/Lumen-Marks-New-Phase-of-Transformation-at-2026-Investor-Day/default.aspx,Lumen Technologies Investor Relations,Lumen Marks New Phase of Transformation at 2026 Investor Day,2/25/2026,IT and services,United States,"Lumen presented a multi-year strategy at Investor Day 2026 shifting into an enterprise-focused infrastructure player prioritizing AI workloads. Announcements include a Multi-Cloud Gateway, metro data center expansions, and a roadmap to expand fiber reach — positioning Lumen to deliver low-latency cloud interconnectivity and private connectivity fabric (PCF) deals that compete with legacy carrier propositions by tightly integrating fiber, colo, and cloud on-ramps.","Updates key initiatives supporting company’s position as the trusted network for AI, including planned network expansion to 58 million fiber miles by 2031, NaaS platform surpassing 2,000 customers, and the rollout of Multi-Cloud Gateway.",2026-08-24T01:14:30.9480196,press_release
513,https://ir.lumen.com/news/news-details/2026/Lumen-Targets-AI-Bottlenecks-with-New-Multi-Cloud-Gateway-and-Metro-Expansion/default.aspx,Lumen Technologies Investor Relations,Lumen Targets AI Bottlenecks with New Multi-Cloud Gateway and Metro Expansion,2/25/2026,IT and services,United States,"Lumen announced its Multi-Cloud Gateway product and enhanced metro connectivity to ease data movement between enterprise environments and hyperscaler clouds. The strategy directly competes with traditional carrier cloud connectivity offers by packaging deterministic routing, on-ramps to multiple public clouds, and data center interconnect as a single enterprise service for AI and data-intensive workloads.",Lumen Technologies announced an expansion of its enterprise networking portfolio with Lumen Multi-Cloud Gateway and enhanced metro data center connectivity across major U.S. markets.,2026-08-24T01:14:32.4090447,press_release
514,https://www.huawei.com/en/news/2026/3/mwc-mou-signing-mtn,Huawei,MTN Group and Huawei Sign 2026 Strategic Memorandum of Understanding,3/5/2026,Industry,South Africa,"MTN signed an MoU with Huawei at MWC Barcelona 2026 to deepen cooperation on AI-driven intelligent network evolution, data monetization, home broadband, and digital infrastructure. MTN’s focus on AI-ready infrastructure and data platform capabilities indicates a push to host and operate AI/data workloads regionally — aiming to outpace legacy carriers by building end-to-end cloud and data services tailored to African enterprises and public-sector customers.","The two parties will deepen cooperation around AI-driven intelligent network evolution, digital inclusion, home broadband development, data monetization, digital infrastructure, and ESG initiatives.",2026-08-24T01:14:33.4342945,news
515,https://techcentral.co.za/mtn-lines-up-partners-for-african-ai-data-centre-play/279010/,TechCentral (South Africa),MTN lines up partners for African AI data centre play,3/10/2026,Industry,South Africa,"Independent reporting details MTN’s Ambition 2030 pillar to build AI?ready data centres across Africa, sourcing partners and investors to scale compute and cloud services locally. The coverage highlights MTN’s strategy to create sovereign data infrastructure and data embassies — a growth path that could accelerate enterprise adoption of AI services in African markets faster than incumbents who rely on overseas hyperscalers.",The data centre push forms one of three strategic pillars under MTN’s new Ambition 2030 strategy ... a competitive and scalable data centre platform driven by substantial opportunity in Africa.,2026-08-24T01:14:34.8771333,news
516,https://www.fierce-network.com/cloud/could-data-embassies-solve-ai-sovereignty-problem-mtn-thinks-so,Fierce Network,Could 'data embassies' solve the AI sovereignty problem? MTN thinks so.,6/12/2026,IT and services,Global,"Fierce Network analyses MTN’s proposal of 'data embassies' to address AI sovereignty — hosting customer-sensitive models and data under local control while leveraging cross-border partnerships. The article illustrates how MTN is advancing sovereign cloud concepts and regional AI hosting to win regulated public?sector and enterprise workloads, challenging legacy carriers that lack comparable pan?African AI and data sovereignty offerings.",Data embassies are MTN’s answer to the digital sovereignty crisis.,2026-08-24T01:14:36.2400330,news
517,https://www.telekom.com/en/media/media-information/archive/t-cloud-public-sovereign-power-1101542,Deutsche Telekom Media,Hyperscaler Power with European Sovereignty: T Cloud Public,2/20/2026,IT and services,Germany,"Deutsche Telekom announced T Cloud Public’s expansion into a sovereign cloud alternative for Europe in 2026, including automated migration tools and specialized AI services. The operator is positioning T Cloud as a compliant, feature-competitive platform for LLMs and data-intensive workloads — accelerating customers' migrations from legacy carrier stacks and offering a European?sovereignty differentiated cloud to capture regulated enterprise demand.",T Cloud Public will significantly close the feature gap with US providers ... deliver scalable infrastructure and specialized AI services at a competitive level.,2026-08-24T01:14:37.4514904,news
518,https://www.bt.com/about/bt/research-and-development/tech-and-innovation-hub/bt-at-dtw-ignite-2026,BT Group (Newsroom/Tech & Innovation),BT at DTW Ignite 2026: Accelerating the Future of the AI Native Telco,6/16/2026,IT and services,United Kingdom,"BT presented its AI-native telco vision at DTW Ignite 2026, stressing deployment of autonomous operations, programmable networks, and trust-focused AI services. BT is partnering with major consultancies and hyperscalers to convert pilots into large-scale cloud-native operations and micro-SOC capabilities — demonstrating commercialisation speed and operational readiness that can outpace legacy carriers still operating fragmented legacy stacks.",The future isn’t something to plan for - it’s something to build now ... move beyond pilots and deliver AI?native capabilities at scale.,2026-08-24T01:14:38.5293171,press_release
519,https://newsroom.bt.com/bt-business-collaborates-with-accenture-to-supercharge-ai-deployment/,BT Group Newsroom,BT Business collaborates with Accenture to supercharge AI deployment,5/18/2026,IT and services,United Kingdom,"BT and Accenture announced a multi-year programme to integrate advanced AI across BT’s operations and customer solutions, including professional services to migrate enterprise workloads into cloud-native platforms. This collaboration accelerates BT’s ability to deliver unified CRM/CCaaS and AI?driven operations faster than incumbent carriers who lack such deep systems-integration partnerships.",BT Business has announced a multi-year programme with Accenture to deploy cutting edge AI capabilities into BT’s operations.,2026-08-24T01:14:39.5021519,press_release
520,https://www.datacenterknowledge.com/industry-perspectives/lumen-ai-multi-cloud-gateway-2026,DataCenter Knowledge,Lumen's Multi-Cloud Gateway and AI-focused Metro Expansion (analysis),2/26/2026,IT and services,United States,"Industry analysis on Lumen’s 2026 product launches explains how integrated fiber, metro colo, and multi-cloud gateways reduce AI data movement bottlenecks. The article compares Lumen’s aggressive fiber and colocation strategy with legacy carriers, showing Lumen's faster execution on enterprise AI-ready connectivity and interconnect services.",Lumen is focused on metro data center connectivity and multi-cloud on?ramps to remove AI data transfer bottlenecks.,2026-08-24T01:14:40.7410388,news
521,https://techblog.comsoc.org/2026/03/06/at-at/,ComSoc Tech Blog,AT&T and AWS to deliver last mile connectivity for AI workloads (coverage),3/6/2026,IT and services,United States,"Technical coverage of the AT&T-AWS collaboration explains how AT&T will extend resilient, high-capacity fiber and connectivity directly into AWS environments for business AI workloads. This network-to-cloud integration accelerates enterprises’ cloud migrations and positions AT&T as a faster path to production AI services versus carriers without deep hyperscaler integration.",AT&T is re-architecting its infrastructure for the AI era through high-capacity network modernization and deep integration with hyperscale cloud providers.,2026-08-24T01:14:41.7623397,news
522,https://convergedigest.com/verizon-positions-ai-connect-as-new-growth-engine/,Converge! Digest,Verizon Positions AI Connect as New Growth Engine,7/24/2026,IT and services,United States,"Converge! Digest reports on Verizon’s AI Connect initiative, which packages fiber, data center interconnect, and AI-ready colocation for hyperscalers and enterprises. Coverage emphasizes Verizon’s recent large dark-fiber and datacenter connectivity deals as evidence it is monetizing fixed network assets for AI infrastructure more assertively than some legacy carriers.","Verizon outlined a multibillion-dollar AI infrastructure strategy centered on long-haul fiber, metro networks, data center interconnection, and edge inference facilities.",2026-08-24T01:14:43.0131735,news
523,https://www.fierce-network.com/broadband/verizon-touts-1b-deal-google-connect-ai-data-centers,Fierce Network,Verizon touts $1B deal with Google to connect AI data centers,7/25/2026,IT and services,United States,"Fierce Network reports Verizon’s $1B dark fiber contract with Google to interconnect AI data centers, showcasing Verizon’s shift to selling large-scale fiber and interconnect services for hyperscaler AI builds. This demonstrates Verizon’s ability to convert fixed infrastructure into high-value AI connectivity offerings faster than carriers still focused on legacy enterprise products.",Verizon signed a $1B dark fiber deal with Google ... retrofit its central offices for AI usage.,2026-08-24T01:14:44.4102870,news
524,https://submarinenetworks.com/en/nv/insights/verizon-google-dark-fiber-deal,SubmarineNetworks.com,Verizon Locks In $1 Billion Google Dark Fiber Deal With More to Come,7/27/2026,Logistics & Transport,Global,Analysis of Verizon’s dark-fiber agreement with Google underscores the operator’s strategy to monetise fiber assets for hyperscaler AI projects and predicts more similar contracts. The piece argues Verizon’s rapid commercialisation of fiber and interconnect positions it ahead of carriers slower to productise fixed infrastructure for AI workloads.,Verizon has secured a landmark AI infrastructure contract with Google valued at over $1 billion ... this deal is only the opening move.,2026-08-24T01:14:45.6918971,news
525,https://constructionreviewonline.com/mtn-seeks-us-eu-partnership-to-construct-africas-ai-data-centres/,Construction Review Online,"MTN Seeks US, EU Partnership to Construct Africa’s AI Data Centres",1/30/2026,Industry,Nigeria,"Trade reporting outlines MTN’s plan to build AI-ready hyperscale campuses across Africa and attract US/EU partners and capital. The article highlights MTN’s active pursuit of sovereign data centre capacity, positioning the operator to capture enterprise AI and cloud workloads in Africa more rapidly than incumbents reliant on remote hyperscaler capacity.",MTN Group’s strategic initiative to establish Artificial Intelligence (AI) data centres across Africa ... accelerate the development of advanced AI-ready data centre infrastructure.,2026-08-24T01:14:46.9072088,news
526,https://dcpulse.com/news/mtn-group-ai-data-centers-africa,Data Center Pulse,MTN Group to Build AI Data Centers Across Africa in Partnership with ...,2/14/2026,Industry,Nigeria,Data Center Pulse describes MTN’s plan for a $240M Lagos flagship AI data center and a network of AI-capable facilities across Africa. The write-up highlights MTN’s strategy to create localized AI compute and data governance to win public-sector and enterprise deals — an approach that accelerates regional market capture compared with legacy carriers who outsource compute abroad.,MTN plans a $240M Lagos flagship and a network of AI-ready hyperscale data centers across Africa.,2026-08-24T01:14:47.9660011,news
527,https://www.rcrwireless.com/20260515/network-infrastructure/vodafone-federated-europe-edge-sovereign-iot-ai,RCR Wireless,Vodafone talks-up federated European telco edge-cloud for sovereign IoT and AI,5/15/2026,Logistics & Transport,Global,"Vodafone promoted a federated telco edge-cloud model to support sovereign IoT and AI workloads across Europe, collaborating with peers to offer cross-border, data-sovereign services. The approach aims to reduce reliance on hyperscalers for latency-sensitive and regulated IoT workloads, positioning Vodafone and its partners as a faster-to-market sovereign alternative to legacy carrier cloud options.","Major European operators are advancing a federated telco edge-cloud designed to support sovereign AI and IoT workloads, positioning it as a home-grown alternative to hyperscaler platforms.",2026-08-24T01:15:39.5988116,news
528,https://www.cloudcomputing-news.net/news/2026/may/19/vodafone-aws-cloud-infrastructure-iot-network-services/,Cloudcomputing-news.net,Vodafone tests AWS cloud to scale IoT network services,5/19/2026,Industry,Germany,"Vodafone completed trials running IoT core and voice network functions on AWS cloud infrastructure (with Nokia), demonstrating rapid capacity scaling and automation for IoT services. The proof-of-concept shows Vodafone exploiting hyperscaler cloud elasticity to deliver cloud-native IoT platforms faster than traditional telco deployments, enabling rapid industrial IoT rollouts in manufacturing and logistics.",Trial involved key network functions for Vodafone’s managed IoT connectivity platform running on public cloud infrastructure as part of a multi-cloud strategy.,2026-08-24T01:15:41.0428777,news
529,https://newsroom.bt.com/bt-joins-anthropics-project-glasswing-to-strengthen-cyber-defences-with-frontier-ai/,BT Group Newsroom,BT joins Anthropic’s Project Glasswing to strengthen cyber defences with frontier AI,6/8/2026,Public services,United Kingdom,"BT announced membership in Anthropic’s Project Glasswing to access frontier AI models for improving critical infrastructure cyber-defence capabilities. This partnership aims to apply advanced LLM-based threat detection and automated incident response, accelerating BT’s micro-SOC and AI-driven cybersecurity service offerings to public sector customers and outpacing legacy manual SOC approaches.",BT becomes the first UK company to confirm it has joined Anthropic’s Project Glasswing...strengthen cyber security for its networks and customers.,2026-08-24T01:15:42.0998185,press_release
530,https://www.btigroup.com/post/cybersecurity-2026-guide/,BTi (BT Group / BTi blog),"The Complete 2026 Cybersecurity Guide for SIEM, SOC, GRC, Co-Managed IT, AI Governance & Compliance",3/19/2026,IT and services,United Kingdom,"BT published a detailed 2026 guide emphasizing AI governance, co-managed SOCs and automated remediation tools for SMEs and enterprise customers. The guide outlines integrated SIEM/SOC/GRC models and AI orchestration to streamline continuous compliance and detection, illustrating BT’s commercial push to deliver managed security services that modernize legacy carrier security stacks.","Cybersecurity in 2026 is no longer a set of tools or annual projects. It is a continuous operating model that combines SIEM, SOC, vulnerability management, GRC, AI governance...",2026-08-24T01:15:43.5916269,news
531,https://www.advanced-television.com/2026/05/19/vodafone-nokia-trial-aws-cloud-to-scale-iot-services/,Advanced Television,"Vodafone, Nokia trial AWS cloud to scale IoT services",5/19/2026,Automotive & Mobility,Germany,"Reporting on the Vodafone–Nokia–AWS proof of concept, the article explains how cloud-based deployment of IoT core functions enables days-to-scale provisioning for IoT customers. The trial emphasises automation and cloud-native operation for large-scale IoT deployments, enabling Vodafone to accelerate service launches in verticals like connected vehicles faster than traditional telco deployments reliant on on-premise infrastructure.","Cloud technology helps Vodafone automate network expansion and scale capacity where customers need it most, adding extra capacity in days using a cloud-based approach.",2026-08-24T01:15:44.7274584,news
532,https://marketchameleon.com/articles/b/2026/2/17/lumen-tackles-ai-data-traffic-hurdles-with-launch-of-multi-cloud-gateway-and-expanded-high-speed-metro-network,MarketChameleon,Lumen tackles AI data traffic hurdles with launch of Multi-Cloud Gateway and expanded high-speed metro network,2/17/2026,Healthcare & Life Sciences,United States,"MarketChameleon coverage details Lumen’s metro and multi-cloud gateway rollout aimed at reducing AI data movement latency for sensitive workloads in healthcare and research. The article highlights dedicated metro capacity and cloud interconnect optimizations that allow rapid data aggregation for AI training and inference, giving enterprises a performant alternative to legacy carrier backhaul models.","Lumen rolls out a new Multi-Cloud Gateway and expanded metro data center connectivity across 16 major U.S. cities, targeting data movement and complexity challenges facing enterprises in the age of AI.",2026-08-24T01:15:46.3009722,news
533,https://www.sovereign-sky.net/post/deutsche-telekom-s-t-cloud-public-hyperscaler-power-meets-european-sovereignty,Sovereign Sky (industry analysis),Deutsche Telekom's T Cloud Public: Hyperscaler Power Meets European Sovereignty,4/5/2026,Finance,Germany,"Industry analysis describes Deutsche Telekom’s T Cloud Public expansion, including dedicated tools for automated migration, industrial AI cloud features and positioning to host enterprise LLMs under EU data rules. The piece emphasizes DT’s push to combine hyperscaler capabilities with regionally compliant data governance, outpacing operators that have not prioritized sovereignty-focused cloud stacks.",T-Systems claims to offer 'the best of both worlds' — hyperscaler functionality combined with European data sovereignty and automated migration tooling.,2026-08-24T01:15:48.6598622,news
534,https://www.cloudcomputing-news.net/news/vodafone-aws-cloud-infrastructure-iot-network-services/,CloudComputing-News,Vodafone tests cloud-based IoT core on AWS as part of multi-cloud strategy,5/19/2026,Industry,Germany,"CloudComputing-News reports on Vodafone’s POC running Nokia core network functions on AWS for scalable IoT services, focusing on faster provisioning, cloud-native automation and multi-cloud orchestration. The approach demonstrates how Vodafone is leveraging hyperscaler cloud capabilities to deliver fixed/cloud-native IoT platforms faster than traditional telco deployment cycles.","The proof of concept was carried out by Vodafone, Nokia, and AWS, deploying Nokia’s mobile data and voice cores on AWS cloud infrastructure in Frankfurt.",2026-08-24T01:15:50.5322332,news
535,https://ir.lumen.com/news/news-details/2026/Lumen-Recognized-in-Gartner-Report-AI-Vendor-Race-Lumen-Is-the-Company-to-Beat-in-Enterprise-WAN-and-Connectivity-Services-for-AI/default.aspx,Lumen Technologies (Investor Relations),"Lumen Recognized in Gartner® Report, AI Vendor Race: Lumen Is the Company to Beat in Enterprise WAN and Connectivity Services for AI",7/21/2026,IT and services,United States,"Lumen publicises Gartner recognition for its AI-focused connectivity stack, emphasising integration of dense fiber, metro infrastructure and Alkira cloud-native control plane to accelerate enterprise AI workloads. This highlights Lumen's strategy to move beyond legacy carrier models by tying fiber and cloud control-plane innovations into an AI-first service portfolio, positioning it ahead of traditional operators that have slower cloud-native rewrites.","By combining Lumen’s fiber footprint, dense metro infrastructure and edge capabilities with Alkira’s cloud-native control plane, the company strengthens its ability to extend its leadership into enterprise AI WAN and connectivity services.",2026-08-24T01:19:39.8657579,press_release
537,https://www.tmcnet.com/usubmit/2026/03/26/10355499.htm,TMCnet (PRN),Openlayer Partners with Telefónica Tech to Deliver AI Governance and Observability Across Europe and Latin America,3/26/2026,Finance,Global,"Press release details Openlayer and Telefónica Tech partnership to deliver end-to-end AI governance and observability for regulated industries. The collaboration equips Telefónica with tools to manage model risk and data lineage—critical capabilities for hosting LLMs and AI services in regulated markets, allowing Telefónica to move faster into governed AI services than operators without such governance stacks.",Partnership combines Openlayer's AI governance and observability platform with Telefónica Tech's enterprise services to bring end-to-end AI governance to regulated industries.,2026-08-24T01:19:42.3928149,news
538,https://www.amdocs.com/press-release/lumen-technologies-accelerates-cloud-first-strategy-amdocs-expands-migration,Amdocs (Press Release),"Lumen Technologies Accelerates Cloud-First Strategy with Amdocs, Expands Migration of Enterprise Billing Platform to Microsoft Azure",5/13/2026,Finance,United States,"Amdocs and Lumen expanded migration of Lumen’s enterprise billing platform to Azure, leveraging AI-assisted migration tools. The case shows Lumen executing legacy-modernization modules (cloud MVP frameworks) to consolidate fragmented OSS/BSS datasets into cloud-native services faster than carriers that continue to operate on older, siloed billing stacks.","Deployment supports Lumen’s cloud transformation by enhancing scalability, resilience, and operational efficiency for enterprise services through AI assisted cloud migration.",2026-08-24T01:19:43.8127425,press_release
539,https://innovation-village.com/mtn-group-to-build-ai-data-centres-in-nigeria-and-south-africa/,Innovation Village,MTN Group to Build AI Data Centres in Nigeria and South Africa,3/10/2026,IT and services,Africa,Local tech press reports MTN’s move from telco to platform provider by building AI-enabled data centres in Africa. These developments signal MTN’s intention to capture AI and cloud demand regionally and provide regionally hosted LLM compute—arguably faster to market than many legacy operators with slower capital reallocation to cloud/DC builds.,The first major sites will be in South Africa and Nigeria. This project is part of MTN’s “Ambition 2030” strategy... moving from planning to execution.,2026-08-24T01:19:45.0505979,news
540,https://www.lumen.com/blog-and-news/en-us/newsroom,Lumen Technologies (Newsroom),Meeting AI demands with strategic expansion (news highlights 2026),7/14/2026,Automotive & Mobility,United States,"Lumen’s newsroom details investments in fiber and edge capacity to support enterprise AI and digital experiences (including large events and automotive use-cases). The public messaging frames Lumen as moving rapidly to integrate fiber, edge, and cloud partners—a combined strategy that outpaces carriers still prioritising legacy circuit-centric models.","Learn more about our milestones and plans for the Lumen Network, including millions of new fiber miles, significant added network capacity and coast-to-coast momentum.",2026-08-24T01:19:46.7605197,press_release
541,https://www.proximusglobal.com/newsroom/,Proximus Global (Newsroom),Proximus Global — product and partnership announcements 2026,4/21/2026,Finance,Global,"Proximus Global press entries highlight partnerships with Google Cloud and product launches for communications platforms and fraud prevention in payments—showing how Proximus is productising cloud communications and security services for financial customers, moving faster in specific B2B services than carriers still focused on basic connectivity.",Proximus Global recognized as a Leader in the 2026 Gartner® Magic Quadrant™ for Communications Platform as a Service... BICS expands collaboration with Google Cloud to enhance cloud communications for enterprises.,2026-08-24T01:19:48.3755126,press_release
542,https://www.telefonicabusiness.com/en/newsroom/openlayer-partnership-2026,Telefónica Tech (press syndications aggregated),Telefónica Tech and Openlayer partner on AI governance for regulated industries,3/26/2026,Public services,Spain,Coverage of Telefónica Tech partnering with Openlayer to offer AI governance and observability across Europe and Latin America. The combined offering positions Telefónica to deliver governed model operations and data lineage for regulated customers quicker than operators without dedicated governance partnerships.,Partnership combines Openlayer's AI governance and observability platform with Telefónica Tech's enterprise services to bring end-to-end AI governance to regulated industries.,2026-08-24T01:19:49.6129792,press_release
543,https://www.ibm.com/case-studies,IBM (Case Studies hub),IBM case studies (telecommunications and cloud modernization examples),6/1/2026,Collaboration and Customer Experience,Global,"IBM’s case study repository documents multiple telco modernization projects (hybrid cloud, generative AI, OSS/BSS migrations) where IBM Consulting helped carriers accelerate cloud migration and AI adoption. These case studies show third-party consultancies enabling competitive carriers to outperform legacy incumbents that lack similar consulting-driven modernization velocity.","For every challenge, there’s a solution. And IBM case studies capture our solutions in action.",2026-08-24T01:19:50.7968181,news
544,https://www.berec.europa.eu/system/files/2025-12/BEREC-Work-Programme-2026.pdf,BEREC (Work Programme 2026),BEREC Work Programme 2026,1/1/2026,IT and services,Europe,"BEREC’s 2026 work programme sets priorities around cloud services, AI competition dynamics, data access and security—signalling regulatory attention to cloud concentration and sovereignty. The programme indicates regulators will scrutinise operator and hyperscaler strategies, accelerating market dynamics where aggressive competitors can capture market share by aligning with regulatory priorities faster than legacy incumbents.",BEREC report on the competition dynamics of artificial intelligence and its impact on internet openness and end-users.,2026-08-24T01:19:51.5461334,regulation
545,https://www.ofcom.org.uk/about-ofcom/annual-reports-and-plans/ofcoms-annual-report-and-accounts-2025-26,Ofcom (Annual Report 2025-26),Ofcom Annual Report and Accounts 2025-26,7/9/2026,Public services,United Kingdom,"Ofcom’s 2025–26 annual report highlights regulatory focus on broadband, fixed networks, and emerging AI innovation for telecoms including growth goals for 2026–27. The regulator’s explicit attention to fixed network frameworks and AI policy accelerates market opportunities for operators that invest in cloud, fiber and AI services, enabling those players to outpace slower-moving carriers.","This report sets out how Ofcom has performed against our objectives in 2025/26, and the impact of our work on people and businesses in the UK.",2026-08-24T01:19:52.8555682,regulation
546,https://newsroom.bt.com/bt-to-work-with-nscale-to-accelerate-uk-sovereign-ai-capability-powered-by-nvidia/,BT Group Newsroom,"BT to work with Nscale to accelerate UK sovereign AI capability, powered by NVIDIA",4/23/2026,Industry,United Kingdom,"BT announced a partnership to deliver sovereign AI data centres in the UK using NVIDIA full-stack AI infrastructure; BT will provide connectivity and sites for up to 14 MW of AI compute across strategic BT locations. This demonstrates BT moving beyond connectivity to provide integrated sovereign compute and migration services, enabling regulated customers to host LLMs and data inside UK-controlled infrastructure faster than carriers focused strictly on connectivity.","London, UK, 23 April 2026 – BT and Nscale have today announced plans to deliver sovereign AI data centres in the UK, using NVIDIA full stack AI infrastructure.",2026-08-24T01:25:03.9431641,press_release
547,https://www.telefonica.com/en/wp-content/uploads/sites/5/2026/02/pr_edge_continuum_mwc2026.pdf,Telefónica / MWC 2026 Joint Press Release (PDF),"Deutsche Telekom, Orange, Telefónica, TIM, and Vodafone achieve the first pan-european federated Edge Continuum at MWC 2026",2/26/2026,IT and services,Europe,"A coordinated live demonstration at MWC showcased a federated European Edge Continuum connecting five major operators' edge clouds to support data locality, sovereignty and distributed cloud workloads. Competitors positioned the federated edge as an alternative to hyperscaler-only approaches, enabling faster deployment of sovereign LLM hosting and distributed ML pipelines — an execution advantage relative to carriers that have not integrated cross-operator edge federation.","At Mobile World Congress 2026, the telcos announce the first live demonstration of the European Edge Continuum, a federated edge cloud connecting the networks of Europe’s five largest operators.",2026-08-24T01:25:04.9338593,press_release
548,https://www.vodafone.com/news/newsroom/technology/vodafone-business-launches-new-ai-and-cybersecurity-solutions-in-partnership-with-google-cloud,Vodafone Newsroom,Vodafone Business launches new AI and cybersecurity solutions in partnership with Google Cloud,4/22/2026,Retail,Global,"Vodafone and Google Cloud expanded their strategic partnership to deliver managed cybersecurity and agentic AI concierge services for SMBs. The announcement highlights Vodafone accelerating managed cloud security and AI services through hyperscaler partnership to rapidly offer end-to-end AI-enabled services, a route that outpaces legacy carriers without similar hyperscaler integration and packaged managed service offerings.",Vodafone Business and Google Cloud announced an expansion of their strategic partnership with two new solutions to equip small-and medium-sized businesses (SMBs) with advanced cybersecurity and agentic AI.,2026-08-24T01:25:05.8380615,press_release
549,https://dcso.de/en/dcso-partners-with-deutsche-telekom-for-sovereign-cloud-infrastructure/,DCSO Press Release,DCSO Partners with Deutsche Telekom for Sovereign Cloud Infrastructure,5/8/2026,Energy & Utilities,Germany,"DCSO announced a partnership to leverage Deutsche Telekom's T Cloud Public for sovereign cloud services aimed at German critical infrastructure and regulated customers. The collaboration emphasizes operational sovereignty, automated compliance tooling and joint professional services — demonstrating an operator-vendor ecosystem rapidly delivering sovereign cloud capabilities that many legacy carriers without deep sovereign product stacks struggle to match.",DCSO to Leverage Deutsche Telekom’s T Cloud Public in Strategic Partnership for Digital Sovereignty.,2026-08-24T01:25:06.7011066,press_release
550,https://newsroom.ibm.com/2026-05-05-think-2026-ibm-delivers-the-blueprint-for-the-ai-operating-model-as-the-ai-divide-widens,IBM Newsroom,Think 2026: IBM Delivers the Blueprint for the AI Operating Model as the AI Divide Widens,5/5/2026,IT and services,Global,"At Think 2026 IBM introduced 'Sovereign Core', expanded watsonx orchestration, and new IBM Enterprise Advantage consulting assets to help customers migrate legacy data estates into hybrid/sovereign AI platforms. IBM’s integrated software + consulting approach positions it and operator partners to accelerate enterprise modernization and trusted AI deployments more quickly than telcos that lack comparable multi-disciplinary consulting and hybrid cloud tooling.","Products and capabilities unveiled include the next generation of IBM watsonx Orchestrate, IBM Concert for intelligent operations, and IBM Sovereign Core for operational independence.",2026-08-24T01:25:08.0993765,press_release
551,https://www.prnewswire.com/news-releases/vodafone-business-launch-new-ai-and-cybersecurity-solutions-to-accelerate-small-business-digital-transformation-in-partnership-with-google-cloud-302749234.html,PR Newswire,Vodafone Business Launch New AI and Cybersecurity Solutions in Partnership with Google Cloud,4/22/2026,Retail,Global,PR Newswire coverage of the Vodafone–Google Cloud launch reiterates the managed security and AI concierge services for SMBs and frames the partnership as part of a larger multi?year investment. The distribution partnership shows Vodafone executing hyperscaler-integrated managed services faster than many regional incumbents who remain more network-centric.,New managed security and AI concierge services mark the latest milestone in $1 billion strategic partnership.,2026-08-24T01:25:09.5275587,press_release
552,https://ir.lumen.com/news/news-details/2026/Lumen-Technologies-Reports-Solid-Second-Quarter-2026-Results-Digital-Transformation-Accelerates/default.aspx,Lumen Technologies Investor Relations,Lumen Technologies Reports Solid Second Quarter 2026 Results; Digital Transformation Accelerates,8/5/2026,IT and services,United States,"Lumen's Q2 2026 results emphasise momentum in enterprise transformation, simplification and digital platform strategy for AI and multi-cloud customers; the update includes customer case wins and positioning of Lumen's digital platform to migrate legacy estates. The results highlight Lumen converting infrastructure investments into enterprise cloud/AI services faster than many legacy carriers focused on consumer segments.","Lumen delivered financial results in line with expectations, continued improving its business revenue mix, advanced simplification initiatives, and strengthened its digital platform strategy for enterprise customers operating in an AI-driven, multi-cloud world.",2026-08-24T01:25:11.0056817,press_release
553,https://www.bt.com/about/annual-reports/2026summary/,BT Group Annual Report 2026,"BT's 2026 Annual Report — strategy, performance and stories from across the group",3/30/2026,Logistics & Transport,United Kingdom,"BT's 2026 annual report showcases strategic moves into AI-enabled services (Active Intelligence), sovereign data centre partnerships and expanding cloud migration services for enterprise customers, framing BT's shift to being an integrated infrastructure + services provider. The report demonstrates BT's faster pivot to packaged AI/cloud solutions and professional services compared with carriers slower to combine connectivity with sovereign compute and consulting.","BT Active Intelligence provides anonymised retail footfall data ... supporting faster, confident decision-making…",2026-08-24T01:25:12.4439465,analyst_report
554,https://ec.europa.eu/commission/presscorner/api/files/document/print/en/ip_26_833/IP_26_833_EN.pdf,European Commission Press Corner (PDF),Commission awards €180 million tender for sovereign cloud to four European providers,4/17/2026,Finance,Europe,The European Commission awarded a €180 million framework contract for sovereign cloud services to four European providers to supply EU institutions and bodies. This procurement accelerates market demand for sovereign cloud platforms and directly benefits operator and cloud providers that rapidly built compliant sovereign offerings — enabling them to win public-sector workloads faster than operators without sovereign certifications or productised migration pathways.,"Brussels, 17 April 2026 The European Commission is strengthening the European Union's digital sovereignty by awarding a tender that allows Union entities to procure sovereign cloud services for up to €180 million over 6 years.",2026-08-24T01:25:14.0721452,regulation
555,https://www.ofcom.org.uk/siteassets/resources/documents/about-ofcom/annual-reports/ofcoms-strategic-approach-to-ai-2026-2027.pdf?v=418759,Ofcom,"Ofcom’s strategic approach to AI, 2026/27",6/4/2026,Healthcare & Life Sciences,United Kingdom,"Ofcom published its 2026/27 AI strategy setting regulatory expectations for safe and secure AI adoption across sectors it regulates, including telecoms and broadcasting. The guidance raises compliance and governance bars that favor providers offering integrated governance, data residency and AI control-plane features — giving an advantage to operators and cloud vendors who have invested in sovereign, auditable cloud stacks and professional services over carriers with legacy, network-only offerings.",Ofcom has set out our approach to enabling safe and secure AI adoption across the sectors we regulate and within our own work.,2026-08-24T01:25:15.1414060,regulation
556,https://digital-strategy.ec.europa.eu/en/news/commission-proposes-tech-sovereignty-package-strengthen-europes-digital-autonomy-and-resilience,European Commission - Digital Strategy,Commission proposes tech sovereignty package to strengthen Europe's technological autonomy,6/10/2026,Energy & Utilities,Europe,"The European Commission proposed a Tech Sovereignty Package (cloud, AI development, chips and open-source strategy) to bolster Europe's autonomy. The policy push increases market opportunities for telcos and cloud providers creating sovereign-compliant cloud and AI execution environments, favouring operators who have quickly built operational sovereignty products and partnerships to capture regulated workloads.","The European Commission has presented the European Technological Sovereignty Package, a set of measures to strengthen Europe's capacity in semiconductors, artificial intelligence (AI), cloud and open source.",2026-08-24T01:25:16.6152802,regulation
557,https://www.ibm.com/new/announcements/ibm-announcements-at-think-2026,IBM Announcements at Think 2026,IBM announcements at Think 2026 to advance the agentic era,5/5/2026,IT and services,Global,"IBM detailed product releases (watsonx Orchestrate, Sovereign Core, Concert operations platform) focused on hybrid AI governance, agent orchestration and embedded compliance — a suite that enables enterprises and operator partners to accelerate legacy modernization and trusted AI deployment. IBM's combined software, hardware partnerships and consulting model enables faster turnkey migration of legacy systems into governed hybrid AI estates versus carriers lacking comparable software stacks.","The agentic era isn’t coming—it’s here. At Think 2026 in Boston, IBM makes it official with a wave of new products, capabilities, and partnerships across its entire portfolio.",2026-08-24T01:25:18.1206645,news
558,https://about.att.com/story/2026/400g-wavelength-connectivity-us-metros.html,AT&T Newsroom,More 400G Wavelength Connectivity in U.S. Metros,6/15/2026,Logistics & Transport,United States,"AT&T announced expanded 400G wavelength connectivity between metro data locations and cloud interconnects to support AI workflows and high-throughput data movement. The initiative positions AT&T to support large AI data pipelines and centralized cloud compute for enterprises and hyperscalers, enabling faster data migration and cloud burst capacity relative to carriers that have not scaled metro high?capacity wavelength infrastructure.","Faster, more reliable data movement between data locations, cloud interconnect points, and distributed sites, so applications and AI workflows perform consistently.",2026-08-24T01:25:20.1692528,press_release
559,https://www.rcrwireless.com/20260211/analyst-angle/ai-factory-europes,RCR Wireless News,What Deutsche Telekom’s AI factory reveals about Europe’s digital independence,2/11/2026,Industry,Germany,"RCR Wireless reports on Deutsche Telekom’s Industrial AI Cloud project (an AI-focused data center initiative) highlighting DT’s investments in onshore AI compute capacity, partnerships with accelerator vendors and research institutions, and commitments to host LLMs within EU jurisdiction — positioning DT ahead of legacy carrier peers on sovereign AI infrastructure.","DT and Nvidia jointly funded the Industrial AI Cloud, Europe’s most ambitious sovereign AI facility.",2026-08-24T01:27:29.0894022,news
560,https://fortune.com/2026/06/09/lumens-maniacal-focus-kpis-measurable-ai-impact-across-use-cases-and-company/,Fortune,How Lumen’s ‘maniacal focus’ on KPIs drove measurable AI impact,6/9/2026,Finance,United States,"Fortune profiles Lumen’s use of AI to consolidate disparate legacy data, modernize workflows, and drive measurable enterprise performance gains. The article outlines operational modernization modules — automated data quality, AI-driven service orchestration — that have allowed Lumen to commercialize AI-enabled network and cloud services faster than many legacy incumbents.","Lumen tapped AI to simplify the network, modernize workflows, and streamline the disparate data that lives across its ecosystem.",2026-08-24T01:27:30.1457810,news
561,https://www.ibm.com/newsroom/2026-05-05-think-2026-ibm-delivers-the-blueprint-for-the-ai-operating-model-as-the-ai-divide-widens,IBM Newsroom,Think 2026: IBM Delivers the Blueprint for the AI Operating Model,5/5/2026,IT and services,Global,At Think 2026 IBM launched new capabilities for enterprise hybrid-AI platforms including multi-agent orchestration (watsonx Orchestrate next-gen) and built-in sovereignty and governance controls. IBM positions these offerings to help telcos and enterprises modernize legacy stacks into governed AI platforms — a capability that competing telcos and consulting arms (including Orange Business peers) are leveraging to outpace traditional carrier models.,"Next-generation agent orchestration and agentic development give enterprises a unified way to plan, build, deploy, and govern AI agents at scale.",2026-08-24T01:27:31.0806910,press_release
562,https://www.telecomtv.com/content/ai/bt-unveils-sovereign-portfolio-hooks-up-with-nscale-55356/,TelecomTV,"BT unveils sovereign portfolio, hooks up with Nscale",4/23/2026,Government/Public sector (mapped to Industry),United Kingdom,"TelecomTV reports BT’s April 2026 launch of a UK-focused sovereign portfolio including connectivity, voice, cloud and AI; BT also announced a partnership with Nscale to add significant Nvidia-based AI compute in domestic data centers. The integrated sovereign stack positions BT to capture public sector and regulated enterprise workloads more comprehensively than legacy-only carriers.","BT has launched a ‘full suite’ of sovereign services – combining sovereign connectivity, voice, cloud and AI – all delivered in one place.",2026-08-24T01:27:31.9413672,news
563,https://dcpulse.com/news/nscale-bt-sovereign-ai-uk,DC Pulse,Nscale and BT Launch Sovereign AI Data Centers UK,4/24/2026,Industry,United Kingdom,"DC Pulse covers the BT–Nscale partnership to deploy UK-based AI data center capacity to host ‘sovereign AI’ workloads. The story details capacity, site selection rationale and mentions target use-cases (research, public sector) — illustrating how BT is executing infrastructure deployments to capture sovereign AI demand ahead of legacy international carriers.","Nscale has partnered with BT Group to deploy new sovereign AI data center infrastructure across the United Kingdom, aiming to expand domestic compute capacity.",2026-08-24T01:27:32.8967876,news
564,https://www.vodafone.com/news/newsroom/technology/smart-secure-sovereign-how-vodafone-is-powering-our-digital-future,Vodafone - Newsroom,"Smart, secure, sovereign: how Vodafone is powering our digital future",6/1/2026,Healthcare & Life Sciences,United Kingdom,"Vodafone’s June 2026 newsroom piece explains its strategy to combine connectivity, cloud, and cyber-security to deliver sovereign solutions, working with cloud partners and system integrators to host enterprise workloads in locally compliant environments. This corporate narrative outlines how Vodafone is converting network and cloud capabilities into integrated sovereign offerings that appeal to regulated sectors.","These initiatives support organisations in migrating to the AWS European Sovereign Cloud, supported by Skaylink’s AWS-certified cloud experts.",2026-08-24T01:27:34.5136421,press_release
565,https://www.omegaupd.com/news/berec-cloud-edge-2026,Omdia (Informa) - Cloud & Data Center Ecosystem Leadership (Omdia blog),Omdia unveils Champions in the 2026 Cloud & Data Center Ecosystem Leadership Matrix,7/7/2026,IT and services,Global,"Omdia’s July 2026 leadership matrix names vendors (AWS, Dell, Google Cloud, HPE, IBM, Lenovo) as champions in cloud and data center ecosystems, noting their partner orchestration and enterprise modernization capabilities. The analysis highlights how telecom competitors partner with those champions to deliver modern cloud MVP migration stacks and managed sovereign AI offerings — allowing them to out-execute carriers that lack such partner ecosystems.","Omdia has named six Champions in its 2026 Cloud & Data Center Ecosystem Leadership Matrix: AWS, Dell Technologies, Google Cloud, HPE, IBM and Lenovo.",2026-08-24T01:27:35.9178660,analyst_report
566,https://www.ofcom.org.uk/about-ofcom/annual-reports-and-plans/statement-ofcoms-plan-of-work-202627,Ofcom,Statement: Ofcom's Plan of Work 2026/27,3/20/2026,Industry,United Kingdom,"Ofcom’s Plan of Work 2026/27 highlights regulatory attention on cloud services, digital infrastructure resilience and competition in cloud-linked services. The workplan signals increased scrutiny of large cloud providers and telco-cloud market interplay, which incumbents and challengers (BT, Vodafone, IBM Consulting) are using to differentiate sovereign cloud offerings to regulated customers — accelerating market shifts away from legacy carrier models.","Ofcom has today published its proposed Plan of Work 2026/27, outlining our areas of work for the next financial year.",2026-08-24T01:27:36.9473714,regulation
567,https://commission.europa.eu/news-and-media/news/sovereign-cloud-framework-explained-2026-06-01_en,European Commission,Sovereign Cloud Framework explained,6/1/2026,Government/Public sector (mapped to Industry),Europe,"The European Commission’s June 1, 2026 explainer lays out the Cloud Sovereignty Framework and guidance for public procurement of sovereign cloud services. It documents procurement criteria and SEAL-like assurance levels that favor operator and vendor offerings built for EU-only data residency and governance — enabling telco competitors with local-cloud stacks to win regulated contracts more readily than carriers that rely on offshore hyperscaler dependencies.","The European Commission is providing a more detailed overview of its Cloud Sovereignty Framework, a tool it created to evaluate providers of sovereign cloud in recent tender.",2026-08-24T01:27:38.3999111,regulation
568,https://www.telecomtv.com/content/ai/vodafone-s-cto-on-the-sovereign-opportunity-for-telcos-55350/,TelecomTV,Vodafone’s CTO on the sovereign opportunity for telcos,4/23/2026,IT and services,United Kingdom,"Interview coverage with Vodafone’s CTO (April 2026) outlining telco strategies to capture sovereign cloud and AI opportunities. Vodafone emphasises operator responsibility in deploying and using AI, and explains its federated cloud strategy and partner ecosystem to deliver regulated workloads — moves that let Vodafone and similar operators outpace carriers slower to adopt sovereign cloud stacks.","One of the key trends ... the opportunity for telcos to develop and deliver sovereign services, the impact that sovereign services and AI might have on telco edge opportunities.",2026-08-24T01:27:39.9638381,news
569,https://www.telecomtv.com/content/ai/bt-turns-sovereign-cloud-into-a-telco-opportunity-55280/,Operator Watch / TelecomTV (analysis blog),BT Turns Sovereign Cloud into a Telco Opportunity,5/19/2026,Government/Public sector (mapped to Industry),United Kingdom,"Industry analysis explains BT’s sovereign services announcement as strategic: combining sovereign cloud, AI compute, and secure connectivity into an integrated stack for regulated customers. The piece contrasts BT’s accelerated go-to-market and infrastructure deployment with incumbent carriers that remain fragmented in cloud and legacy service offerings.",BT’s latest sovereign services announcement is more than another cloud launch. It is a sign that digital sovereignty is becoming a serious operator opportunity.,2026-08-24T01:27:40.8868741,news
570,https://convergedigest.com/vodafone-bets-on-scale-ai-and-convergence-in-a-new-chapter-strategy/,Converge! Network Digest,"Vodafone Bets on Scale, AI, and Convergence in “A New Chapter” Strategy",5/12/2026,Energy & Utilities,Global,"Converge! reports Vodafone’s mid-2026 strategy refocus toward AI-enabled services, sovereign cloud partnerships with hyperscalers and system integrators, and simplification of footprint after disposals. The write-up highlights Vodafone Business’s acceleration of cloud and security services and its stronger enterprise pivot compared to some legacy operators.","Vodafone’s partnerships with AWS, Google, Microsoft, and Accenture form a core element of its enterprise strategy, especially around sovereign cloud, AI-enabled services, and security.",2026-08-24T01:27:42.2873404,news
571,https://www.hotminute.co.uk/2026/04/24/bt-launches-sovereign-cloud-running-entirely-in-the-uk/,HotMinute,BT launches sovereign cloud running entirely in the UK,4/24/2026,Finance,United Kingdom,"HotMinute’s coverage of BT’s April 2026 product launch describes a fully UK-hosted sovereign cloud portfolio aimed at public sector and regulated businesses. The article lists BT’s end-to-end capability (connectivity, cloud, AI) and argues this combined execution allows BT to capture regulated workloads more effectively than competitors still reliant on multinational hyperscaler dependency.","BT Business has announced the launch of the UK’s first full suite of sovereign services, positioning itself as the country’s only provider to offer an end-to-end portfolio covering sovereign connectivity, voice, cloud and AI.",2026-08-24T01:27:43.3174222,news
572,https://www.vmware.com/blogs/cloud-foundation/the-year-the-sovereign-cloud-debate-got-specific/,VMware Blog,The year the sovereign cloud debate got specific,6/19/2026,IT and services,Global,"VMware’s June 19, 2026 blog synthesizes progress in EU sovereign cloud governance and procurement, noting concrete assurance frameworks and vendor productization for sovereign workloads. It highlights how vendors and operator partners have built cloud MVP modernization tooling and governance frameworks that help enterprises move legacy systems into compliant cloud platforms faster than telcos that have not productized such tooling.","Those were necessary questions. They are now, largely, answered. The early debate has moved to concrete implementation and procurement criteria.",2026-08-24T01:27:44.2259913,news
573,https://www.telekom.com/en/media/media-information/archive/germany-s-first-ai-factory-for-industry-1101670,Deutsche Telekom - Media Information,Germany's first AI factory for industry officially launches,3/25/2026,Industry,Germany,"Deutsche Telekom, with partners NVIDIA and Polarise, launched an Industrial AI Cloud 'AI Factory' to provide sovereign high-performance compute, AI training and inference for industrial customers. The AI Factory offers secure, compliant AI computing alongside application-level integrations (e.g., Siemens SIMCenter) that accelerate industrial AI use cases and attract manufacturing and engineering workloads that traditional telco infrastructures have struggled to host.","Deutsche Telekom is officially launching its Industrial AI Cloud ... providing companies, research institutions and the public sector in Germany and Europe with high-performance, sovereign computing power for artificial intelligence (AI).",2026-08-24T01:28:25.4760072,press_release
574,https://www.pipelinepub.com/news/deutsche-telekom-sovereign-large-language-model-press-release/1,Pipeline Publishing,Deutsche Telekom to Train Sovereign AI in New AI Factory,3/26/2026,IT and services,Germany,"Coverage details Deutsche Telekom winning contracts to host and train large open-source foundation models (LLMs) in its AI Factory, including academic partnerships (SOOFI project). The report highlights DT offering on-prem-like sovereignty, model training pipelines, and turnkey tooling — directly addressing European regulatory and data-residency demands and capturing LLM workloads that legacy carriers without sovereign compute cannot easily host.",Leibniz University Hannover has awarded the contract to provide the technical infrastructure for the SOOFI (Sovereign Open Source Foundation Models) research project ...,2026-08-24T01:28:27.2265182,news
575,https://www.helpnetsecurity.com/2026/04/20/eu-sovereign-cloud-tender-180-million-eu/,Help Net Security,"EU pushes for stronger cloud sovereignty, awards €180 million to four providers",4/20/2026,Finance,Global,"The European Commission awarded a major cloud services tender (up to €180M over six years) to providers meeting strict sovereignty criteria. The procurement and funding favor vendors with European-resident compute, strong data-governance tooling, and regulatory compliance stacks — a strategic lever enabling regional/cloud-first competitors to win enterprise and public sector contracts previously held by global carriers lacking native sovereign offerings.",The European Commission is stepping up efforts to strengthen the EU’s digital sovereignty by awarding a cloud services tender worth up to €180 million over six years.,2026-08-24T01:28:28.3507110,news
576,https://www.helpnetsecurity.com/2026/07/13/lumen-defender-amdr/,Help Net Security,Lumen expands managed detection and response with Cortex XSIAM,7/13/2026,IT and services,United States,"Lumen announced Defender AMDR integrating its Black Lotus Labs threat intel with Palo Alto Networks Cortex XSIAM to deliver AI-driven autonomous SOC capabilities. The service emphasizes automated alert triage, AI orchestration for incident response, and managed detection tuned to network-embedded telemetry — demonstrating how a network+cloud competitor can modernize security operations faster than legacy operators who rely on siloed SOC tooling.","Lumen launches Defender AMDR for Cortex XSIAM, combining AI-driven SOC operations with managed detection and response.",2026-08-24T01:28:29.7101657,news
577,https://www.datacenterknowledge.com/data-center-hardware/data-center-hardware-highlights-july-2026,Data Center Knowledge,Data Center Hardware Highlights: July 2026,7/13/2026,Energy & Utilities,Global,"A roundup noting how hyperscalers and cloud builders are investing across the full stack (CPU, memory, networking, orchestration) to support AI workloads and raise utilization. The piece highlights the competitive advantage of operators that combine software orchestration and hardware design to speed AI workloads into production, an area where mobile-first legacy carriers without integrated compute platforms lag behind.","Beyond GPUs, vendors are investing across the stack – networking, memory, CPUs, orchestration software, and chip design – to improve utilization and remove bottlenecks.",2026-08-24T01:28:30.6670602,news
578,https://www.datacenterknowledge.com/energy-power-supply/nerc-flags-ai-data-center-grid-risks-in-report,Data Center Knowledge,NERC Flags AI Data Center Grid Risks in Report,7/22/2026,Energy & Utilities,United States,"NERC's 2026 report warns that hyperscale AI data center clusters can threaten grid stability and calls for new operational coordination standards. The regulatory focus benefits cloud providers and network operators that proactively integrate grid-aware capacity planning and energy-efficient architectures — enabling them to out-compete legacy telcos that have not invested in scale-ready, energy-coordinated cloud infrastructure.","As individual campuses approach gigawatt scale ... these abrupt disconnections now threaten grid stability and require new modeling standards, operational coordination, and regulatory frameworks.",2026-08-24T01:28:32.2725806,news
579,https://www.datacenterknowledge.com/infrastructure/ces-2026-lenovo-unveils-ai-inferencing-servers-nvidia-gigafactory-team-up,Data Center Knowledge,"CES 2026: Lenovo Unveils AI Inferencing Servers, Nvidia Team-up",1/7/2026,Automotive & Mobility,United States,"Coverage of Lenovo's Jan 2026 announcement of new AI inferencing servers and a cloud 'gigafactory' collaboration with NVIDIA to accelerate hyperscale deployments. The partnership shows how equipment vendors and cloud builders can deliver turn-key inferencing capacity and managed services that enable enterprises to bypass traditional carrier-led hosting, shortening time-to-market for AI applications.",Lenovo showcased new server products aimed at AI inferencing workloads and unveiled a cloud gigafactory collaboration with Nvidia intended to accelerate deployments at hyperscale.,2026-08-24T01:28:33.6536497,news
580,https://www.helpnetsecurity.com/2026/03/30/european-commission-cyberattack-cloud-infrastructure-website/,Help Net Security,Second data breach at European Commission this year leaves open questions over cloud resilience,3/30/2026,Government,Belgium,"Reporting on a cyberattack affecting cloud infrastructure hosting the European Commission web presence underlines the demand for stronger cloud governance, audited supply chains, and sovereign compute options. The incident underscores how vendors offering hardened, audited cloud stacks with advanced governance and automated data-quality controls can capture public-sector trust faster than legacy carriers without mature cloud security postures.",The European Commission confirmed that a cyberattack impacted cloud infrastructure hosting its web presence on the Europa.eu platform.,2026-08-24T01:28:34.9575141,news
581,https://www.helpnetsecurity.com/2026/08/04/eu-ai-act-enforcement-ai-models/,Help Net Security,"EU begins enforcing AI Act, putting AI models under the microscope",8/4/2026,Finance,Global,"This article covers the start of enforcement of the EU AI Act (2 Aug 2026) and its implications for model hosts and cloud providers. It shows how operators offering built-in compliance, provenance tracking, and model governance will gain market advantage as regulated customers migrate LLM and AI workloads to providers that simplify adherence — a capability not universally available from traditional telcos.","The EU's AI Act enforcement began 2 August 2026, requiring chatbots to disclose themselves and AI-generated content to carry clear labels.",2026-08-24T01:28:35.7845074,news
582,https://www.helpnetsecurity.com/2026/02/24/socs-autonomous-security-operations-strategies/,Help Net Security (Guest / Industry Commentary),Why SOCs are moving toward autonomous security operations in 2026,2/24/2026,IT and services,Global,"An industry piece explaining the move to autonomous SOCs driven by AI orchestration, automated triage, and integration of telemetry from network/cloud environments. The article highlights vendors and service providers offering micro-SOC and AI-orchestrated security platforms that enable faster threat detection and response compared with legacy carrier SOC models reliant on manual flows.","SOCs adopt autonomous security operations to fight AI threats, eliminate manual triage, and stop complex attacks.",2026-08-24T01:28:37.0733026,news
583,https://www.infoworld.com/article/4193442/whats-new-in-cloud-security.html,InfoWorld,What’s new in cloud security,7/7/2026,IT and services,United States,"A July 2026 analysis of cloud security trends emphasizing zero-trust, post-quantum crypto, and AI-driven defenses. The article argues that cloud-native providers and security specialists who embed model governance, data protection and automated policy enforcement into their platforms can outpace legacy telco offerings that lack integrated cloud security controls.","The cloud security landscape has changed dramatically ... integration of advanced AI, autonomous agent systems, and the looming ...",2026-08-24T01:28:37.8688291,news
584,https://www.infoworld.com/article/4152152/enterprises-demand-cloud-value.html,InfoWorld,Enterprises demand cloud value,3/31/2026,Finance,Global,"Summarises the Flexera 2026 State of the Cloud findings: enterprises are prioritizing ROI, FinOps, and platforms that offer migration accelerators and governance. The piece highlights that vendors delivering turnkey modernization frameworks ('Cloud MVP' style migrations, governance automation, and data quality tooling) are winning migrations from legacy operator-managed estates.","After a decade of overspending, businesses are establishing centers of excellence and finops in pursuit of ROI.",2026-08-24T01:28:38.6860461,news
585,https://www.btocloud.eu/en/post/deutsche-telekom-launches-europe-s-first-sovereign-industrial-ai-cloud,BTOcloud,Deutsche Telekom launches Europe's first sovereign industrial AI cloud,3/26/2026,Industry,Germany,"Independent coverage of Deutsche Telekom's Industrial AI Cloud launch, noting the €1bn partnership with NVIDIA and SAP and the platform's rapid ramp to production for industry customers. The article emphasizes the industrial ecosystem orientation and sovereign controls that enable DT to seize industrial AI workloads from competitors lacking equivalent sovereign AI platforms.",The Industrial AI Cloud platform will go live in the first quarter of 2026 ... It lays the foundation for the industrial AI revolution in Germany and Europe.,2026-08-24T01:28:39.4668698,news
586,https://www.telecoms.com/ai/dt-s-new-ai-factory-bags-sovereign-llm-deal,Telecoms.com,DT's new AI factory bags sovereign LLM deal,1/11/2026,IT and services,Germany,"Coverage describes Deutsche Telekom's 'AI factory' which will host large-scale model training and operations entirely in Europe, including a contract to train a 100B-parameter LLM for Leibniz University. The facility is positioned as a sovereign alternative to hyperscalers, combining DGX/GPU capacity and local governance to meet stringent compliance. The move demonstrates DT outpacing legacy carriers by bundling cloud, compliance, and AI model lifecycle services.","The AI factory is expected to be up and running in the first quarter of 2026, and Leibniz University is due to start work on its new LLM in March.",2026-08-24T01:31:40.3340535,news
587,https://www.paloaltonetworks.com/company/press/2026/palo-alto-networks-and-deutsche-telekom-bring-ai-driven-security-with-advanced-sovereignty-controls-for-european-regulated-industries,Palo Alto Networks - Press Release,Palo Alto Networks and Deutsche Telekom bring AI-driven security with advanced sovereignty controls for European regulated industries,6/9/2026,Finance,Global,"Palo Alto Networks teamed with Deutsche Telekom to deliver an AI-driven Cortex SecOps platform tailored with sovereignty controls governed by DT. The solution packages enterprise-grade detection, response, and model governance for regulated sectors, enabling customers to host analytics and security telemetry under European operational control. This partnership lets DT offer managed SecOps and trusted AI controls at scale—outpacing carriers that offer security as an add-on rather than a sovereign, integrated managed service.","This solution brings the Palo Alto Networks Cortex AI-driven SecOps platform to Europe's most regulated industries, with data sovereignty controls independently governed by Deutsche Telekom.",2026-08-24T01:31:41.0716195,press_release
588,https://telefonicatech.com/en/news/sovereign-cloud-telefonica-google-cloud,Telefónica Tech - News,Telefónica and Google Cloud Partner to Deliver Sovereign Cloud Solutions for Spanish Organizations,5/28/2026,Public sector,Spain,"Telefónica Tech and Google Cloud launched a sovereign cloud offering in Spain that extends Google Cloud's Madrid region capabilities while Telefónica manages sovereignty controls, key management, and compliance. The partnership targets regulated industries and public administrations with Data Boundary features and local operational controls. This joint model gives Telefónica a fast route to hyperscale capabilities while retaining data governance, allowing it to compete more effectively with operators that lack hyperscaler partnerships.","Telefónica, through its digital business unit Telefónica Tech, and Google Cloud today announced a strategic partnership to deliver a new sovereign cloud offering enabling Spanish public administrations and private companies.",2026-08-24T01:31:42.4699014,news
589,https://www.businesswire.com/news/home/20260204057385/en/ATT-AWS-and-Amazon-Leo-Collaborate-to-Accelerate-Modernization-of-Nations-Connectivity-Infrastructure,Business Wire (AT&T/AWS press release),"AT&T, AWS and Amazon Leo collaborate to accelerate modernization of nation's connectivity infrastructure",2/4/2026,Logistics & Transport,United States,"A joint AT&T–AWS–Amazon Leo initiative describes migrating AT&T workloads to AWS, deploying high-capacity fiber linkages to data centers, and integrating cloud-native AI tools. The program emphasises connective infrastructure modernization to unlock scalable cloud and AI services for US enterprises. By committing operational migration and network-to-cloud integration, AT&T accelerates cloud transformation of telco services relative to carriers with more incremental cloud strategies.","New strategic agreements include migrating AT&T workloads to AWS, high-capacity fiber connectivity for data centers, and working with Amazon Leo to extend AT&T networks...",2026-08-24T01:31:44.3658254,press_release
590,https://techcentral.co.za/mtn-to-turn-its-african-towers-into-an-ai-inference-grid/281581/,TechCentral (South Africa),MTN to turn its African towers into an AI inference grid,5/3/2026,Energy & Utilities,South Africa,"MTN revealed plans to install GPUs at selected tower sites and invest in distributed AI data centres to create an inference grid across African markets. The design aims to localise inference, reduce cross-border data movement, and enable low-latency AI services for local enterprise and government customers. By repurposing tower real estate for AI compute and pairing it with cloud-native management, MTN is rapidly building differentiated AI infrastructure ahead of operators that focus solely on connectivity.","MTN Group will install GPUs at its African towers to build a distributed AI inference grid, while also investing in AI data centres.",2026-08-24T01:31:45.8753989,news
591,https://www.mtn.com/mtn-to-champion-africas-digital-and-ai-readiness-at-mwc-barcelona-2026/,MTN Group - News,MTN to champion Africa’s digital and AI readiness at MWC Barcelona 2026,2/24/2026,Finance,Global,"MTN's MWC 2026 briefing outlined a strategy to transition from telecom services to a technology platform, emphasising AI-powered services, fintech expansion, and home connectivity improvements. The focus on platformisation, AI-enabled products, and local data centres shows MTN seeking to outpace telco peers in capturing digital service revenue beyond connectivity. The move indicates rapid productisation of AI and cloud offerings for African enterprises.","MTN will participate in MWC Barcelona 2026 ... engaging on how Africa’s digital future is being built, and the practical collaboration required to ensure the AI era broadens opportunity.",2026-08-24T01:31:47.3447959,news
592,https://www.telecomrevieweurope.com/articles/telecom-operators/telefonica-and-google-cloud-partner-on-sovereign-cloud/,Telecom Review Europe,Telefónica and Google Cloud partner on sovereign cloud,5/28/2026,Public sector,Spain,"Tech press coverage explains the Telefónica–Google Cloud sovereign cloud partnership, noting Telefónica Tech will manage controls and operate sovereignty tooling while leveraging Google's Madrid region. The offering targets Spanish public administrations and regulated industries with encryption, key management and local operations. This partnership model accelerates Telefónica’s market capability versus legacy-only cloud builds by combining hyperscaler infrastructure and telco-managed sovereignty.","Through the agreement, Telefónica Tech ... and Google Cloud will offer a new sovereign cloud solution designed to help public administrations and private companies maintain greater control over their data.",2026-08-24T01:31:49.0738696,news
593,https://www.telecoms.com/public-cloud/vodafone-signs-german-sovereign-cloud-deal-with-aws,telecoms.com,Vodafone signs German sovereign cloud deal with AWS,5/11/2026,Public sector,Germany,"Independent telecom press covered Vodafone's multi-year collaboration with AWS to provide European sovereign cloud services in Germany, underlining the integration of Vodafone's managed migration, Skaylink expertise, and AWS European Sovereign Cloud. The story highlights how operator–hyperscaler alliances can rapidly deliver sovereign cloud services to regulated customers, enabling Vodafone to move faster than rivals without equivalent hyperscaler ties.",Vodafone is beefing up its sovereign cloud services for German businesses and public authorities courtesy of a new deal with Amazon Web Services (AWS).,2026-08-24T01:31:50.8229564,news
594,https://convergedigest.com/vodafone-and-aws-expand-sovereign-cloud-services-for-germany/,Converge! Network Digest,Vodafone and AWS expand sovereign cloud services for Germany,5/11/2026,IT and services,Germany,"Converge! describes Vodafone's expansion of sovereign cloud capabilities via AWS’s European Sovereign Cloud, noting the combination of connectivity, security, and cloud migration support. The piece emphasises Vodafone's acquisition of cloud specialists and its end-to-end support proposition that competes strongly with operators offering only basic hosting or connectivity. This bundled approach accelerates customer migrations to compliant cloud environments.","The partnership centers on the AWS European Sovereign Cloud, which will keep all customer data stored, processed, managed, and operated entirely within the European Union...",2026-08-24T01:31:52.6504065,news
595,https://www.telecomrevieweurope.com/articles/telecom-operators/vodafone-strengthens-sovereign-cloud-push-in-germany-with-aws-partnership/,Telecom Review Europe,Vodafone strengthens sovereign cloud push in Germany with AWS partnership,5/11/2026,IT and services,Germany,Analysis highlights Vodafone’s strategy to combine AWS sovereign infrastructure with its cloud migration services and security portfolio to serve German enterprises and authorities. The article explains that the partnership fast-tracks Vodafone’s sovereign cloud capability and broadens its managed services pipeline. This gives Vodafone an execution advantage over carriers without deep hyperscaler collaborations.,"Through our collaboration with Vodafone, the performance of the AWS European Sovereign Cloud is combined with Vodafone’s extensive expertise...",2026-08-24T01:31:54.2218285,news
596,https://www.telecomtechnews.com/news/verizon-deploys-ericsson-private-5g-edge-networks-worldwide/,Telecoms Tech News,Verizon deploys Ericsson private 5G edge networks worldwide,6/16/2026,Manufacturing & Industry,Global,"Although the headline references private networks, the article also describes Verizon’s parallel investment in edge compute and cloud orchestration for enterprise workloads (MEC and private edge). Verizon is positioning integrated edge-cloud orchestration and managed cloud services for enterprise customers. By commercialising edge compute alongside cloud orchestration, Verizon advances an enterprise cloud+compute proposition faster than carriers focusing only on core connectivity.",Verizon has expanded its private 5G alliance with Ericsson to deliver localised edge computing and cloud orchestration to global enterprises.,2026-08-24T01:31:55.9935698,news
597,https://verizonbusiness.github.io/cloud-solutions.html,Verizon Business - Cloud Solutions (Documentation),Cloud Solutions — Verizon Business,4/5/2026,IT and services,United States,"Verizon Business details managed hybrid and multi-cloud offerings integrating AWS, Azure and Google Cloud with Verizon private cloud, Cloud Connect and security services. The page emphasises end-to-end migration, FinOps optimisation, and integrated connectivity that helps enterprises run cloud-native workloads with carrier-supplied security and managed operations. Verizon’s packaged multi-cloud and managed services present an execution model that can outpace telcos that offer siloed connectivity-only products.","Managed & Hybrid Cloud Built on Enterprise Backbone ... combines managed public cloud on AWS, Microsoft Azure, and Google Cloud with private cloud, hybrid and multi-cloud connectivity...",2026-08-24T01:31:57.5127610,news
598,https://www.berec.europa.eu/en/system/files/2025-12/BEREC-Work-Programme-2026.pdf,BEREC - Work Programme 2026,BEREC Work Programme 2026,1/10/2026,Public sector,Europe,"BEREC's 2026 work programme signals regulator focus on digital infrastructure topics including cloud-based network infrastructure, data centres, CDNs and the competition dynamics of AI. The programme explicitly highlights guidance and reports on AI’s impact on internet openness and market competition, creating an environment where sovereign cloud and regulated cloud services become strategic. This regulatory attention accelerates opportunities for operators that rapidly deploy compliant sovereign cloud solutions.","BEREC will continue to examine the development of relevant digital infrastructures and services such as cloud-based network infrastructure, data centres, data processing services or content delivery networks (CDNs).",2026-08-24T01:31:58.9577579,regulation
599,https://www.ofcom.org.uk/government-publications/ofcom-growth-goals-2026-to-2027/ofcom-growth-goals-2026-to-2027,Ofcom (UK) - Growth Goals 2026 to 2027,Ofcom growth goals: 2026 to 2027,6/30/2026,Public sector,United Kingdom,"Ofcom’s growth goals and related consultations in 2026 incorporate active workstreams on AI’s impact on broadband and telecom services and signal future regulatory steps on digital markets and cloud service oversight. The regulator plans publications on AI adoption’s effects and potential regulatory changes in the latter half of 2026. These regulatory moves favour telcos that can rapidly align cloud and AI services with emerging obligations, granting first-movers a competitive advantage.","Ofcom will develop a greater understanding of how residential and business customers, telecoms providers and third-party applications in the telecoms value chain are currently using AI tools and technologies...",2026-08-24T01:31:59.9824649,regulation
600,https://www.rcrwireless.com/20260227/network-infrastructure/lumen-ai-corridors,RCR Wireless,“The dark days are over” — Lumen races along new ‘AI corridors’,2/27/2026,IT and services,United States,"RCR Wireless describes Lumen’s 2026 repositioning toward AI-focused connectivity, highlighting rapid fiber expansions, dense metro edge buildouts and partnerships to link enterprise AI compute (GPUs) to their fiber footprint. The article positions Lumen as accelerating beyond legacy carrier models by converting connectivity assets into AI infrastructure corridors and offering cloud/edge integration services that shorten data paths for large AI workloads.",Lumen has re-emerged with a radically simplified strategy…claim to be critical infrastructure for the AI economy — shifting from connecting offices to connecting data centres and GPUs.,2026-08-24T01:44:18.2723933,news
601,https://www.telekom.com/en/media/media-information/archive/university-of-hanover-on-industrial-ai-cloud-1099504,Deutsche Telekom (media information),European sovereignty: Telekom trains the language model — AI factory for SOOFI,3/1/2026,Automotive & Mobility,Germany,"Deutsche Telekom detailed the opening of an AI factory hosting ~130 NVIDIA DGX B200 systems (~1,000+ GPUs) to train the European language model SOOFI from March 2026, highlighting data centre interconnect, automated migration and strict data-protection controls. This is a concrete sovereignty/LLM hosting deployment showing DT building high-performance AI cloud capabilities internally and via research partnerships faster than operators without dedicated AI compute farms.","Starting in March 2026, a network of around 130 NVIDIA DGX B200 systems with a total of over 1,000 GPUs will be operated exclusively for the European language model SOOFI.",2026-08-24T01:44:20.0349367,press_release
602,https://inform.tmforum.org/features-and-opinion/lumen-outlines-ai-connectivity-strategy,TM Forum Inform,Lumen outlines AI connectivity strategy,3/10/2026,Logistics & Transport,Global,"Interview and analysis on Lumen’s shift to provide AI-optimized connectivity and edge-cloud services, combining fiber, metro infrastructure and cloud partners to accelerate enterprise AI deployment. The article highlights Lumen’s faster execution of cloud-edge integration and commercial packaging that outmaneuvers carriers still constrained by legacy OSS/BSS and siloed product lines.","Lumen’s plans to build a telco for the AI era are unfolding… to be 'the trusted network for AI' by integrating fiber, edge and cloud partnerships.",2026-08-24T01:44:21.9134725,news
603,https://voip.review/2026/05/18/vodafone-partners-build-europes-edge-cloud-ai-iot/,VoIP Review,"Vodafone and Partners Build Europe’s Edge-Cloud for AI, IoT",5/18/2026,Logistics & Transport,Europe,"VoIP Review reported on Vodafone-led collaborative edge-cloud projects creating a home-grown platform for AI and IoT workloads across Europe, emphasizing compliance, low-latency services, and cross-operator orchestration. The initiative demonstrates a coordinated deployment of cloud-native edge services that several operators are executing faster than carriers that have not committed to cross-operator federation.",A collaborative edge-cloud platform to support sovereign AI and IoT workloads in Europe... ensuring compliance with regional data jurisdiction requirements.,2026-08-24T01:44:24.0922549,news
604,https://www.telefonica.com/en/communication-room/blog/state-digital-communications-2026-tech-sovereignty-matters/,Telefónica (official blog),State of Digital Communications 2026: Why tech sovereignty matters,3/12/2026,Energy & Utilities,Spain,Telefónica’s 2026 report emphasizes European digital sovereignty and details its EURO-3C initiative to build federated sovereign cloud and neutral compute infrastructure across partners. Telefónica is spearheading federated cloud/edge projects and automation of migration and governance—showing a strategic roadmap to outpace carriers that have not unified cloud modernization and sovereignty offerings.,Connect Europe presented the State of Digital Communications 2026 report... competitiveness of the European telecommunications sector and ability to strengthen technological sovereignty.,2026-08-24T01:44:25.6122684,news
605,https://www.telefonica.com/en/communication-room/blog/euro-3c-european-digital-sovereignty/,Telefónica (official blog),EURO-3C: towards European digital sovereignty,3/3/2026,IT and services,Spain,"Telefónica presented EURO-3C at MWC 2026: a pan-European project to create federated cloud/edge and sovereign compute capabilities across carriers, cloud vendors and research bodies. The article highlights Telefónica’s leadership in building federated cloud infrastructures and governance frameworks that accelerate sovereign LLM hosting and enterprise migration—areas where some incumbents lag in execution.","EURO-3C project presented... a pan-European initiative led by Telefónica together with carriers, cloud and equipment providers... to strengthen the continent’s digital capabilities.",2026-08-24T01:44:26.5852718,news
606,https://www.hfsresearch.com/research/telco-sovereignty-ai-mwc/,HFS Research,"Autonomous telco, sovereignty, and “AI everywhere” led the agenda at MWC 2026",3/25/2026,Industry,Global,"HFS Research’s MWC 2026 wrap highlights telcos moving into sovereign cloud, agentic AI and autonomous operations, with operators like Telefónica, Vodafone and Deutsche Telekom articulating fast-moving strategies. The report notes these operators are executing cloud-native modernization, trusted AI and sovereignty projects more proactively than carriers that remain in legacy operational modes.",Rising sovereignty expectations and geopolitical pressure are colliding with the push to scale agentic AI and find new monetization paths.,2026-08-24T01:44:28.1938523,analyst_report
607,https://tbri.com/special-reports/agentic-ai-sovereignty-resiliency-trust-and-governance-permeate-mobile-world-congress-2026/,TBR (Technology Business Research),"Agentic AI, Sovereignty, Resiliency, Trust and Governance Permeate MWC 2026",3/12/2026,Finance,Global,"TBR’s analysis of MWC 2026 emphasizes a structural shift where operators invest in sovereign clouds, governance, and AI factories. It profiles carriers that are rapidly rolling out cloud/AI infrastructure, indicating a competitive gap with legacy operators focusing on incremental network upgrades rather than integrated cloud-and-AI services.","AI was the overarching topic at MWC26... sovereignty, resiliency, trust and governance permeated conversations throughout the event.",2026-08-24T01:44:29.9375238,analyst_report
608,https://www.vodafonethree.com/vodafone-business-cosine-coalition-sovereign-frontier-ai-model/,Vodafone Business (Vodafone Three site),Vodafone Business supports first UK sovereign frontier AI model,7/15/2026,Healthcare & Life Sciences,United Kingdom,"Vodafone Business announced support for a UK sovereign frontier AI model initiative in mid-2026, offering secure digital infrastructure and managed AI expertise. This demonstrates Vodafone’s concrete steps to operationalize sovereign AI models for enterprise/government uses, moving faster into LLM hosting and governance than carriers without such government-collaborative projects.",Vodafone Business will explore opportunities to contribute expertise in secure digital infrastructure... to accelerate sovereign AI capabilities across the UK.,2026-08-24T01:44:31.7205067,news
609,https://www.ukindustrywire.com/en/articles/vodafone-joins-uk-sovereign-ai-coalition-lumen-sovereign,UK Industry Wire,Vodafone joins UK sovereign AI coalition (Lumen Sovereign),7/24/2026,IT and services,United Kingdom,Industry coverage noted Vodafone Business signing an MoU to join the Lumen Sovereign coalition co-designed to build the UK's first locally trained frontier AI model. The move highlights cross-operator and cross-provider coalition-building that accelerates sovereign AI capabilities ahead of operators who have not formed similar strategic alliances.,"In July 2026, Vodafone Business officially signed an MoU to join the coalition co-designing Lumen Sovereign, the British sovereign frontier AI initiative.",2026-08-24T01:44:32.8505309,news
610,https://cloudlatitude.com/insights/article/the-2026-cloud-landscape-ai-infrastructure-sovereignty-and-the-new-race-for-efficiency/,Cloud Latitude,"The 2026 cloud landscape: AI infrastructure, sovereignty, and the new race for efficiency",2/24/2026,IT and services,Global,"Cloud Latitude’s February 2026 analysis maps the competitive landscape where telcos, hyperscalers and cloud-native players are investing in AI compute, hybrid/neo-cloud models and sovereignty. The report points to telcos like Telefónica and Lumen moving from connectivity to cloud-native service models—outpacing legacy carriers still anchored to older OSS/packaging.",AI infrastructure dominates strategy: Hyperscalers are investing billions to scale AI compute capacity... Edge becomes essential and sovereign cloud rises as a strategic opportunity.,2026-08-24T01:44:33.9650373,news
611,https://futurumgroup.com/insights/lumen-technologies-q2-fy-2026-ai-era-connectivity-drives-strategic-shift/,Futurum Research,Lumen Technologies Q2 FY 2026 – AI era connectivity drives strategic shift,7/10/2026,Retail,United States,"Futurum’s earnings analysis highlights Lumen’s Q2 2026 results and strategy execution: NaaS uptake, Alkira integration and positioning for AI workloads. Analysts note Lumen’s faster commercialization of cloud-edge connectivity and multi-cloud gateways compared with legacy carriers that lack native cloud orchestration and AI-specific commercial offerings.","Lumen’s Q2 FY 2026 earnings show strategic focus on AI networking, NaaS adoption and Alkira integration to connect edge/compute and cloud.",2026-08-24T01:44:35.1720747,analyst_report
612,https://www.telecomdrive.com/bt-group-moves-from-mainframes-to-the-cloud-with-kyndryl/,TelecomDrive,BT Group moves from mainframes to the cloud with Kyndryl,1/15/2026,IT and services,United Kingdom,"TelecomDrive reviewed BT’s ongoing mainframe-to-cloud migration program with Kyndryl, detailing cost, energy and modernization goals to 2026. The article shows BT actively modernizing legacy estate via cloud rehosting, refactoring and automation—practical legacy modernization modules that position BT to offer modern cloud-enabled services beyond pure connectivity.",A ten-year partnership with Kyndryl will allow BT to move critical legacy applications to the cloud and reduce mainframe operating costs and energy consumption.,2026-08-24T01:44:36.1615404,news
613,https://www.amdocs.com/press-release/lumen-extends-multi-cloud-strategy-amdocs-modernizing-enterprise-service,Amdocs Press Release,"Lumen Extends Multi-Cloud Strategy with Amdocs, Modernizing Enterprise Service Orchestration",8/5/2026,IT and services,United States,"Amdocs announced an expanded collaboration to modernize Lumen’s enterprise service orchestration and billing platforms on public cloud (including AWS and Azure). The program accelerates legacy-to-cloud migrations using automated migration tooling and an 'agentic' orchestration layer to reduce operational fragmentation and enable faster service launches, demonstrating a pathway for operators to modernize legacy OSS/BSS stacks quicker than traditional, slower migrations.","aOS, Amdocs’ agentic operating system for telco, will help modernize Lumen’s enterprise service orchestration and order management platform on AWS, accelerating service innovation.",2026-08-24T01:47:29.8799897,press_release
614,https://www.mtn.com/mtns-2026-global-leadership-gathering-kicks-off/,MTN Group - Newsroom,MTN’s 2026 Global Leadership Gathering Kicks Off,2/3/2026,Industry,South Africa,"MTN's 2026 leadership gathering articulated a '3 Platforms' strategy with explicit focus on cloud, fintech and enterprise digital platforms; the public messaging emphasized accelerating sovereign cloud capabilities, localized data platforms and AI-native services to monetize regional data, signaling a more aggressive push into cloud-native services that can outpace legacy carrier offers in African markets.","MTN Group kicked off its annual Global Leadership Gathering (GLG) – themed “3 Platforms, One MTN” – convening more than 400 senior leaders from across the Group’s markets.",2026-08-24T01:47:31.0831272,press_release
615,https://www.sdxcentral.com/news/deutsche-telekom-expands-public-cloud-in-line-with-eu-sovereignty-demands/,SDxCentral,Deutsche Telekom expands public cloud in line with EU sovereignty demands,2/4/2026,IT and services,Germany,"SDxCentral reports Deutsche Telekom's T Cloud Public expansion as a sovereignty-driven response to EU policy, including automated migration tools and enterprise AI capabilities. Analysts position this as a strategic modernization play enabling DT to capture regulated enterprise workloads — a competitive vector where DT is accelerating capability deployment relative to legacy carriers slower to invest in sovereign cloud stacks.","T Cloud Public represents Europe's latest salvo against the hyperscalers, expanding its offering to meet EU data sovereignty and enterprise AI needs.",2026-08-24T01:47:32.8703613,news
616,https://www.cxtoday.com/security-privacy-compliance/vodafone-business-and-google-cloud-launch-ai-and-cybersecurity-tools-for-smbs-as-cyber-risks-rise/,CX Today,Vodafone Business and Google Cloud launch AI and cybersecurity tools for SMBs as cyber risks rise,4/22/2026,Retail,Germany,"CX Today covers Vodafone/Google Cloud's launch of cloud-native MDR and AI concierge tools, noting phased rollout starting in Germany and Greece and an explicit emphasis on cloud-native security orchestration. The partnership demonstrates how an operator can leverage hyperscaler security services to scale managed security faster than relying on build-only approaches.","The launch centers on Vodafone’s cloud-native MDR solution, powered by Google Cloud’s Security Operations.",2026-08-24T01:47:34.5395292,news
617,https://www.berec.europa.eu/system/files/2025-12/BoR%20%2825%29%20189_BEREC%20Strategy%202026%20%E2%80%93%202030.pdf,BEREC,BEREC strategy 2026 – 2030,1/15/2026,IT and services,Global,"BEREC published its 2026–2030 strategy that emphasizes regulatory focus on digital infrastructure resilience, cloud interconnection and cross-border interoperability. The strategy indicates regulators will prioritize frameworks that favor operators and cloud providers who implement strong data governance and interoperable cloud services, which benefits competitors rapidly aligning to new regulatory expectations over slower-moving incumbents.",This document sets out BEREC’s strategy for 2026 – 2030 providing guidance to organize and prioritize its work towards clearly defined objectives.,2026-08-24T01:47:35.6957165,regulation
618,https://www.techbuzz.ai/articles/deutsche-telekom-nvidia-launch-europe-s-first-industrial-ai-cloud,TechBuzz AI,"Deutsche Telekom, NVIDIA Launch Europe's First Industrial AI Cloud",1/18/2026,Automotive & Mobility,Germany,"Reports on DT and NVIDIA's industrial AI cloud aimed at manufacturing and complex supply-chain verticals, offering GPU-scale compute and certified data governance. This illustrates a vendor-operator alliance delivering specialized industrial AI stacks and localized GPU capacity, enabling sector-specific AI deployments more rapidly than carriers without direct hyperscaler/accelerator partnerships.","Deutsche Telekom and NVIDIA just dropped a bombshell ... unveiling the world's first Industrial AI Cloud - a sovereign, enterprise-grade platform set to transform Germany's manufacturing landscape.",2026-08-24T01:47:37.3529500,news
619,https://commission.europa.eu/document/download/2ad80a48-166f-4c77-a513-80c53ca2a128_en?filename=Cloud+Sovereignty+Framework+-+Implementation+guidance.pdf,European Commission - Cloud Sovereignty Framework (Implementation guidance),Cloud Sovereignty Framework - Implementation guidance,6/1/2026,IT and services,Global,"The Commission published detailed implementation guidance for its Cloud Sovereignty Framework, enumerating assessment criteria and SEAL assurance levels used in sovereign procurement. This document is a practical regulatory instrument that accelerates market opportunities for operators and cloud providers that can demonstrate local control, enabling those competitors to capture regulated workloads more effectively than carriers without aligned compliance and tooling.",The Framework lays out criteria used to evaluate the sovereignty of the providers that applied to ... and introduces five Sovereignty Effectiveness Assurance levels (SEAL 0–4).,2026-08-24T01:47:38.9264263,regulation
620,https://www.datacenterknowledge.com/cloud/key-cloud-trends-that-i-o-leaders-should-leverage-in-2026,Data Center Knowledge,Key Cloud Trends That I&O Leaders Should Leverage in 2026,1/18/2026,IT and services,Global,"An early-2026 analysis of cloud trends highlighting distributed infrastructure, geopolitical risks, sovereign clouds, and the operational impact of generative AI. It documents how competitors (telcos and hyperscalers) accelerate market capture by offering sovereign cloud enclaves, AI-ready platforms, and modernized cloud MVP migration frameworks that outpace traditional carrier architectures.","By leveraging these trends, I&O leaders can enhance flexibility, resilience, and innovation while addressing challenges like geopolitical risks, distributed infrastructure, and the growing impact of generative AI.",2026-08-24T01:49:42.8415963,news
621,https://www.telekom.com/en/media/media-information/archive/ai-sovereignty-for-germany-and-europe-1098708,Deutsche Telekom (press),AI sovereignty for Germany and Europe: Deutsche Telekom builds Industrial AI Cloud (AI factory),3/2/2026,Industry,Germany,"Deutsche Telekom announced an 'AI factory' industrial cloud in Munich available Q1 2026, targeting European LLM training and industrial AI workloads with localized data protection controls and large GPU clusters. The deployment demonstrates a competitor executing sovereign AI infrastructure and LLM hosting inside European data boundaries — a capability that can attract enterprise and public-sector customers away from legacy carrier offerings.",The AI data center will start operations in the first quarter of 2026... companies will be able to book and use the computing power of the 'AI factory' as needed.,2026-08-24T01:49:43.9243260,press_release
622,https://www.fastwebvodafone.it/area-media/comunicati-stampa/fastweb-vodafone-lancia-fastcloud-open-source-la-nuova-architettura-cloud-sovrana-per-imprese-e-pa/?lng=EN,Fastweb + Vodafone (press),"Fastweb + Vodafone launches FASTCloud Open Source, the new sovereign cloud architecture for businesses and Public Administration",6/10/2026,Public sector,Italy,"Fastweb and Vodafone jointly launched an OpenStack-based FASTCloud Open Source sovereign cloud for enterprises and public administrations in June 2026, explicitly designed to prevent vendor lock-in and meet upcoming European regulatory expectations. The joint rollout demonstrates a telco-hyperscaler alternative that can win public contracts through sovereign, open cloud architectures more quickly than slower legacy carrier transformations.","The new OpenStack-based cloud computing solution is now available, anticipating the principles of the European Cloud and AI Development Act to strengthen the technological autonomy of businesses and Public Administration.",2026-08-24T01:49:45.3437799,press_release
623,https://article.wn.com/view/2026/05/07/Vodafone_Strengthens_Cloud_Services_in_Germany_with_European/,World News aggregator (reporting Vodafone-AWS cooperation),Vodafone Strengthens Cloud Services in Germany with European Sovereign Cloud from AWS,5/7/2026,Energy & Utilities,Germany,Coverage of Vodafone's May 2026 agreement with AWS to deliver European sovereign cloud services for German businesses and public authorities. This partnership positions Vodafone to quickly offer managed sovereign cloud stacks in-region — accelerating go-to-market versus carriers not partnered with hyperscalers for sovereign workloads.,"All data is stored, operated, managed and controlled within Europe... supports Vodafone’s strategy to deliver strong European cloud and ...",2026-08-24T01:49:46.6246925,news
624,https://www.t-systems.com/de/en/insights/newsroom/news/progress-happens-where-ai-and-sovereignty-come-together-1160650,T-Systems (Deutsche Telekom unit),“Progress happens where AI and sovereignty come together”,4/22/2026,Automotive & Mobility,Germany,T-Systems describes European-focused AI offerings (T Cloud Public) and operational sovereignty frameworks that keep sensitive workloads in-country. It highlights productized offerings enabling regulated sectors to adopt LLMs and cloud-native microservices under EU data rules — demonstrating a competitive edge against carriers with less mature sovereign service portfolios.,"Companies and public authorities retain full control over their data, ensuring it is processed in accordance with European regulations.",2026-08-24T01:49:47.6990672,news
625,https://www.csoonline.com/podcast/4206283/cloud-security-at-a-breaking-point-ai-complexity-and-the-future-of-trust.html,CSO Online,"Cloud Security at a Breaking Point: AI, Complexity, and the Future of Trust",8/10/2026,Finance,Global,"A mid-2026 CSO Online podcast and analysis on how AI adoption is stressing cloud security models and shared responsibility, showing how vendors and leading telco competitors are implementing agentic IAM and micro-SOC approaches to manage non-human identities and AI agents — moves that accelerate secure cloud adoption compared to slower legacy operator security processes.","Why shared responsibility models still create dangerous accountability gaps, and how AI adoption is exposing weaknesses in identity, trust, and risk management.",2026-08-24T01:49:49.2040018,news
626,https://www.csoonline.com/article/4204921/the-top-new-cybersecurity-products-at-black-hat-usa-2026.html,CSO Online,The top new cybersecurity products at Black Hat USA 2026,8/4/2026,Healthcare & Life Sciences,United States,"Event coverage from Black Hat 2026 showcasing AI-driven autonomous security operations, exposure management, and micro-SOC automation platforms released by vendors. The report indicates how cloud and security platform specialists (and telco competitors partnering with them) are adopting autonomous security tooling faster than legacy carrier SOC modernization programs.","AI agents dominated this year’s show floor... vendors also unveiled new capabilities for exposure management, cyber resilience, threat intelligence, and autonomous security operations.",2026-08-24T01:49:50.7238249,news
627,https://www.datacenterknowledge.com/automation/data-center-automation-what-s-new-and-what-works,Data Center Knowledge,Data Center Automation: What’s New and What Works in 2026,6/15/2026,Logistics & Transport,Global,"A mid-2026 feature on practical automation for data centers covering predictive power, cooling, security and operations orchestration. The piece documents how competitors deploy granular automation and orchestration (including cloud-native microservices and AI-driven ops) to reduce time-to-market for new cloud services relative to traditional telco operational models.","Automation is becoming more granular, predictive, and integrated, enabling operators to manage core functions in ways that weren’t practical before.",2026-08-24T01:49:52.1517567,news
628,https://www.capgemini.com/wp-content/uploads/2026/04/09-04-2026-CFT11_Joakim-Reiter-Vodafone-v2.pdf,Capgemini (digital sovereignty briefing / event PDF),"Digital Sovereignty — Joakim Reiter (Vodafone) — April 9, 2026",4/9/2026,Energy & Utilities,Global,"Capgemini-hosted briefing PDF including Vodafone executive discussion on layered digital sovereignty — data, operational and technology sovereignty. The material outlines how operators leveraging partnerships and cloud MVP modernization frameworks are better placed to capture regulated enterprise workloads than slower-moving legacy carriers.","The debate around sovereignty has matured considerably...we’ve developed a framework that distinguishes between three layers: data sovereignty, operational sovereignty, and technology sovereignty.",2026-08-24T01:49:53.6820261,news
638,https://www.telekom.com/en/media/media-information/archive/launch-industrial-ai-cloud-with-nvidia-1098706,Deutsche Telekom - Media Information,For a sovereign Germany: Deutsche Telekom launches Industrial AI Cloud with NVIDIA,1/11/2026,Industry,Germany,"Deutsche Telekom and NVIDIA launched the Industrial AI Cloud — a sovereign, enterprise-grade AI cloud for Germany and Europe — promising onshore high-performance compute for industrial LLMs and AI workloads. The project emphasises data-sovereign hosting and a partner ecosystem to speed customers’ migration off fragmented legacy systems into centralized sovereign cloud environments, outpacing carriers that have not implemented similar dedicated onshore AI compute stacks.","The Industrial AI Cloud provides the sovereign, high-performance AI infrastructure that Europe needs to capture this opportunity and lead the next era of industrial innovation.",2026-08-26T09:54:25.6662394,
639,https://www.nvidia.com/en-us/blog/germany-industrial-ai-cloud-launch/,NVIDIA Blog,Deutsche Telekom and NVIDIA Launch Industrial AI Cloud — a New Era for Industrial AI,11/4/2025,Industry,Germany,"NVIDIA's blog documents the Deutsche Telekom Industrial AI Cloud partnership, detailing how GPU-accelerated infrastructure and Omniverse enable industrial digital twins and large-scale AI workloads. The vendor perspective underscores the technical basis for sovereign AI services and how the collaboration delivers capabilities (GPU pools, orchestration, partner integrations) that accelerate customers’ migration from legacy systems into cloud-native AI platforms.","In Berlin... Deutsche Telekom and NVIDIA unveiled the world’s first Industrial AI Cloud, a sovereign, enterprise-grade platform set to go live in early 2026.",2026-08-26T09:54:26.5918204,
640,https://www.uctoday.com/unified-communications/bt-sovereign-cloud-uk-enterprise-portfolio/,UC Today,"BT UK Launches 'First Full Sovereign' Cloud, AI, and Voice Suite",4/23/2026,IT and services,United Kingdom,"Independent coverage of BT's launch of a UK-hosted sovereign digital services portfolio (cloud, voice, AI) describes a Rackspace-based private cloud, UK-based security-cleared operations, and sovereign AI capability. This positions BT as offering integrated onshore cloud and AI services aimed at regulated customers — a fast-to-market execution that competes with pan-European players and suggests BT can capture regulated workloads where Orange’s offerings may be less explicitly sovereign.","BT Sovereign Cloud... offers compute, storage, and backup, supported by UK-based, security-cleared operations teams and managed services covering migration and ongoing compliance.",2026-08-26T09:54:27.5001722,
641,https://news.europawire.eu/bt-launches-uks-first-full-sovereign-digital-services-portfolio-to-accelerate-secure-ai-and-cloud-adoption/eu-press-release/2026/04/23/15/23/14/174013/,EuropaWire (press wire syndication of BT announcement),BT launches the UK's first full sovereign digital services portfolio to accelerate secure AI and cloud adoption,4/23/2026,IT and services,United Kingdom,Press-wire release for BT’s sovereign suite reiterates the onshore private cloud and sovereign AI development with partners like Nscale and NVIDIA. The release frames BT's move as a capability to host AI workloads domestically with regulatory compliance — a strategic productization of cloud sovereignty that can win regulated customers faster than carriers without an equivalent end-to-end sovereign stack.,"BT Group has announced the launch of what it describes as the UK’s first fully integrated suite of sovereign digital services, offering organisations a comprehensive portfolio spanning connectivity, voice, cloud, and artificial intelligence.",2026-08-26T09:54:28.5763243,
642,https://techtrendske.co.ke/2026/08/24/mtn-momo-cloud-migration-african-fintech/,TechTrendsKE,MTN MoMo cloud migration reshapes African fintech,8/24/2026,Finance,Africa,"Coverage of MTN's MoMo migration to Ericsson Fintech Platform describes moving from legacy virtualised environments to a cloud-native fintech platform, delivering major performance improvements (lower CPU/database load, faster API responses). This operational migration shows MTN executing legacy-modernization 'Cloud MVP' style moves to centralise dispersed fintech backends into scalable cloud-native platforms faster than many legacy carriers.",The migration... moves MTN MoMo from a legacy virtualized environment to the Ericsson Fintech Platform’s cloud-native infrastructure... CPU processing overhead and database load have fallen by as much as 86%.,2026-08-26T09:54:30.6716698,
643,https://www.ofcom.org.uk/internet-based-services/cloud-services,Ofcom,Cloud services,8/12/2026,IT and services,United Kingdom,"Ofcom's cloud services page and recent updates reflect ongoing scrutiny of public cloud infrastructure markets and potential competition interventions. The regulator's active market study and references to CMA investigations create a regulatory environment that encourages sovereign and differentiated cloud offers from telcos and cloud providers — signalling opportunities for competitors who can rapidly deliver compliant, sovereign cloud stacks.",Ofcom has carried out a market study into the supply of cloud services in the UK to explore if these markets are working well and whether any regulatory action is required.,2026-08-26T09:54:31.7900733,
644,https://ec.europa.eu/commission/presscorner/api/files/document/print/en/ip_26_1187/IP_26_1187_EN.pdf,European Commission - Press Corner,Commission proposes tech sovereignty package to strengthen Europe's digital autonomy,6/3/2026,IT and services,Global,"The European Commission published a Tech Sovereignty package including measures (Chips Act 2.0 and a Cloud and AI Development Act) to bolster EU cloud and AI capacity. The framework accelerates funding, standards and certification for sovereign cloud services and LLM hosting within EU borders — creating policy tailwinds that competitors (DT, BT) are exploiting with onshore AI/cloud offerings, potentially outpacing operators lacking mapped sovereign ecosystems.","The European Commission today presented the European Technological Sovereignty Package, a set of measures to strengthen Europe's capacity in semiconductors, artificial intelligence (AI), cloud and open source.",2026-08-26T09:54:32.8652350,
645,https://interoperable-europe.ec.europa.eu/collection/eprocurement/news/ec-cloud-sovereignty-framework,Interoperable Europe Portal (European Commission),EC Cloud sovereignty framework,5/10/2026,IT and services,Global,"The portal summarises the Cloud Sovereignty Framework which defines assurance levels and scoring for cloud service sovereignty across legal, operational and technical domains. The framework provides concrete evaluation criteria that telcos and cloud providers can use to certify onshore LLM hosting and cloud services — favouring competitors who have already deployed demonstrably sovereign infrastructure.","The Cloud Sovereignty Framework defines the European Commission’s criteria, assurance levels (SEAL), and scoring methodology for assessing the sovereignty of cloud services.",2026-08-26T09:54:33.8896169,
646,https://hadea.ec.europa.eu/news/eu-funded-projects-building-europes-cloud-sovereignty-2026-06-17_en,European Commission - HADEA,EU-funded projects building Europe's cloud sovereignty,6/17/2026,IT and services,Europe,EU-funded projects description explains how Commission funding is being used to expand onshore cloud capacity and sovereign platforms. The write-up shows public backing and financing are accelerating cloud infrastructure rollouts and sovereign AI-ready compute — incentives that incumbents like Deutsche Telekom and BT have leveraged to deliver sovereign clouds faster than carriers without such targeted programs.,"The Cloud and AI Development Act (CADA) seeks to strengthen Europe's cloud and AI ecosystem by supporting innovation, expanding digital infrastructure capacity and establishing a common framework for cloud and AI sovereignty.",2026-08-26T09:54:35.2630964,
647,https://edorm.unaux.com/2026/08/22/ericsson-and-mtn-complete-momo-cloud-migration-across-four-african-markets/,Edorm (industry news aggregator),Ericsson And MTN Complete MoMo Cloud Migration Across Four African Markets,8/22/2026,Finance,Africa,"Industry reporting on Ericsson and MTN's completed migration of MTN MoMo to a cloud-native Ericsson Fintech Platform across multiple African markets, documenting operational metrics and scalability benefits. The piece highlights MTN's faster pivot to cloud-native fintech infrastructure compared with legacy carrier fintech stacks that remain tied to older virtualization and database architectures.",The upgraded infrastructure will provide a scalable foundation supporting MTN Group’s Ambition 2030 strategy and the expansion of digital financial services across Africa.,2026-08-26T09:54:36.1059008,
648,https://www.fierce-network.com/cloud/data-embassies-are-mtns-answer-digital-sovereignty-crisis,Fierce Network,Data embassies are MTN’s answer to the digital sovereignty crisis,6/21/2026,IT and services,South Africa,"MTN is advancing 'data embassies' — sovereign hosting islands and governance models — to keep AI and regulated data processing within national/legal boundaries. This approach lets MTN target regulated customers who require local-only compute and model hosting, enabling MTN to capture workloads that legacy pan?regional carriers like Orange may struggle to host under strict sovereignty constraints.","An MTN executive proposes the idea of ""data embassies"" ... Europe is scrambling to plot out its digital future after the U.S. recently revoked global access to certain Anthropic AI models.",2026-08-26T09:59:07.2038639,
649,https://newsroom.bt.com/,BT Group Newsroom,BT Group newsroom (press releases & updates),7/23/2026,IT and services,UK,"BT Group’s 2026 newsroom contains multiple operational wins and contracts where BT bundles cloud modernization, secure managed services, and application migration for large enterprises and critical national infrastructure. These press releases show BT executing large-scale cloud and application modernization deals that accelerate customer migrations off legacy stacks — an operational cadence that demonstrates faster commercialisation compared with slower incumbent modernization programs.",BT Business secures multi-million pound contract to enhance critical national infrastructure for Scottish Water ... It will see BT take end-to-end responsibility for Scottish Water’s extensive connectivity.,2026-08-26T09:59:08.7620214,
650,https://www.proximus.com/news/2026/202604-proximus-nxt-sovereign-cloud.html,Proximus Group,Proximus NXT selected as a sovereign cloud provider for European institutions,4/20/2026,IT and services,Belgium,"Proximus NXT launched a sovereign cloud offer combining air-gapped edge cloud, certified security stacks and partnerships (Mistral, Thales) to serve public institutions and regulated industries. The offering emphasises physical containment and European AI stacks, enabling Proximus to win sovereignty-sensitive workloads — an explicit go-to-market that captures customers prioritizing local control ahead of broader telco incumbents.","S3NS, the trusted sovereign cloud platform certified to the highest European security standards... Clarence ... providing a fully disconnected, air?gapped sovereign edge cloud with physical containment.",2026-08-26T09:59:11.1454059,
651,https://www.newswire.com/view/content/lumen-extends-multi-cloud-strategy-with-amdocs-modernizing-enterprise-service,Newswire (Lumen/Amdocs),"Lumen Extends Multi-Cloud Strategy with Amdocs, Modernizing Enterprise Services",8/3/2026,IT and services,USA,"Lumen expanded its multi-cloud modernization work with Amdocs to include AWS workloads, promoting cloud-first migrations and managed services that lift legacy telco applications into modern cloud-native architectures. The collaboration demonstrates Lumen's faster execution on legacy-to-cloud migrations and packaged cloud modernization frameworks compared with incumbents still relying on slower, bespoke transformations.",The expansion of our collaboration with Amdocs to include AWS workloads marks another important milestone in our cloud-first transformation journey.,2026-08-26T09:59:12.6378520,
652,https://live.euronext.com/en/products/equities/company-news/2026-06-02-lighton-launches-sovereign-saas-offering-simplify,Euronext Company News (LightOn),LightOn launches a sovereign SaaS offering to simplify enterprise integration of document AI,6/2/2026,IT and services,France,"LightOn introduced 'LightOn Console', a sovereign SaaS for document AI that provides an API to deploy models within European data boundaries. This product enables telecom and cloud providers to offer LLM-based services under strict sovereignty and compliance constraints, allowing partners to onboard sensitive workloads more quickly than legacy incumbents with slower productization cycles.",LightOn launches a sovereign SaaS offering to simplify enterprise integration of document AI ... provides organizations with an API that enables them to deploy a...,2026-08-26T09:59:13.8308147,
653,https://www.datacenterknowledge.com/business/mwc-2026-red-hat-telenor-team-up-for-sovereign-norway-ai-factory,DataCenterKnowledge,"MWC 2026: Red Hat, Telenor Team Up for Sovereign Norway AI Factory",3/1/2026,Industry,Norway,"Telenor and Red Hat announced an AI factory built on OpenShift AI and high-performance infrastructure to keep model training and data residency inside Norway. The project demonstrates a cloud-native, sovereign AI factory architecture that accelerates customer onboarding and ML operations — a faster, platform-oriented approach versus legacy migration methods used by slower incumbents.","Telenor is using Red Hat OpenShift AI as its primary environment for building, training, and running AI agents and applications... keeping data inside Norway.",2026-08-26T09:59:14.9075095,
654,https://www.ibm.com/new/product-blog/building-real-time-customer-experience-in-telecom-with-watsonx-data-on-google-cloud,IBM Product Blog,Building real-time customer experience in telecom with watsonx.data on Google Cloud,1/14/2026,IT and services,Global,IBM describes a telco case where a telecom modernized its data layer using watsonx.data and Astra DB on Google Cloud to enable real-time CX and analytics. The case details how applying governed data architectures and cloud-native services accelerates ML adoption and CX automation — an execution model where cloud-native managed data platforms outrun legacy carrier data stacks.,"The telecom modernized its data layer using watsonx.data, IBM’s open, governed data architecture, with Astra DB as the real-time operational data store.",2026-08-26T09:59:16.8768349,
655,https://www.telekom.com/en/company/details/industrial-ai-cloud-1100158,Deutsche Telekom (company page),Industrial AI Cloud — product and use cases,2/10/2026,Industry,Germany,"Deutsche Telekom’s Industrial AI Cloud materials describe a sovereign, high-performance cloud for industrial customers that integrates IT/OT data for real-time analytics and digital twins. The offering and partner ecosystem (NVIDIA, SAP) highlight how Deutsche Telekom operationalizes industrial AI faster than carriers lacking the same deep industrial partnerships and migration tooling.","The Industrial AI Cloud ... integrates IT and OT data, enables real-time analytics, and scales AI from edge to cloud.",2026-08-26T09:59:18.6561003,
656,https://www.acm.nl/en/publications/focus-areas-acms-oversight-over-digital-economy-2026,ACM (Netherlands regulator),Focus areas of ACM’s oversight over the digital economy in 2026,1/26/2026,IT and services,Netherlands,"The ACM’s 2026 oversight agenda explicitly includes digital resilience, user control over data and exploratory studies to stimulate the Dutch/European cloud sector and reduce dependence on a limited set of cloud providers. The regulator’s focus pressures telcos and cloud providers to accelerate sovereign, governed cloud offerings — benefiting competitors who have rapidly productized sovereign cloud stacks.","In 2026, ACM focuses on the digital resilience of the Netherlands and Europe, more control for users over their own data, and an accessible and safe online environment for everyone.",2026-08-26T09:59:20.9663480,
657,https://www.berec.europa.eu/en/all-documents/berec/reports/berec-report-on-cloud-and-edge-computing-services?language_content_entity=en,BEREC,BEREC Report on Cloud and Edge Computing Services,5/12/2026,IT and services,EU,BEREC’s 2026 report analyses cloud/edge interplay with electronic communications and explores migration of network functions and services to cloud/edge. The document encourages interoperability and governance frameworks that advantage operators and hyperscalers who provide integrated cloud+connectivity migration tooling — a trend where competitors are packaging cloud migration stacks faster than legacy carriers relying on incremental upgrades.,The report describes how cloud and electronic communications interplay from four different angles... the connectivity required for the provision of cloud and edge computing.,2026-08-26T09:59:22.7045183,
658,https://www.meritalk.com/articles/fedramp-finalizes-2026-cloud-authorization-rules/,MeriTalk,FedRAMP Finalizes 2026 Cloud Authorization Rules,6/25/2026,IT and services,USA,"FedRAMP’s 2026 consolidated rules clarify program requirements for federal cloud authorization and implementation guidance, tightening compliance for cloud providers serving US government workloads. The updated rules benefit providers with established accreditation pipelines and sovereign/cloud governance capabilities — enabling them to capture regulated workloads more quickly than carriers with less mature compliance processes.","The Federal Risk and Authorization Management Program (FedRAMP) on June 25 finalized its Consolidated Rules for 2026, giving agencies, cloud service providers, independent assessors, and advisors a single public reference for program requirements.",2026-08-26T09:59:24.6572781,
659,https://axis-intelligence.com/sovereign-cloud-statistics/,Axis Intelligence,Sovereign Cloud Statistics 2026: $80B Market & Key Data,7/10/2026,IT and services,Global,"Axis Intelligence summarises 2026 sovereign cloud market growth, citing an $80B IaaS market and sharp European growth driven by legislative moves. The analysis highlights how operators and regional cloud providers that rapidly productize sovereign cloud and AI hosting capture market share from traditional carriers that haven’t matched the speed of regulatory-aligned offerings.","Sovereign cloud IaaS spending hits $80B in 2026 (+36%). Europe up 83%, CLOUD Act driving shift.",2026-08-26T09:59:26.6163499,
660,https://www.proximus.com/news/2026/202605-microsoft-proximus-nxt-reinforce-strategic-partnership.html,Proximus Group (press release),Microsoft and Proximus NXT strengthen their strategic partnership to accelerate the deployment of sovereign cloud solutions,5/20/2026,Government,Belgium,"Proximus NXT and Microsoft reinforced a partnership to accelerate sovereign cloud deployment in Belgium and Luxembourg, combining Microsoft cloud technologies with Proximus NXT's local control and compliance. The collaboration speeds product availability for regulated customers and shows how operator+hyperscaler pairings can out-execute single-carrier approaches.",Microsoft and Proximus NXT are announcing a new milestone in their strategic partnership aimed at accelerating the development and deployment of sovereign cloud solutions in Belgium and Luxembourg.,2026-08-26T09:59:28.3213042,
661,https://www.datacenterknowledge.com/cloud/ampere-arms-european-cloud-footprint-with-new-deployments,DataCenterKnowledge,Ampere Expands European Cloud Amid Sovereign Cloud Demand,3/18/2026,IT and services,Global,"Ampere expanded instance availability across European cloud providers to serve AI inference and sovereign cloud demand, allowing regional clouds and telcos to spin up compliant, energy-efficient AI infrastructure quickly. This supply-side expansion allows regional players to outpace traditional carriers lacking ready compute infrastructure for model serving.","New AmpereOne-based cloud instances roll out across hyperscale and regional providers as AI inference demand, power constraints, and sovereign cloud requirements reshape Europe’s infrastructure strategy.",2026-08-26T09:59:30.6783481,
